"Select","Sicovam","Name","Reference","Underlying Reference","Swap Type","Trade Date","Expiry Date","Currency","Quantity","Fund","Book Name","Depositary","Broker","Counterparty","Business Event","Nominal","Fixing","Net Amount","Folio Path","Vol Strike","Start Date","Last Realized Date","Realized N","Realized Vol","Capped Realized Vol","Cap","Vol Cap","Notional","Initial Vega",
"true","70729277","VolSwpC AAPL UW@26.89(254) CS 1217","VoS AAPL@26.89 CS 1217","AAPL UW Equity","Volatility Swap","2017-12-15T00:00:00Z","2017-12-15T00:00:00Z","USD","-1","GEMM MASTER Fund","Global Basket Z17 CS","CS- OTC- GEMM","CREDIT SUISSE SECURITIES (EUROPE) LTD","CREDIT SUISSE SECURITIES (EUROPE) LTD","Expire","1250000","0","121085.37633399798","\Primary Funds\GEMM MASTER Fund\Strategies\EQ Volatility\Disp Vol Swaps\Global Basket Z17 CS","26.89","2016-12-13T00:00:00Z","2017-12-15T00:00:00Z","190","17.20316989328016","17.20316989328016","67.225","1807.68025","1250000","12500",
"false","70729278","VolSwpC AMZN UW@32.45(254) CS 1217","VoS AMZN@32.45 CS 1217","AMZN UW Equity","Volatility Swap","2017-12-15T00:00:00Z","2017-12-15T00:00:00Z","USD","-1","GEMM MASTER Fund","Global Basket Z17 CS","CS- OTC- GEMM","CREDIT SUISSE SECURITIES (EUROPE) LTD","CREDIT SUISSE SECURITIES (EUROPE) LTD","Expire","1250000","0","193974.86231575604","\Primary Funds\GEMM MASTER Fund\Strategies\EQ Volatility\Disp Vol Swaps\Global Basket Z17 CS","32.45","2016-12-13T00:00:00Z","2017-12-15T00:00:00Z","190","16.93201101473952","16.93201101473952","81.125","2632.5062500000004","1250000","12500",
"false","70729308","VolSwpC ASML NA@30.77(259) CS 1217","VoS ASML@30.77 CS 1217","ASML NA Equity","Volatility Swap","2017-12-15T00:00:00Z","2017-12-15T00:00:00Z","EUR","-1","GEMM MASTER Fund","Global Basket Z17 CS","CS- OTC- GEMM","CREDIT SUISSE SECURITIES (EUROPE) LTD","CREDIT SUISSE SECURITIES (EUROPE) LTD","Expire","1175000","0","142427.43011647405","\Primary Funds\GEMM MASTER Fund\Strategies\EQ Volatility\Disp Vol Swaps\Global Basket Z17 CS","30.77","2016-12-13T00:00:00Z","2017-12-15T00:00:00Z","194","18.648516585831995","18.648516585831995","76.925","2366.98225","1175000","11750",
"false","70732086","VolSwpC G IM@33.26(243) SG 1217","VoS G@33.26 SG 1217","G IM Equity","Volatility Swap","2017-12-15T00:00:00Z","2017-12-15T00:00:00Z","EUR","-1","GEMM MASTER Fund","SX5E Custom Z17 SG Jan-4th","SG-OTC-GEMM","SOCIETE GENERALE SA","SOCIETE GENERALE SA","Expire","2222200","0","265963.74895827076","\Primary Funds\GEMM MASTER Fund\Strategies\EQ Volatility\Disp Vol Swaps\SX5E Custom Z17 SG Jan-4th","33.26","2017-01-04T00:00:00Z","2017-12-15T00:00:00Z","178","21.291511611993933","21.291511611993933","83.15","2765.569","2222200","22222",
"false","70729279","VolSwpC BIDU UW@37.46(254) CS 1217","VoS BIDU@37.46 CS 1217","BIDU UW Equity","Volatility Swap","2017-12-15T00:00:00Z","2017-12-15T00:00:00Z","USD","-1","GEMM MASTER Fund","Global Basket Z17 CS","CS- OTC- GEMM","CREDIT SUISSE SECURITIES (EUROPE) LTD","CREDIT SUISSE SECURITIES (EUROPE) LTD","Expire","1250000","0","175937.62547182242","\Primary Funds\GEMM MASTER Fund\Strategies\EQ Volatility\Disp Vol Swaps\Global Basket Z17 CS","37.46","2016-12-13T00:00:00Z","2017-12-15T00:00:00Z","190","23.384989962254206","23.384989962254206","93.65","3508.1290000000004","1250000","12500",
"false","70778707","VolSwpC BBVA SQ@27.6(165) SG 1217","VoS BBVA@27.6 SG 1217","BBVA SQ Equity","Volatility Swap","2017-12-15T00:00:00Z","2017-12-15T00:00:00Z","EUR","-0.5","ARF MASTER Fund","SX7E Z7 SG Apr-27","SG-OTC-ARF","SOCIETE GENERALE SA","SOCIETE GENERALE SA","Expire","2838800","0","125192.93421345443","\Primary Funds\ARF MASTER Fund\Strategies\EQ Volatility\Disp Vol Swaps\SX7E Z7 SG Apr-27","27.6","2017-04-27T00:00:00Z","2017-12-15T00:00:00Z","100","18.779869366390418","18.779869366390418","69","1904.4","1419400","14194",
"false","70778707","VolSwpC BBVA SQ@27.6(165) SG 1217","VoS BBVA@27.6 SG 1217","BBVA SQ Equity","Volatility Swap","2017-12-15T00:00:00Z","2017-12-15T00:00:00Z","EUR","-0.5","GEMM MASTER Fund","SX7E Z7 SG Apr-27","SG-OTC-GEMM","SOCIETE GENERALE SA","SOCIETE GENERALE SA","Expire","2838800","0","125192.93421345443","\Primary Funds\GEMM MASTER Fund\Strategies\EQ Volatility\Disp Vol Swaps\SX7E Z7 SG Apr-27","27.6","2017-04-27T00:00:00Z","2017-12-15T00:00:00Z","100","18.779869366390418","18.779869366390418","69","1904.4","1419400","14194",
"false","70778704","VolSwpC SAN SQ@27.68(165) SG 1217","VoS SAN@27.68 SG 1217","SAN SQ Equity","Volatility Swap","2017-12-15T00:00:00Z","2017-12-15T00:00:00Z","EUR","-0.5","ARF MASTER Fund","SX7E Z7 SG Apr-27","SG-OTC-ARF","SOCIETE GENERALE SA","SOCIETE GENERALE SA","Expire","5068200","0","136714.24431316162","\Primary Funds\ARF MASTER Fund\Strategies\EQ Volatility\Disp Vol Swaps\SX7E Z7 SG Apr-27","27.68","2017-04-27T00:00:00Z","2017-12-15T00:00:00Z","100","22.285017784887668","22.285017784887668","69.2","1915.4560000000001","2534100","25341",
"false","70732094","VolSwpC SAN SQ@34.21(244) SG 1217","VoS SAN@34.21 SG 1217","SAN SQ Equity","Volatility Swap","2017-12-15T00:00:00Z","2017-12-15T00:00:00Z","EUR","-1","GEMM MASTER Fund","SX5E Custom Z17 SG Jan-4th","SG-OTC-GEMM","SOCIETE GENERALE SA","SOCIETE GENERALE SA","Expire","2222200","0","249050.78828024043","\Primary Funds\GEMM MASTER Fund\Strategies\EQ Volatility\Disp Vol Swaps\SX5E Custom Z17 SG Jan-4th","34.21","2017-01-04T00:00:00Z","2017-12-15T00:00:00Z","179","23.002602453413715","23.002602453413715","85.525","2925.8102500000005","2222200","22222",
"false","70778704","VolSwpC SAN SQ@27.68(165) SG 1217","VoS SAN@27.68 SG 1217","SAN SQ Equity","Volatility Swap","2017-12-15T00:00:00Z","2017-12-15T00:00:00Z","EUR","-0.5","GEMM MASTER Fund","SX7E Z7 SG Apr-27","SG-OTC-GEMM","SOCIETE GENERALE SA","SOCIETE GENERALE SA","Expire","5068200","0","136714.24431316162","\Primary Funds\GEMM MASTER Fund\Strategies\EQ Volatility\Disp Vol Swaps\SX7E Z7 SG Apr-27","27.68","2017-04-27T00:00:00Z","2017-12-15T00:00:00Z","100","22.285017784887668","22.285017784887668","69.2","1915.4560000000001","2534100","25341",
"false","70778705","VolSwpC BNP FP@27.6(165) SG 1217","VoS BNP@27.6 SG 1217","BNP FP Equity","Volatility Swap","2017-12-15T00:00:00Z","2017-12-15T00:00:00Z","EUR","-0.5","ARF MASTER Fund","SX7E Z7 SG Apr-27","SG-OTC-ARF","SOCIETE GENERALE SA","SOCIETE GENERALE SA","Expire","4242700","0","198603.25746990115","\Primary Funds\ARF MASTER Fund\Strategies\EQ Volatility\Disp Vol Swaps\SX7E Z7 SG Apr-27","27.6","2017-04-27T00:00:00Z","2017-12-15T00:00:00Z","100","18.23788354256011","18.23788354256011","69","1904.4","2121350","21213.5",
"false","70778705","VolSwpC BNP FP@27.6(165) SG 1217","VoS BNP@27.6 SG 1217","BNP FP Equity","Volatility Swap","2017-12-15T00:00:00Z","2017-12-15T00:00:00Z","EUR","-0.5","GEMM MASTER Fund","SX7E Z7 SG Apr-27","SG-OTC-GEMM","SOCIETE GENERALE SA","SOCIETE GENERALE SA","Expire","4242700","0","198603.25746990115","\Primary Funds\GEMM MASTER Fund\Strategies\EQ Volatility\Disp Vol Swaps\SX7E Z7 SG Apr-27","27.6","2017-04-27T00:00:00Z","2017-12-15T00:00:00Z","100","18.23788354256011","18.23788354256011","69","1904.4","2121350","21213.5",
"false","70729280","VolSwpC CELG UW@34.53(254) CS 1217","VoS CELG@34.53 CS 1217","CELG UW Equity","Volatility Swap","2017-12-15T00:00:00Z","2017-12-15T00:00:00Z","USD","-1","GEMM MASTER Fund","Global Basket Z17 CS","CS- OTC- GEMM","CREDIT SUISSE SECURITIES (EUROPE) LTD","CREDIT SUISSE SECURITIES (EUROPE) LTD","Expire","1250000","0","184774.09735893473","\Primary Funds\GEMM MASTER Fund\Strategies\EQ Volatility\Disp Vol Swaps\Global Basket Z17 CS","34.53","2016-12-13T00:00:00Z","2017-12-15T00:00:00Z","190","19.748072211285223","19.748072211285223","86.325","2980.80225","1250000","12500",
"false","70729281","VolSwpC CVX UN@23.05(254) CS 1217","VoS CVX@23.05 CS 1217","CVX UN Equity","Volatility Swap","2017-12-15T00:00:00Z","2017-12-15T00:00:00Z","USD","-1","GEMM MASTER Fund","Global Basket Z17 CS","CS- OTC- GEMM","CREDIT SUISSE SECURITIES (EUROPE) LTD","CREDIT SUISSE SECURITIES (EUROPE) LTD","Expire","1250000","0","113696.73134815636","\Primary Funds\GEMM MASTER Fund\Strategies\EQ Volatility\Disp Vol Swaps\Global Basket Z17 CS","23.05","2016-12-13T00:00:00Z","2017-12-15T00:00:00Z","190","13.954261492147491","13.954261492147491","57.625","1328.2562500000001","1250000","12500",
"false","70729292","VolSwpC CON GY@29.75(256) CS 1217","VoS CON@29.75 CS 1217","CON GY Equity","Volatility Swap","2017-12-15T00:00:00Z","2017-12-15T00:00:00Z","EUR","-1","GEMM MASTER Fund","Global Basket Z17 CS","CS- OTC- GEMM","CREDIT SUISSE SECURITIES (EUROPE) LTD","CREDIT SUISSE SECURITIES (EUROPE) LTD","Expire","1175000","0","150076.28281290174","\Primary Funds\GEMM MASTER Fund\Strategies\EQ Volatility\Disp Vol Swaps\Global Basket Z17 CS","29.75","2016-12-13T00:00:00Z","2017-12-15T00:00:00Z","193","16.97755039890198","16.97755039890198","74.375","2212.65625","1175000","11750",
"false","70778714","VolSwpC ACA FP@30.86(165) SG 1217","VoS ACA@30.86 SG 1217","ACA FP Equity","Volatility Swap","2017-12-15T00:00:00Z","2017-12-15T00:00:00Z","EUR","-0.5","ARF MASTER Fund","SX7E Z7 SG Apr-27","SG-OTC-ARF","SOCIETE GENERALE SA","SOCIETE GENERALE SA","Expire","982500","0","63911.40009588415","\Primary Funds\ARF MASTER Fund\Strategies\EQ Volatility\Disp Vol Swaps\SX7E Z7 SG Apr-27","30.86","2017-04-27T00:00:00Z","2017-12-15T00:00:00Z","100","17.850045782008316","17.850045782008316","77.15","2380.849","491250","4912.5",
"false","70729290","VolSwpC ACA FP@35.44(259) CS 1217","VoS ACA@35.44 CS 1217","ACA FP Equity","Volatility Swap","2017-12-15T00:00:00Z","2017-12-15T00:00:00Z","EUR","-1","GEMM MASTER Fund","Global Basket Z17 CS","CS- OTC- GEMM","CREDIT SUISSE SECURITIES (EUROPE) LTD","CREDIT SUISSE SECURITIES (EUROPE) LTD","Expire","1175000","0","130726.01676489272","\Primary Funds\GEMM MASTER Fund\Strategies\EQ Volatility\Disp Vol Swaps\Global Basket Z17 CS","35.44","2016-12-13T00:00:00Z","2017-12-15T00:00:00Z","194","24.314381551924022","24.314381551924022","88.6","3139.9839999999995","1175000","11750",
"false","70778714","VolSwpC ACA FP@30.86(165) SG 1217","VoS ACA@30.86 SG 1217","ACA FP Equity","Volatility Swap","2017-12-15T00:00:00Z","2017-12-15T00:00:00Z","EUR","-0.5","GEMM MASTER Fund","SX7E Z7 SG Apr-27","SG-OTC-GEMM","SOCIETE GENERALE SA","SOCIETE GENERALE SA","Expire","982500","0","63911.40009588415","\Primary Funds\GEMM MASTER Fund\Strategies\EQ Volatility\Disp Vol Swaps\SX7E Z7 SG Apr-27","30.86","2017-04-27T00:00:00Z","2017-12-15T00:00:00Z","100","17.850045782008316","17.850045782008316","77.15","2380.849","491250","4912.5",
"false","70729294","VolSwpC DAI GY@28.33(256) CS 1217","VoS DAI@28.33 CS 1217","DAI GY Equity","Volatility Swap","2017-12-15T00:00:00Z","2017-12-15T00:00:00Z","EUR","-1","GEMM MASTER Fund","Global Basket Z17 CS","CS- OTC- GEMM","CREDIT SUISSE SECURITIES (EUROPE) LTD","CREDIT SUISSE SECURITIES (EUROPE) LTD","Expire","1175000","0","178291.0303966173","\Primary Funds\GEMM MASTER Fund\Strategies\EQ Volatility\Disp Vol Swaps\Global Basket Z17 CS","28.33","2016-12-13T00:00:00Z","2017-12-15T00:00:00Z","193","13.15629528539427","13.15629528539427","70.825","2006.47225","1175000","11750",
"false","70778711","VolSwpC DBK GY@32.65(162) SG 1217","VoS DBK@32.65 SG 1217","DBK GY Equity","Volatility Swap","2017-12-15T00:00:00Z","2017-12-15T00:00:00Z","EUR","-0.5","ARF MASTER Fund","SX7E Z7 SG Apr-27","SG-OTC-ARF","SOCIETE GENERALE SA","SOCIETE GENERALE SA","Expire","2015500","0","48353.59551699708","\Primary Funds\ARF MASTER Fund\Strategies\EQ Volatility\Disp Vol Swaps\SX7E Z7 SG Apr-27","32.65","2017-04-27T00:00:00Z","2017-12-15T00:00:00Z","99","27.851826294517778","27.851826294517778","81.625","2665.05625","1007750","10077.5",
"false","70778711","VolSwpC DBK GY@32.65(162) SG 1217","VoS DBK@32.65 SG 1217","DBK GY Equity","Volatility Swap","2017-12-15T00:00:00Z","2017-12-15T00:00:00Z","EUR","-0.5","GEMM MASTER Fund","SX7E Z7 SG Apr-27","SG-OTC-GEMM","SOCIETE GENERALE SA","SOCIETE GENERALE SA","Expire","2015500","0","48353.59551699708","\Primary Funds\GEMM MASTER Fund\Strategies\EQ Volatility\Disp Vol Swaps\SX7E Z7 SG Apr-27","32.65","2017-04-27T00:00:00Z","2017-12-15T00:00:00Z","99","27.851826294517778","27.851826294517778","81.625","2665.05625","1007750","10077.5",
"false","70729296","VolSwpC DTE GY@24.12(256) CS 1217","VoS DTE@24.12 CS 1217","DTE GY Equity","Volatility Swap","2017-12-15T00:00:00Z","2017-12-15T00:00:00Z","EUR","-1","GEMM MASTER Fund","Global Basket Z17 CS","CS- OTC- GEMM","CREDIT SUISSE SECURITIES (EUROPE) LTD","CREDIT SUISSE SECURITIES (EUROPE) LTD","Expire","1175000","0","125561.25177025684","\Primary Funds\GEMM MASTER Fund\Strategies\EQ Volatility\Disp Vol Swaps\Global Basket Z17 CS","24.12","2016-12-13T00:00:00Z","2017-12-15T00:00:00Z","193","13.43393601955261","13.43393601955261","60.3","1454.436","1175000","11750",
"false","70732088","VolSwpC DTE GY@24.29(241) SG 1217","VoS DTE@24.29 SG 1217","DTE GY Equity","Volatility Swap","2017-12-15T00:00:00Z","2017-12-15T00:00:00Z","EUR","-1","GEMM MASTER Fund","SX5E Custom Z17 SG Jan-4th","SG-OTC-GEMM","SOCIETE GENERALE SA","SOCIETE GENERALE SA","Expire","2222200","0","233592.6215351282","\Primary Funds\GEMM MASTER Fund\Strategies\EQ Volatility\Disp Vol Swaps\SX5E Custom Z17 SG Jan-4th","24.29","2017-01-04T00:00:00Z","2017-12-15T00:00:00Z","178","13.778226913188362","13.778226913188362","60.725","1475.01025","2222200","22222",
"false","70824219","VarSwp SX5E@18.2(78) GS Z7","VaS SX5E@18.2 GS Z7","SX5E Index","Variance Swap","2017-12-15T00:00:00Z","2017-12-15T00:00:00Z","EUR","-0.5","ARF MASTER Fund","Gamma Swaps","GS - OTC - ARF","GOLDMAN SACHS INTERNATIONAL","GOLDMAN SACHS INTERNATIONAL","Expire","41208791.20879121","0","657482.0920553872","\Primary Funds\ARF MASTER Fund\Strategies\EQ Volatility\Exotics\Gamma Swaps","18.2","2017-08-29T00:00:00Z","2017-12-15T00:00:00Z","13","8.535346972133706","8.535346972133706","0","0","20604395.604395606","0",
"false","70824221","GamSwp SX5E@17.5 3388.22 (78) GS Z7","GaS SX5E@17.5 GS Z7","SX5E Index","Variance Swap","2017-12-15T00:00:00Z","2017-12-15T00:00:00Z","EUR","0.5","ARF MASTER Fund","Gamma Swaps","GS - OTC - ARF","GOLDMAN SACHS INTERNATIONAL","GOLDMAN SACHS INTERNATIONAL","Expire","42857142.85714286","0","-630231.3757376028","\Primary Funds\ARF MASTER Fund\Strategies\EQ Volatility\Exotics\Gamma Swaps","17.5","2017-08-29T00:00:00Z","2017-12-15T00:00:00Z","13","8.535346972133706","8.535346972133706","0","0","21428571.42857143","0",
"false","70806289","VolSwpC SX5E@16.55(115) UBS 1217","VoS SX5E@16.55 UBS 1217","SX5E Index","Volatility Swap","2017-12-15T00:00:00Z","2017-12-15T00:00:00Z","EUR","0.5","ARF MASTER Fund","L/S Index Vol Swaps Z7","UBS - OTC - ARF","UBS AG LONDON","UBS AG LONDON","Expire","5000000","0","-145739.75321001397","\Primary Funds\ARF MASTER Fund\Strategies\EQ Volatility\Variance Swaps\L/S Index Vol Swaps\L/S Index Vol Swaps Z7","16.55","2017-07-07T00:00:00Z","2017-12-15T00:00:00Z","50","10.720409871599442","10.720409871599442","41.375","684.75625","2500000","25000",
"false","70814673","VolSwpC SX5E@13.9(101) UBS 1217","VoS SX5E@13.9 UBS 1217","SX5E Index","Volatility Swap","2017-12-15T00:00:00Z","2017-12-15T00:00:00Z","EUR","-0.5","ARF MASTER Fund","L/S Index Vol Swaps Z7","UBS - OTC - ARF","UBS AG LONDON","UBS AG LONDON","Expire","10000000","0","163855.25250562932","\Primary Funds\ARF MASTER Fund\Strategies\EQ Volatility\Variance Swaps\L/S Index Vol Swaps\L/S Index Vol Swaps Z7","13.9","2017-07-27T00:00:00Z","2017-12-15T00:00:00Z","36","10.622894949887414","10.622894949887414","34.75","483.02500000000003","5000000","50000",
"false","70819704","VolSwpC SX5E@18.45(90) SG 1217","VoS SX5E@18.45 SG 1217","SX5E Index","Volatility Swap","2017-12-15T00:00:00Z","2017-12-15T00:00:00Z","EUR","0.5","ARF MASTER Fund","L/S Index Vol Swaps Z7","SG-OTC-ARF","SOCIETE GENERALE SA","SOCIETE GENERALE SA","Expire","10000000","0","-436039.71819490247","\Primary Funds\ARF MASTER Fund\Strategies\EQ Volatility\Variance Swaps\L/S Index Vol Swaps\L/S Index Vol Swaps Z7","18.45","2017-08-11T00:00:00Z","2017-12-15T00:00:00Z","25","9.72920563610195","9.72920563610195","46.125","851.00625","5000000","50000",
"false","70819775","VolSwpC SX5E@16.95(90) SG 1217","VoS SX5E@16.95 SG 1217","SX5E Index","Volatility Swap","2017-12-15T00:00:00Z","2017-12-15T00:00:00Z","EUR","0.5","ARF MASTER Fund","L/S Index Vol Swaps Z7","SG-OTC-ARF","SOCIETE GENERALE SA","SOCIETE GENERALE SA","Expire","5000000","0","-180519.85909745123","\Primary Funds\ARF MASTER Fund\Strategies\EQ Volatility\Variance Swaps\L/S Index Vol Swaps\L/S Index Vol Swaps Z7","16.95","2017-08-11T00:00:00Z","2017-12-15T00:00:00Z","25","9.72920563610195","9.72920563610195","42.375","718.25625","2500000","25000",
"false","70825672","VolSwpC SX5E@15.2(74) BNP 1217","VoS SX5E@15.2 BNP 1217","SX5E Index","Volatility Swap","2017-12-15T00:00:00Z","2017-12-15T00:00:00Z","EUR","0.5","ARF MASTER Fund","L/S Index Vol Swaps","BNP- OTC- ARF","BNP PARIBAS LONDON BRANCH","BNP PARIBAS LONDON BRANCH","Expire","10000000","0","-326098.8743457174","\Primary Funds\ARF MASTER Fund\Strategies\EQ Volatility\Variance Swaps\L/S Index Vol Swaps","15.2","2017-09-04T00:00:00Z","2017-12-15T00:00:00Z","9","8.67802251308565","8.67802251308565","38","577.6","5000000","50000",
"false","70824219","VarSwp SX5E@18.2(78) GS Z7","VaS SX5E@18.2 GS Z7","SX5E Index","Variance Swap","2017-12-15T00:00:00Z","2017-12-15T00:00:00Z","EUR","-0.5","GEMM MASTER Fund","Gamma Swaps","GS- OTC- GEMM","GOLDMAN SACHS INTERNATIONAL","GOLDMAN SACHS INTERNATIONAL","Expire","41208791.20879121","0","657482.0920553872","\Primary Funds\GEMM MASTER Fund\Strategies\EQ Volatility\Exotics\Gamma Swaps","18.2","2017-08-29T00:00:00Z","2017-12-15T00:00:00Z","13","8.535346972133706","8.535346972133706","0","0","20604395.604395606","0",
"false","70824221","GamSwp SX5E@17.5 3388.22 (78) GS Z7","GaS SX5E@17.5 GS Z7","SX5E Index","Variance Swap","2017-12-15T00:00:00Z","2017-12-15T00:00:00Z","EUR","0.5","GEMM MASTER Fund","Gamma Swaps","GS- OTC- GEMM","GOLDMAN SACHS INTERNATIONAL","GOLDMAN SACHS INTERNATIONAL","Expire","42857142.85714286","0","-630231.3757376028","\Primary Funds\GEMM MASTER Fund\Strategies\EQ Volatility\Exotics\Gamma Swaps","17.5","2017-08-29T00:00:00Z","2017-12-15T00:00:00Z","13","8.535346972133706","8.535346972133706","0","0","21428571.42857143","0",
"false","70729275","VolSwpC SX5E@22.59(259) CS 1217","VoS SX5E@22.59 CS 1217","SX5E Index","Volatility Swap","2017-12-15T00:00:00Z","2017-12-15T00:00:00Z","EUR","1","GEMM MASTER Fund","Global Basket Z17 CS","CS- OTC- GEMM","CREDIT SUISSE SECURITIES (EUROPE) LTD","CREDIT SUISSE SECURITIES (EUROPE) LTD","Expire","11750000","0","-1391174.6005215643","\Primary Funds\GEMM MASTER Fund\Strategies\EQ Volatility\Disp Vol Swaps\Global Basket Z17 CS","22.59","2016-12-13T00:00:00Z","2017-12-15T00:00:00Z","194","10.75021616577392","10.75021616577392","56.475","1275.77025","11750000","117500",
"false","70732084","VolSwpC SX5E@21.91(244) SG 1217","VoS SX5E@21.91 SG 1217","SX5E Index","Volatility Swap","2017-12-15T00:00:00Z","2017-12-15T00:00:00Z","EUR","1","GEMM MASTER Fund","SX5E Custom Z17 SG Jan-4th","SG-OTC-GEMM","SOCIETE GENERALE SA","SOCIETE GENERALE SA","Expire","20000000","0","-2186041.5107511864","\Primary Funds\GEMM MASTER Fund\Strategies\EQ Volatility\Disp Vol Swaps\SX5E Custom Z17 SG Jan-4th","21.91","2017-01-04T00:00:00Z","2017-12-15T00:00:00Z","179","10.979792446244067","10.979792446244067","54.775","1200.12025","20000000","200000",
"false","70806289","VolSwpC SX5E@16.55(115) UBS 1217","VoS SX5E@16.55 UBS 1217","SX5E Index","Volatility Swap","2017-12-15T00:00:00Z","2017-12-15T00:00:00Z","EUR","0.5","GEMM MASTER Fund","L/S Index Vol Swaps Z7","UBS- OTC- GEMM","UBS AG LONDON","UBS AG LONDON","Expire","5000000","0","-145739.75321001397","\Primary Funds\GEMM MASTER Fund\Strategies\EQ Volatility\Variance Swaps\L/S Index Vol Swaps\L/S Index Vol Swaps Z7","16.55","2017-07-07T00:00:00Z","2017-12-15T00:00:00Z","50","10.720409871599442","10.720409871599442","41.375","684.75625","2500000","25000",
"false","70814673","VolSwpC SX5E@13.9(101) UBS 1217","VoS SX5E@13.9 UBS 1217","SX5E Index","Volatility Swap","2017-12-15T00:00:00Z","2017-12-15T00:00:00Z","EUR","-0.5","GEMM MASTER Fund","L/S Index Vol Swaps Z7","UBS- OTC- GEMM","UBS AG LONDON","UBS AG LONDON","Expire","10000000","0","163855.25250562932","\Primary Funds\GEMM MASTER Fund\Strategies\EQ Volatility\Variance Swaps\L/S Index Vol Swaps\L/S Index Vol Swaps Z7","13.9","2017-07-27T00:00:00Z","2017-12-15T00:00:00Z","36","10.622894949887414","10.622894949887414","34.75","483.02500000000003","5000000","50000",
"false","70819704","VolSwpC SX5E@18.45(90) SG 1217","VoS SX5E@18.45 SG 1217","SX5E Index","Volatility Swap","2017-12-15T00:00:00Z","2017-12-15T00:00:00Z","EUR","0.5","GEMM MASTER Fund","L/S Index Vol Swaps Z7","SG-OTC-GEMM","SOCIETE GENERALE SA","SOCIETE GENERALE SA","Expire","10000000","0","-436039.71819490247","\Primary Funds\GEMM MASTER Fund\Strategies\EQ Volatility\Variance Swaps\L/S Index Vol Swaps\L/S Index Vol Swaps Z7","18.45","2017-08-11T00:00:00Z","2017-12-15T00:00:00Z","25","9.72920563610195","9.72920563610195","46.125","851.00625","5000000","50000",
"false","70819775","VolSwpC SX5E@16.95(90) SG 1217","VoS SX5E@16.95 SG 1217","SX5E Index","Volatility Swap","2017-12-15T00:00:00Z","2017-12-15T00:00:00Z","EUR","0.5","GEMM MASTER Fund","L/S Index Vol Swaps Z7","SG-OTC-GEMM","SOCIETE GENERALE SA","SOCIETE GENERALE SA","Expire","5000000","0","-180519.85909745123","\Primary Funds\GEMM MASTER Fund\Strategies\EQ Volatility\Variance Swaps\L/S Index Vol Swaps\L/S Index Vol Swaps Z7","16.95","2017-08-11T00:00:00Z","2017-12-15T00:00:00Z","25","9.72920563610195","9.72920563610195","42.375","718.25625","2500000","25000",
"false","70825672","VolSwpC SX5E@15.2(74) BNP 1217","VoS SX5E@15.2 BNP 1217","SX5E Index","Volatility Swap","2017-12-15T00:00:00Z","2017-12-15T00:00:00Z","EUR","0.5","GEMM MASTER Fund","L/S Index Vol Swaps","BNP- OTC- GEMM","BNP PARIBAS LONDON BRANCH","BNP PARIBAS LONDON BRANCH","Expire","10000000","0","-326098.8743457174","\Primary Funds\GEMM MASTER Fund\Strategies\EQ Volatility\Variance Swaps\L/S Index Vol Swaps","15.2","2017-09-04T00:00:00Z","2017-12-15T00:00:00Z","9","8.67802251308565","8.67802251308565","38","577.6","5000000","50000",
"false","70729298","VolSwpC ENEL IM@28.18(258) CS 1217","VoS ENEL@28.18 CS 1217","ENEL IM Equity","Volatility Swap","2017-12-15T00:00:00Z","2017-12-15T00:00:00Z","EUR","-1","GEMM MASTER Fund","Global Basket Z17 CS","CS- OTC- GEMM","CREDIT SUISSE SECURITIES (EUROPE) LTD","CREDIT SUISSE SECURITIES (EUROPE) LTD","Expire","1175000","0","124623.26457024427","\Primary Funds\GEMM MASTER Fund\Strategies\EQ Volatility\Disp Vol Swaps\Global Basket Z17 CS","28.18","2016-12-13T00:00:00Z","2017-12-15T00:00:00Z","193","17.57376471742602","17.57376471742602","70.45","1985.281","1175000","11750",
"false","70732087","VolSwpC ENEL IM@27.32(243) SG 1217","VoS ENEL@27.32 SG 1217","ENEL IM Equity","Volatility Swap","2017-12-15T00:00:00Z","2017-12-15T00:00:00Z","EUR","-1","GEMM MASTER Fund","SX5E Custom Z17 SG Jan-4th","SG-OTC-GEMM","SOCIETE GENERALE SA","SOCIETE GENERALE SA","Expire","2222200","0","212571.2716402566","\Primary Funds\GEMM MASTER Fund\Strategies\EQ Volatility\Disp Vol Swaps\SX5E Custom Z17 SG Jan-4th","27.32","2017-01-04T00:00:00Z","2017-12-15T00:00:00Z","178","17.754197118159635","17.754197118159635","68.3","1865.956","2222200","22222",
"false","70760668","VolSwpC SX7E@30.4(199) MS 1217","VoS SX7E@30.4 MS 1217","SX7E Index","Volatility Swap","2017-12-15T00:00:00Z","2017-12-15T00:00:00Z","EUR","0.5","ARF MASTER Fund","SX7E Custom Z17","MS-PB-OTC TRS-ARF","MORGAN STANLEY & CO INTERNATIONAL PLC","MORGAN STANLEY & CO INTERNATIONAL PLC","Expire","12000000","0","-637837.6334813877","\Primary Funds\ARF MASTER Fund\Strategies\EQ Volatility\Disp Vol Swaps\SX7E Custom Z17","30.4","2017-03-09T00:00:00Z","2017-12-15T00:00:00Z","133","19.769372775310202","19.769372775310202","76","2310.4","6000000","60000",
"false","70760672","VolSwpC SX7E@30.2(199) GS 1217","VoS SX7E@30.2 GS 1217","SX7E Index","Volatility Swap","2017-12-15T00:00:00Z","2017-12-15T00:00:00Z","EUR","0.5","ARF MASTER Fund","SX7E Custom Z17","GS - OTC - ARF","GOLDMAN SACHS & CO","GOLDMAN SACHS & CO","Expire","3000000","0","-156459.40837034697","\Primary Funds\ARF MASTER Fund\Strategies\EQ Volatility\Disp Vol Swaps\SX7E Custom Z17","30.2","2017-03-09T00:00:00Z","2017-12-15T00:00:00Z","133","19.769372775310202","19.769372775310202","75.5","2280.1","1500000","15000",
"false","70778703","VolSwpC SX7E@25.97(165) SG 1217","VoS SX7E@25.97 SG 1217","SX7E Index","Volatility Swap","2017-12-15T00:00:00Z","2017-12-15T00:00:00Z","EUR","0.5","ARF MASTER Fund","SX7E Z7 SG Apr-27","SG-OTC-ARF","SOCIETE GENERALE SA","SOCIETE GENERALE SA","Expire","25000000","0","-1122296.4575243823","\Primary Funds\ARF MASTER Fund\Strategies\EQ Volatility\Disp Vol Swaps\SX7E Z7 SG Apr-27","25.97","2017-04-27T00:00:00Z","2017-12-15T00:00:00Z","100","16.99162833980494","16.99162833980494","64.925","1686.10225","12500000","125000",
"false","70801945","VolSwpC SX7E@23.35(123) MS 1217","VoS SX7E@23.35 MS 1217","SX7E Index","Volatility Swap","2017-12-15T00:00:00Z","2017-12-15T00:00:00Z","EUR","0.5","ARF MASTER Fund","SX7E Custom Z7 MS 20170627","MS - OTC - ARF","MORGAN STANLEY & CO INTERNATIONAL PLC","MORGAN STANLEY & CO INTERNATIONAL PLC","Expire","22500000","0","-700643.2627133891","\Primary Funds\ARF MASTER Fund\Strategies\EQ Volatility\Disp Vol Swaps\SX7E Custom Z7 MS 20170627","23.35","2017-06-27T00:00:00Z","2017-12-15T00:00:00Z","58","17.122059886992098","17.122059886992098","58.375","1363.05625","11250000","112500",
"false","70760668","VolSwpC SX7E@30.4(199) MS 1217","VoS SX7E@30.4 MS 1217","SX7E Index","Volatility Swap","2017-12-15T00:00:00Z","2017-12-15T00:00:00Z","EUR","0.5","GEMM MASTER Fund","SX7E Custom Z17","MS-PB-OTC TRS-GEMM","MORGAN STANLEY & CO INTERNATIONAL PLC","MORGAN STANLEY & CO INTERNATIONAL PLC","Expire","12000000","0","-637837.6334813877","\Primary Funds\GEMM MASTER Fund\Strategies\EQ Volatility\Disp Vol Swaps\SX7E Custom Z17","30.4","2017-03-09T00:00:00Z","2017-12-15T00:00:00Z","133","19.769372775310202","19.769372775310202","76","2310.4","6000000","60000",
"false","70760672","VolSwpC SX7E@30.2(199) GS 1217","VoS SX7E@30.2 GS 1217","SX7E Index","Volatility Swap","2017-12-15T00:00:00Z","2017-12-15T00:00:00Z","EUR","0.5","GEMM MASTER Fund","SX7E Custom Z17","GS- OTC- GEMM","GOLDMAN SACHS & CO","GOLDMAN SACHS & CO","Expire","3000000","0","-156459.40837034697","\Primary Funds\GEMM MASTER Fund\Strategies\EQ Volatility\Disp Vol Swaps\SX7E Custom Z17","30.2","2017-03-09T00:00:00Z","2017-12-15T00:00:00Z","133","19.769372775310202","19.769372775310202","75.5","2280.1","1500000","15000",
"false","70778703","VolSwpC SX7E@25.97(165) SG 1217","VoS SX7E@25.97 SG 1217","SX7E Index","Volatility Swap","2017-12-15T00:00:00Z","2017-12-15T00:00:00Z","EUR","0.5","GEMM MASTER Fund","SX7E Z7 SG Apr-27","SG-OTC-GEMM","SOCIETE GENERALE SA","SOCIETE GENERALE SA","Expire","25000000","0","-1122296.4575243823","\Primary Funds\GEMM MASTER Fund\Strategies\EQ Volatility\Disp Vol Swaps\SX7E Z7 SG Apr-27","25.97","2017-04-27T00:00:00Z","2017-12-15T00:00:00Z","100","16.99162833980494","16.99162833980494","64.925","1686.10225","12500000","125000",
"false","70801945","VolSwpC SX7E@23.35(123) MS 1217","VoS SX7E@23.35 MS 1217","SX7E Index","Volatility Swap","2017-12-15T00:00:00Z","2017-12-15T00:00:00Z","EUR","0.5","GEMM MASTER Fund","SX7E Custom Z7 MS 20170627","MS-PB-OTC TRS-GEMM","MORGAN STANLEY & CO INTERNATIONAL PLC","MORGAN STANLEY & CO INTERNATIONAL PLC","Expire","22500000","0","-700643.2627133891","\Primary Funds\GEMM MASTER Fund\Strategies\EQ Volatility\Disp Vol Swaps\SX7E Custom Z7 MS 20170627","23.35","2017-06-27T00:00:00Z","2017-12-15T00:00:00Z","58","17.122059886992098","17.122059886992098","58.375","1363.05625","11250000","112500",
"false","70778706","VolSwpC INGA NA@27.3(165) SG 1217","VoS INGA@27.3 SG 1217","INGA NA Equity","Volatility Swap","2017-12-15T00:00:00Z","2017-12-15T00:00:00Z","EUR","-0.5","ARF MASTER Fund","SX7E Z7 SG Apr-27","SG-OTC-ARF","SOCIETE GENERALE SA","SOCIETE GENERALE SA","Expire","3377500","0","215174.7718213927","\Primary Funds\ARF MASTER Fund\Strategies\EQ Volatility\Disp Vol Swaps\SX7E Z7 SG Apr-27","27.3","2017-04-27T00:00:00Z","2017-12-15T00:00:00Z","100","14.558340676749507","14.558340676749507","68.25","1863.2250000000001","1688750","16887.5",
"false","70729303","VolSwpC INGA NA@33.62(259) CS 1217","VoS INGA@33.62 CS 1217","INGA NA Equity","Volatility Swap","2017-12-15T00:00:00Z","2017-12-15T00:00:00Z","EUR","-1","GEMM MASTER Fund","Global Basket Z17 CS","CS- OTC- GEMM","CREDIT SUISSE SECURITIES (EUROPE) LTD","CREDIT SUISSE SECURITIES (EUROPE) LTD","Expire","1175000","0","172288.4728090441","\Primary Funds\GEMM MASTER Fund\Strategies\EQ Volatility\Disp Vol Swaps\Global Basket Z17 CS","33.62","2016-12-13T00:00:00Z","2017-12-15T00:00:00Z","194","18.957151250294118","18.957151250294118","84.05","2825.7609999999995","1175000","11750",
"false","70778706","VolSwpC INGA NA@27.3(165) SG 1217","VoS INGA@27.3 SG 1217","INGA NA Equity","Volatility Swap","2017-12-15T00:00:00Z","2017-12-15T00:00:00Z","EUR","-0.5","GEMM MASTER Fund","SX7E Z7 SG Apr-27","SG-OTC-GEMM","SOCIETE GENERALE SA","SOCIETE GENERALE SA","Expire","3377500","0","215174.7718213927","\Primary Funds\GEMM MASTER Fund\Strategies\EQ Volatility\Disp Vol Swaps\SX7E Z7 SG Apr-27","27.3","2017-04-27T00:00:00Z","2017-12-15T00:00:00Z","100","14.558340676749507","14.558340676749507","68.25","1863.2250000000001","1688750","16887.5",
"false","70760669","VolSwpC ISP IM@37.6(198) MS 1217","VoS ISP@37.6 MS 1217","ISP IM Equity","Volatility Swap","2017-12-15T00:00:00Z","2017-12-15T00:00:00Z","EUR","-0.5","ARF MASTER Fund","SX7E Custom Z17","MS - OTC - ARF","MORGAN STANLEY & CO INTERNATIONAL PLC","MORGAN STANLEY & CO INTERNATIONAL PLC","Expire","5000000","0","450275.61497562844","\Primary Funds\ARF MASTER Fund\Strategies\EQ Volatility\Disp Vol Swaps\SX7E Custom Z17","37.6","2017-03-09T00:00:00Z","2017-12-15T00:00:00Z","132","19.588975400974864","19.588975400974864","94","3534.4","2500000","25000",
"false","70760671","VolSwpC ISP IM@36.25(198) JPM 1217","VoS ISP@36.25 JPM 1217","ISP IM Equity","Volatility Swap","2017-12-15T00:00:00Z","2017-12-15T00:00:00Z","EUR","-0.5","ARF MASTER Fund","SX7E Custom Z17","JPM - OTC - ARF","JPM SECURITIES PLC","JPM SECURITIES PLC","Expire","2500000","0","208262.8074878142","\Primary Funds\ARF MASTER Fund\Strategies\EQ Volatility\Disp Vol Swaps\SX7E Custom Z17","36.25","2017-03-09T00:00:00Z","2017-12-15T00:00:00Z","132","19.588975400974864","19.588975400974864","90.625","3285.15625","1250000","12500",
"false","70778710","VolSwpC ISP IM@31.06(164) SG 1217","VoS ISP@31.06 SG 1217","ISP IM Equity","Volatility Swap","2017-12-15T00:00:00Z","2017-12-15T00:00:00Z","EUR","-0.5","ARF MASTER Fund","SX7E Z7 SG Apr-27","SG-OTC-ARF","SOCIETE GENERALE SA","SOCIETE GENERALE SA","Expire","2252200","0","170705.11065731946","\Primary Funds\ARF MASTER Fund\Strategies\EQ Volatility\Disp Vol Swaps\SX7E Z7 SG Apr-27","31.06","2017-04-27T00:00:00Z","2017-12-15T00:00:00Z","99","15.901034485630097","15.901034485630097","77.65","2411.809","1126100","11261",
"false","70801942","VolSwpC ISP IM@25.2(122) MS 1217","VoS ISP@25.2 MS 1217","ISP IM Equity","Volatility Swap","2017-12-15T00:00:00Z","2017-12-15T00:00:00Z","EUR","-0.5","ARF MASTER Fund","SX7E Custom Z7 MS 20170627","MS - OTC - ARF","MORGAN STANLEY & CO INTERNATIONAL PLC","MORGAN STANLEY & CO INTERNATIONAL PLC","Expire","7500000","0","447397.5383728174","\Primary Funds\ARF MASTER Fund\Strategies\EQ Volatility\Disp Vol Swaps\SX7E Custom Z7 MS 20170627","25.2","2017-06-27T00:00:00Z","2017-12-15T00:00:00Z","57","13.269398976724869","13.269398976724869","63","1587.6","3750000","37500",
"false","70729307","VolSwpC ISP IM@39.98(258) CS 1217","VoS ISP@39.98 CS 1217","ISP IM Equity","Volatility Swap","2017-12-15T00:00:00Z","2017-12-15T00:00:00Z","EUR","-1","GEMM MASTER Fund","Global Basket Z17 CS","CS- OTC- GEMM","CREDIT SUISSE SECURITIES (EUROPE) LTD","CREDIT SUISSE SECURITIES (EUROPE) LTD","Expire","1175000","0","204346.7186347868","\Primary Funds\GEMM MASTER Fund\Strategies\EQ Volatility\Disp Vol Swaps\Global Basket Z17 CS","39.98","2016-12-13T00:00:00Z","2017-12-15T00:00:00Z","193","22.588789903422395","22.588789903422395","99.95","3996.0009999999997","1175000","11750",
"false","70732098","VolSwpC ISP IM@39.27(243) SG 1217","VoS ISP@39.27 SG 1217","ISP IM Equity","Volatility Swap","2017-12-15T00:00:00Z","2017-12-15T00:00:00Z","EUR","-1","GEMM MASTER Fund","SX5E Custom Z17 SG Jan-4th","SG-OTC-GEMM","SOCIETE GENERALE SA","SOCIETE GENERALE SA","Expire","2222200","0","375349.22288318304","\Primary Funds\GEMM MASTER Fund\Strategies\EQ Volatility\Disp Vol Swaps\SX5E Custom Z17 SG Jan-4th","39.27","2017-01-04T00:00:00Z","2017-12-15T00:00:00Z","178","22.37911606141738","22.37911606141738","98.175","3855.3322500000004","2222200","22222",
"false","70760669","VolSwpC ISP IM@37.6(198) MS 1217","VoS ISP@37.6 MS 1217","ISP IM Equity","Volatility Swap","2017-12-15T00:00:00Z","2017-12-15T00:00:00Z","EUR","-0.5","GEMM MASTER Fund","SX7E Custom Z17","MS-PB-OTC TRS-GEMM","MORGAN STANLEY & CO INTERNATIONAL PLC","MORGAN STANLEY & CO INTERNATIONAL PLC","Expire","5000000","0","450275.61497562844","\Primary Funds\GEMM MASTER Fund\Strategies\EQ Volatility\Disp Vol Swaps\SX7E Custom Z17","37.6","2017-03-09T00:00:00Z","2017-12-15T00:00:00Z","132","19.588975400974864","19.588975400974864","94","3534.4","2500000","25000",
"false","70760671","VolSwpC ISP IM@36.25(198) JPM 1217","VoS ISP@36.25 JPM 1217","ISP IM Equity","Volatility Swap","2017-12-15T00:00:00Z","2017-12-15T00:00:00Z","EUR","-0.5","GEMM MASTER Fund","SX7E Custom Z17","JPM- OTC- GEMM","JPM SECURITIES PLC","JPM SECURITIES PLC","Expire","2500000","0","208262.8074878142","\Primary Funds\GEMM MASTER Fund\Strategies\EQ Volatility\Disp Vol Swaps\SX7E Custom Z17","36.25","2017-03-09T00:00:00Z","2017-12-15T00:00:00Z","132","19.588975400974864","19.588975400974864","90.625","3285.15625","1250000","12500",
"false","70778710","VolSwpC ISP IM@31.06(164) SG 1217","VoS ISP@31.06 SG 1217","ISP IM Equity","Volatility Swap","2017-12-15T00:00:00Z","2017-12-15T00:00:00Z","EUR","-0.5","GEMM MASTER Fund","SX7E Z7 SG Apr-27","SG-OTC-GEMM","SOCIETE GENERALE SA","SOCIETE GENERALE SA","Expire","2252200","0","170705.11065731946","\Primary Funds\GEMM MASTER Fund\Strategies\EQ Volatility\Disp Vol Swaps\SX7E Z7 SG Apr-27","31.06","2017-04-27T00:00:00Z","2017-12-15T00:00:00Z","99","15.901034485630097","15.901034485630097","77.65","2411.809","1126100","11261",
"false","70801942","VolSwpC ISP IM@25.2(122) MS 1217","VoS ISP@25.2 MS 1217","ISP IM Equity","Volatility Swap","2017-12-15T00:00:00Z","2017-12-15T00:00:00Z","EUR","-0.5","GEMM MASTER Fund","SX7E Custom Z7 MS 20170627","MS-PB-OTC TRS-GEMM","MORGAN STANLEY & CO INTERNATIONAL PLC","MORGAN STANLEY & CO INTERNATIONAL PLC","Expire","7500000","0","447397.5383728174","\Primary Funds\GEMM MASTER Fund\Strategies\EQ Volatility\Disp Vol Swaps\SX7E Custom Z7 MS 20170627","25.2","2017-06-27T00:00:00Z","2017-12-15T00:00:00Z","57","13.269398976724869","13.269398976724869","63","1587.6","3750000","37500",
"false","70738248","VarSwpC EEM US@24.85(227) MS 1217","VaS EEM@24.85 MS 1217","EEM US Equity","Variance Swap","2017-12-15T00:00:00Z","2017-12-15T00:00:00Z","USD","-1","GEMM MASTER Fund","L/S ETF Vol Swaps","MS-PB-OTC TRS-GEMM","MORGAN STANLEY & CO INTERNATIONAL PLC","MORGAN STANLEY & CO INTERNATIONAL PLC","Expire","10060362.17303823","0","508956.91382622765","\Primary Funds\GEMM MASTER Fund\Strategies\EQ Volatility\Variance Swaps\L/S ETF Vol Swaps","24.85","2017-01-24T00:00:00Z","2017-12-15T00:00:00Z","163","12.46777130596723","12.46777130596723","62.125","1543.80625","10060362.17303823","0",
"false","70738250","VarSwpC IBB US@28.9(227) MS 1217","VaS IBB@28.9 MS 1217","IBB US Equity","Variance Swap","2017-12-15T00:00:00Z","2017-12-15T00:00:00Z","USD","-1","GEMM MASTER Fund","L/S ETF Vol Swaps","MS-PB-OTC TRS-GEMM","MORGAN STANLEY & CO INTERNATIONAL PLC","MORGAN STANLEY & CO INTERNATIONAL PLC","Expire","8650519.03114187","0","542933.6126977587","\Primary Funds\GEMM MASTER Fund\Strategies\EQ Volatility\Variance Swaps\L/S ETF Vol Swaps","28.900000000000002","2017-01-24T00:00:00Z","2017-12-15T00:00:00Z","163","17.002413185768837","17.002413185768837","72.25","2088.025","8650519.03114187","0",
"false","70729284","VolSwpC MSFT UW@26.39(254) CS 1217","VoS MSFT@26.39 CS 1217","MSFT UW Equity","Volatility Swap","2017-12-15T00:00:00Z","2017-12-15T00:00:00Z","USD","-1","GEMM MASTER Fund","Global Basket Z17 CS","CS- OTC- GEMM","CREDIT SUISSE SECURITIES (EUROPE) LTD","CREDIT SUISSE SECURITIES (EUROPE) LTD","Expire","1250000","0","164506.96998032986","\Primary Funds\GEMM MASTER Fund\Strategies\EQ Volatility\Disp Vol Swaps\Global Basket Z17 CS","26.39","2016-12-13T00:00:00Z","2017-12-15T00:00:00Z","190","13.229442401573612","13.229442401573612","65.975","1741.08025","1250000","12500",
"false","70729286","VolSwpC PCLN UW@30.69(254) CS 1217","VoS PCLN@30.69 CS 1217","PCLN UW Equity","Volatility Swap","2017-12-15T00:00:00Z","2017-12-15T00:00:00Z","USD","-1","GEMM MASTER Fund","Global Basket Z17 CS","CS- OTC- GEMM","CREDIT SUISSE SECURITIES (EUROPE) LTD","CREDIT SUISSE SECURITIES (EUROPE) LTD","Expire","1250000","0","158333.28013779462","\Primary Funds\GEMM MASTER Fund\Strategies\EQ Volatility\Disp Vol Swaps\Global Basket Z17 CS","30.69","2016-12-13T00:00:00Z","2017-12-15T00:00:00Z","190","18.023337588976432","18.023337588976432","76.725","2354.69025","1250000","12500",
"false","70729287","VolSwpC QCOM UW@29.3(254) CS 1217","VoS QCOM@29.3 CS 1217","QCOM UW Equity","Volatility Swap","2017-12-15T00:00:00Z","2017-12-15T00:00:00Z","USD","-1","GEMM MASTER Fund","Global Basket Z17 CS","CS- OTC- GEMM","CREDIT SUISSE SECURITIES (EUROPE) LTD","CREDIT SUISSE SECURITIES (EUROPE) LTD","Expire","1250000","0","55168.433177234496","\Primary Funds\GEMM MASTER Fund\Strategies\EQ Volatility\Disp Vol Swaps\Global Basket Z17 CS","29.3","2016-12-13T00:00:00Z","2017-12-15T00:00:00Z","190","24.88652534582124","24.88652534582124","73.25","2146.225","1250000","12500",
"false","70729302","VolSwpC RDSA NA@25.02(259) CS 1217","VoS RDSA@25.02 CS 1217","RDSA NA Equity","Volatility Swap","2017-12-15T00:00:00Z","2017-12-15T00:00:00Z","EUR","-1","GEMM MASTER Fund","Global Basket Z17 CS","CS- OTC- GEMM","CREDIT SUISSE SECURITIES (EUROPE) LTD","CREDIT SUISSE SECURITIES (EUROPE) LTD","Expire","1175000","0","142444.54243193017","\Primary Funds\GEMM MASTER Fund\Strategies\EQ Volatility\Disp Vol Swaps\Global Basket Z17 CS","25.02","2016-12-13T00:00:00Z","2017-12-15T00:00:00Z","194","12.897060218559133","12.897060218559133","62.55","1565.001","1175000","11750",
"false","70732090","VolSwpC RDSA NA@25.78(244) SG 1217","VoS RDSA@25.78 SG 1217","RDSA NA Equity","Volatility Swap","2017-12-15T00:00:00Z","2017-12-15T00:00:00Z","EUR","-1","GEMM MASTER Fund","SX5E Custom Z17 SG Jan-4th","SG-OTC-GEMM","SOCIETE GENERALE SA","SOCIETE GENERALE SA","Expire","2222200","0","283681.7096668821","\Primary Funds\GEMM MASTER Fund\Strategies\EQ Volatility\Disp Vol Swaps\SX5E Custom Z17 SG Jan-4th","25.78","2017-01-04T00:00:00Z","2017-12-15T00:00:00Z","179","13.014195406944374","13.014195406944374","64.45","1661.5210000000002","2222200","22222",
"false","70772078","VarSwpOutPerf SPX@16.6(180) CS Z17","VaSPer SPX@16.6 CS Z17","SPX Index","Variance Swap","2017-12-15T00:00:00Z","2017-12-15T00:00:00Z","USD","1","ARF MASTER Fund","OutPerf DAX vs SPX Z7","CS - OTC - ARF","CREDIT SUISSE SECURITIES (EUROPE) LTD","CREDIT SUISSE SECURITIES (EUROPE) LTD","Expire","58139534.88","0","-1387615.6205024961","\Primary Funds\ARF MASTER Fund\Strategies\EQ Volatility\Variance Swaps\VS Exo\OutPerf DAX vs SPX Z7","16.6","2017-03-24T00:00:00Z","2017-12-15T00:00:00Z","121","7.407958857460571","7.407958857460571","0","0","58139534.88","0",
"false","70780585","VarSwpOutPerf SPX@16.0(160) CS 1217","VaSPer SPX@16.0 CS 1217","SPX Index","Variance Swap","2017-12-15T00:00:00Z","2017-12-15T00:00:00Z","USD","0.5","ARF MASTER Fund","OutPerf SX5E vs SPX Z7","CS - OTC - ARF","CREDIT SUISSE SECURITIES (EUROPE) LTD","CREDIT SUISSE SECURITIES (EUROPE) LTD","Expire","73964497.04","0","-819858.1180025325","\Primary Funds\ARF MASTER Fund\Strategies\EQ Volatility\Variance Swaps\VS Exo\OutPerf SX5E vs SPX Z7","16","2017-04-28T00:00:00Z","2017-12-15T00:00:00Z","97","7.522926047082357","7.522926047082357","0","0","36982248.52","0",
"false","70781347","VarSwpOutPerf SPX@15.0(156) CS 1217","VaSPer SPX@15.0 CS 1217","SPX Index","Variance Swap","2017-12-15T00:00:00Z","2017-12-15T00:00:00Z","USD","0.5","ARF MASTER Fund","OutPerf SX5E vs SPX Z7","CS - OTC - ARF","CREDIT SUISSE SECURITIES (EUROPE) LTD","CREDIT SUISSE SECURITIES (EUROPE) LTD","Expire","31496062.99","0","-299498.65612070647","\Primary Funds\ARF MASTER Fund\Strategies\EQ Volatility\Variance Swaps\VS Exo\OutPerf SX5E vs SPX Z7","15","2017-05-05T00:00:00Z","2017-12-15T00:00:00Z","92","7.683737147434947","7.683737147434947","0","0","15748031.495","0",
"false","70781647","VarSwpOutPerf SPX@15.0(156) CS 1217_2","VaSPer SPX@15 CS 1217_2","SPX Index","Variance Swap","2017-12-15T00:00:00Z","2017-12-15T00:00:00Z","USD","0.5","ARF MASTER Fund","OutPerf SX5E vs SPX Z7","CS - OTC - ARF","CREDIT SUISSE SECURITIES (EUROPE) LTD","CREDIT SUISSE SECURITIES (EUROPE) LTD","Expire","31847133.76","0","-302837.01697716163","\Primary Funds\ARF MASTER Fund\Strategies\EQ Volatility\Variance Swaps\VS Exo\OutPerf SX5E vs SPX Z7","15","2017-05-05T00:00:00Z","2017-12-15T00:00:00Z","92","7.683737147434947","7.683737147434947","0","0","15923566.88","0",
"false","70789089","VarSwpOutPerf SPX@16.0(146) CS Z7","VaSPer SPX@16 CS Z7","SPX Index","Variance Swap","2017-12-15T00:00:00Z","2017-12-15T00:00:00Z","USD","0.5","ARF MASTER Fund","OutPerf SX5E vs SPX Z7","CS - OTC - ARF","CREDIT SUISSE SECURITIES (EUROPE) LTD","CREDIT SUISSE SECURITIES (EUROPE) LTD","Expire","77881619.94","0","-880778.156747967","\Primary Funds\ARF MASTER Fund\Strategies\EQ Volatility\Variance Swaps\VS Exo\OutPerf SX5E vs SPX Z7","16","2017-05-19T00:00:00Z","2017-12-15T00:00:00Z","82","7.286104989817945","7.286104989817945","0","0","38940809.97","0",
"false","70794583","VarSwp SPX 12.9 KI 2418.75 U7Z7 CS","VarSwp SPX KI U7Z7 CS-2","SPX Index","Variance Swap","2017-12-15T00:00:00Z","2017-12-15T00:00:00Z","USD","-0.5","ARF MASTER Fund","SPX KI Var U7Z7","CS - OTC - ARF","CREDIT SUISSE SECURITIES (EUROPE) LTD","CREDIT SUISSE SECURITIES (EUROPE) LTD","Expire","73099415.2","0","NaN","\Primary Funds\ARF MASTER Fund\Strategies\EQ Volatility\Variance Swaps\VS Exo\SPX KI Var U7Z7","12.9","2017-09-15T00:00:00Z","2017-12-15T00:00:00Z","0","NaN","NaN","0","0","36549707.6","0",
"false","70820253","VarSwp SPX 14.25 KI 2416.91 U7Z7 SG","VaS SPX KI SG U7Z7","SPX Index","Variance Swap","2017-12-15T00:00:00Z","2017-12-15T00:00:00Z","USD","0.5","ARF MASTER Fund","SPX KI Var U7Z7","SG-OTC-ARF","SOCIETE GENERALE SA","SOCIETE GENERALE SA","Expire","72982456.14035086","0","NaN","\Primary Funds\ARF MASTER Fund\Strategies\EQ Volatility\Variance Swaps\VS Exo\SPX KI Var U7Z7","14.25","2017-09-15T00:00:00Z","2017-12-15T00:00:00Z","0","NaN","NaN","0","0","36491228.07017543","0",
"false","70738245","VarSwp SPX@18.1(227) SG 1217","VaS SPX@18.1 SG 1217","SPX Index","Variance Swap","2017-12-15T00:00:00Z","2017-12-15T00:00:00Z","USD","1","GEMM MASTER Fund","L/S ETF Vol Swaps","SG-OTC-GEMM","SOCIETE GENERALE SA","SOCIETE GENERALE SA","Expire","16574585.635359116","0","-479225.49059302994","\Primary Funds\GEMM MASTER Fund\Strategies\EQ Volatility\Variance Swaps\L/S ETF Vol Swaps","18.1","2017-01-24T00:00:00Z","2017-12-15T00:00:00Z","163","7.320173078965825","7.320173078965825","0","0","16574585.635359116","0",
"false","70738251","VarSwp SPX@18.1(227) MORGAN 1217","VaS SPX@18.1 MORGAN 1217","SPX Index","Variance Swap","2017-12-15T00:00:00Z","2017-12-15T00:00:00Z","USD","1","GEMM MASTER Fund","L/S ETF Vol Swaps","MS-PB-OTC TRS-GEMM","MORGAN STANLEY & CO INTERNATIONAL PLC","MORGAN STANLEY & CO INTERNATIONAL PLC","Expire","34530386.74033149","0","-998386.4387354791","\Primary Funds\GEMM MASTER Fund\Strategies\EQ Volatility\Variance Swaps\L/S ETF Vol Swaps","18.1","2017-01-24T00:00:00Z","2017-12-15T00:00:00Z","163","7.320173078965825","7.320173078965825","0","0","34530386.74033149","0",
"false","70755953","VarSwpOutPerf SPX@19 (199) CS 1217","VaSPer SPX@19 CS 1217","SPX Index","Variance Swap","2017-12-15T00:00:00Z","2017-12-15T00:00:00Z","USD","1","GEMM MASTER Fund","OutPerf DAX vs SPX Z7","CS- OTC- GEMM","CREDIT SUISSE SECURITIES (EUROPE) LTD","CREDIT SUISSE SECURITIES (EUROPE) LTD","Expire","50188205.77164366","0","-1611749.5780698352","\Primary Funds\GEMM MASTER Fund\Strategies\EQ Volatility\Variance Swaps\VS Exo\OutPerf DAX vs SPX Z7","19","2017-02-27T00:00:00Z","2017-12-15T00:00:00Z","140","7.527056158261663","7.527056158261663","0","0","50188205.77164366","0",
"false","70756597","VarSwpOutPerf SPX@18.9 (197) CS 1217","VaSPer SPX@18.9 CS 1217","SPX Index","Variance Swap","2017-12-15T00:00:00Z","2017-12-15T00:00:00Z","USD","1","GEMM MASTER Fund","OutPerf DAX vs SPX Z7","CS- OTC- GEMM","CREDIT SUISSE SECURITIES (EUROPE) LTD","CREDIT SUISSE SECURITIES (EUROPE) LTD","Expire","25445292.62086513","0","-812700.114165934","\Primary Funds\GEMM MASTER Fund\Strategies\EQ Volatility\Variance Swaps\VS Exo\OutPerf DAX vs SPX Z7","18.9","2017-03-01T00:00:00Z","2017-12-15T00:00:00Z","138","7.347638120541106","7.347638120541106","0","0","25445292.62086513","0",
"false","70759209","VarSwp SPX@20(200) INT 1217","VaS SPX@20 INT 1217","SPX Index","Variance Swap","2017-12-15T00:00:00Z","2017-12-15T00:00:00Z","USD","-1","GEMM MASTER Fund","L/S Index VS","MS-PB-OTC TRS-GEMM","INTERNAL TRANSFER ( STRAT)","INTERNAL TRANSFER ( STRAT)","Expire","250","0","9.0857463886319","\Primary Funds\GEMM MASTER Fund\Strategies\EQ Volatility\Variance Swaps\L/S Index VS","20","2017-03-07T00:00:00Z","2017-12-15T00:00:00Z","134","7.387983835682407","7.387983835682407","0","0","250","0",
"false","70759209","VarSwp SPX@20(200) INT 1217","VaS SPX@20 INT 1217","SPX Index","Variance Swap","2017-12-15T00:00:00Z","2017-12-15T00:00:00Z","USD","1","GEMM MASTER Fund","VS intern","MS-PB-OTC TRS-GEMM","INTERNAL TRANSFER ( STRAT)","INTERNAL TRANSFER ( STRAT)","Expire","250","0","-9.0857463886319","\Primary Funds\GEMM MASTER Fund\Strategies\EQ Volatility\Variance Swaps\VS intern","20","2017-03-07T00:00:00Z","2017-12-15T00:00:00Z","134","7.387983835682407","7.387983835682407","0","0","250","0",
"false","70765688","VarSwpOutPerf SPX@15.5(184) CS 1217","VaSPer SPX@15.5 CS 1217","SPX Index","Variance Swap","2017-12-15T00:00:00Z","2017-12-15T00:00:00Z","USD","1","GEMM MASTER Fund","OutPerf DAX vs SPX Z7","CS- OTC- GEMM","CREDIT SUISSE SECURITIES (EUROPE) LTD","CREDIT SUISSE SECURITIES (EUROPE) LTD","Expire","30581040","0","-617592.7263443251","\Primary Funds\GEMM MASTER Fund\Strategies\EQ Volatility\Variance Swaps\VS Exo\OutPerf DAX vs SPX Z7","15.5","2017-03-20T00:00:00Z","2017-12-15T00:00:00Z","125","7.50822543006758","7.50822543006758","0","0","30581040","0",
"false","70767604","VarSwpOutPerf SPX@16.6(181) CS 1217","VaSPer SPX@16.6 CS 1217","SPX Index","Variance Swap","2017-12-15T00:00:00Z","2017-12-15T00:00:00Z","USD","1","GEMM MASTER Fund","OutPerf DAX vs SPX Z7","CS- OTC- GEMM","CREDIT SUISSE SECURITIES (EUROPE) LTD","CREDIT SUISSE SECURITIES (EUROPE) LTD","Expire","29069767.44","0","-694371.434377392","\Primary Funds\GEMM MASTER Fund\Strategies\EQ Volatility\Variance Swaps\VS Exo\OutPerf DAX vs SPX Z7","16.6","2017-03-23T00:00:00Z","2017-12-15T00:00:00Z","122","7.378533889178991","7.378533889178991","0","0","29069767.44","0",
"false","70767605","VarSwpOutPerf SPX@16.5(183) CS 1217","VaSPer SPX@16.5 CS 1217","SPX Index","Variance Swap","2017-12-15T00:00:00Z","2017-12-15T00:00:00Z","USD","1","GEMM MASTER Fund","OutPerf DAX vs SPX Z7","CS- OTC- GEMM","CREDIT SUISSE SECURITIES (EUROPE) LTD","CREDIT SUISSE SECURITIES (EUROPE) LTD","Expire","29112081.51","0","-686913.6100915965","\Primary Funds\GEMM MASTER Fund\Strategies\EQ Volatility\Variance Swaps\VS Exo\OutPerf DAX vs SPX Z7","16.5","2017-03-23T00:00:00Z","2017-12-15T00:00:00Z","122","7.378533889178991","7.378533889178991","0","0","29112081.51","0",
"false","70780585","VarSwpOutPerf SPX@16.0(160) CS 1217","VaSPer SPX@16.0 CS 1217","SPX Index","Variance Swap","2017-12-15T00:00:00Z","2017-12-15T00:00:00Z","USD","0.5","GEMM MASTER Fund","OutPerf SX5E vs SPX Z7","CS- OTC- GEMM","CREDIT SUISSE SECURITIES (EUROPE) LTD","CREDIT SUISSE SECURITIES (EUROPE) LTD","Expire","73964497.04","0","-819858.1180025325","\Primary Funds\GEMM MASTER Fund\Strategies\EQ Volatility\Variance Swaps\VS Exo\OutPerf SX5E vs SPX Z7","16","2017-04-28T00:00:00Z","2017-12-15T00:00:00Z","97","7.522926047082357","7.522926047082357","0","0","36982248.52","0",
"false","70781347","VarSwpOutPerf SPX@15.0(156) CS 1217","VaSPer SPX@15.0 CS 1217","SPX Index","Variance Swap","2017-12-15T00:00:00Z","2017-12-15T00:00:00Z","USD","0.5","GEMM MASTER Fund","OutPerf SX5E vs SPX Z7","CS- OTC- GEMM","CREDIT SUISSE SECURITIES (EUROPE) LTD","CREDIT SUISSE SECURITIES (EUROPE) LTD","Expire","31496062.99","0","-299498.65612070647","\Primary Funds\GEMM MASTER Fund\Strategies\EQ Volatility\Variance Swaps\VS Exo\OutPerf SX5E vs SPX Z7","15","2017-05-05T00:00:00Z","2017-12-15T00:00:00Z","92","7.683737147434947","7.683737147434947","0","0","15748031.495","0",
"false","70781647","VarSwpOutPerf SPX@15.0(156) CS 1217_2","VaSPer SPX@15 CS 1217_2","SPX Index","Variance Swap","2017-12-15T00:00:00Z","2017-12-15T00:00:00Z","USD","0.5","GEMM MASTER Fund","OutPerf SX5E vs SPX Z7","CS- OTC- GEMM","CREDIT SUISSE SECURITIES (EUROPE) LTD","CREDIT SUISSE SECURITIES (EUROPE) LTD","Expire","31847133.76","0","-302837.01697716163","\Primary Funds\GEMM MASTER Fund\Strategies\EQ Volatility\Variance Swaps\VS Exo\OutPerf SX5E vs SPX Z7","15","2017-05-05T00:00:00Z","2017-12-15T00:00:00Z","92","7.683737147434947","7.683737147434947","0","0","15923566.88","0",
"false","70789089","VarSwpOutPerf SPX@16.0(146) CS Z7","VaSPer SPX@16 CS Z7","SPX Index","Variance Swap","2017-12-15T00:00:00Z","2017-12-15T00:00:00Z","USD","0.5","GEMM MASTER Fund","OutPerf SX5E vs SPX Z7","CS- OTC- GEMM","CREDIT SUISSE SECURITIES (EUROPE) LTD","CREDIT SUISSE SECURITIES (EUROPE) LTD","Expire","77881619.94","0","-880778.156747967","\Primary Funds\GEMM MASTER Fund\Strategies\EQ Volatility\Variance Swaps\VS Exo\OutPerf SX5E vs SPX Z7","16","2017-05-19T00:00:00Z","2017-12-15T00:00:00Z","82","7.286104989817945","7.286104989817945","0","0","38940809.97","0",
"false","70794583","VarSwp SPX 12.9 KI 2418.75 U7Z7 CS","VarSwp SPX KI U7Z7 CS-2","SPX Index","Variance Swap","2017-12-15T00:00:00Z","2017-12-15T00:00:00Z","USD","-0.5","GEMM MASTER Fund","SPX KI Var U7Z7","CS- OTC- GEMM","CREDIT SUISSE SECURITIES (EUROPE) LTD","CREDIT SUISSE SECURITIES (EUROPE) LTD","Expire","73099415.2","0","NaN","\Primary Funds\GEMM MASTER Fund\Strategies\EQ Volatility\Variance Swaps\VS Exo\SPX KI Var U7Z7","12.9","2017-09-15T00:00:00Z","2017-12-15T00:00:00Z","0","NaN","NaN","0","0","36549707.6","0",
"false","70820253","VarSwp SPX 14.25 KI 2416.91 U7Z7 SG","VaS SPX KI SG U7Z7","SPX Index","Variance Swap","2017-12-15T00:00:00Z","2017-12-15T00:00:00Z","USD","0.5","GEMM MASTER Fund","SPX KI Var U7Z7","SG-OTC-GEMM","SOCIETE GENERALE SA","SOCIETE GENERALE SA","Expire","72982456.14035086","0","NaN","\Primary Funds\GEMM MASTER Fund\Strategies\EQ Volatility\Variance Swaps\VS Exo\SPX KI Var U7Z7","14.25","2017-09-15T00:00:00Z","2017-12-15T00:00:00Z","0","NaN","NaN","0","0","36491228.07017543","0",
"false","70729276","VolSwpC SPX@17.7(254) CS 1217","VoS SPX@17.7 CS 1217","SPX Index","Volatility Swap","2017-12-15T00:00:00Z","2017-12-15T00:00:00Z","USD","1","GEMM MASTER Fund","Global Basket Z17 CS","CS- OTC- GEMM","CREDIT SUISSE SECURITIES (EUROPE) LTD","CREDIT SUISSE SECURITIES (EUROPE) LTD","Expire","12500000","0","-1312592.5699944766","\Primary Funds\GEMM MASTER Fund\Strategies\EQ Volatility\Disp Vol Swaps\Global Basket Z17 CS","17.7","2016-12-13T00:00:00Z","2017-12-15T00:00:00Z","190","7.199259440044186","7.199259440044186","44.25","783.225","12500000","125000",
"false","70778708","VolSwpC GLE FP@30.17(165) SG 1217","VoS GLE@30.17 SG 1217","GLE FP Equity","Volatility Swap","2017-12-15T00:00:00Z","2017-12-15T00:00:00Z","EUR","-0.5","ARF MASTER Fund","SX7E Z7 SG Apr-27","SG-OTC-ARF","SOCIETE GENERALE SA","SOCIETE GENERALE SA","Expire","2359600","0","104230.51039499803","\Primary Funds\ARF MASTER Fund\Strategies\EQ Volatility\Disp Vol Swaps\SX7E Z7 SG Apr-27","30.17","2017-04-27T00:00:00Z","2017-12-15T00:00:00Z","100","21.335408510340905","21.335408510340905","75.425","2275.57225","1179800","11798",
"false","70801943","VolSwpC GLE FP@27.2(123) MS 1217","VoS GLE@27.2 MS 1217","GLE FP Equity","Volatility Swap","2017-12-15T00:00:00Z","2017-12-15T00:00:00Z","EUR","-0.5","ARF MASTER Fund","SX7E Custom Z7 MS 20170627","MS - OTC - ARF","MORGAN STANLEY & CO INTERNATIONAL PLC","MORGAN STANLEY & CO INTERNATIONAL PLC","Expire","7500000","0","166391.771733479","\Primary Funds\ARF MASTER Fund\Strategies\EQ Volatility\Disp Vol Swaps\SX7E Custom Z7 MS 20170627","27.2","2017-06-27T00:00:00Z","2017-12-15T00:00:00Z","58","22.762886087107226","22.762886087107226","68","1849.6","3750000","37500",
"false","70778708","VolSwpC GLE FP@30.17(165) SG 1217","VoS GLE@30.17 SG 1217","GLE FP Equity","Volatility Swap","2017-12-15T00:00:00Z","2017-12-15T00:00:00Z","EUR","-0.5","GEMM MASTER Fund","SX7E Z7 SG Apr-27","SG-OTC-GEMM","SOCIETE GENERALE SA","SOCIETE GENERALE SA","Expire","2359600","0","104230.51039499803","\Primary Funds\GEMM MASTER Fund\Strategies\EQ Volatility\Disp Vol Swaps\SX7E Z7 SG Apr-27","30.17","2017-04-27T00:00:00Z","2017-12-15T00:00:00Z","100","21.335408510340905","21.335408510340905","75.425","2275.57225","1179800","11798",
"false","70801943","VolSwpC GLE FP@27.2(123) MS 1217","VoS GLE@27.2 MS 1217","GLE FP Equity","Volatility Swap","2017-12-15T00:00:00Z","2017-12-15T00:00:00Z","EUR","-0.5","GEMM MASTER Fund","SX7E Custom Z7 MS 20170627","MS-PB-OTC TRS-GEMM","MORGAN STANLEY & CO INTERNATIONAL PLC","MORGAN STANLEY & CO INTERNATIONAL PLC","Expire","7500000","0","166391.771733479","\Primary Funds\GEMM MASTER Fund\Strategies\EQ Volatility\Disp Vol Swaps\SX7E Custom Z7 MS 20170627","27.2","2017-06-27T00:00:00Z","2017-12-15T00:00:00Z","58","22.762886087107226","22.762886087107226","68","1849.6","3750000","37500",
"false","70825673","VolSwpC SXEP@16.2(74) BNP 1217","VoS SXEP@16.2 BNP 1217","SXEP Index","Volatility Swap","2017-12-15T00:00:00Z","2017-12-15T00:00:00Z","EUR","-0.5","ARF MASTER Fund","L/S Index Vol Swaps","BNP- OTC- ARF","BNP PARIBAS LONDON BRANCH","BNP PARIBAS LONDON BRANCH","Expire","10000000","0","338927.5405235882","\Primary Funds\ARF MASTER Fund\Strategies\EQ Volatility\Variance Swaps\L/S Index Vol Swaps","16.2","2017-09-04T00:00:00Z","2017-12-15T00:00:00Z","9","9.421449189528236","9.421449189528236","40.5","656.1","5000000","50000",
"false","70825673","VolSwpC SXEP@16.2(74) BNP 1217","VoS SXEP@16.2 BNP 1217","SXEP Index","Volatility Swap","2017-12-15T00:00:00Z","2017-12-15T00:00:00Z","EUR","-0.5","GEMM MASTER Fund","L/S Index Vol Swaps","BNP- OTC- GEMM","BNP PARIBAS LONDON BRANCH","BNP PARIBAS LONDON BRANCH","Expire","10000000","0","338927.5405235882","\Primary Funds\GEMM MASTER Fund\Strategies\EQ Volatility\Variance Swaps\L/S Index Vol Swaps","16.2","2017-09-04T00:00:00Z","2017-12-15T00:00:00Z","9","9.421449189528236","9.421449189528236","40.5","656.1","5000000","50000",
"false","70806290","VolSwpC SXAP@18.85(115) UBS 1217","VoS SXAP@18.85 UBS 1217","SXAP Index","Volatility Swap","2017-12-15T00:00:00Z","2017-12-15T00:00:00Z","EUR","-0.5","ARF MASTER Fund","L/S Index Vol Swaps Z7","UBS - OTC - ARF","UBS AG LONDON","UBS AG LONDON","Expire","5000000","0","137790.40102581593","\Primary Funds\ARF MASTER Fund\Strategies\EQ Volatility\Variance Swaps\L/S Index Vol Swaps\L/S Index Vol Swaps Z7","18.85","2017-07-07T00:00:00Z","2017-12-15T00:00:00Z","50","13.338383958967365","13.338383958967365","47.125","888.3062500000001","2500000","25000",
"false","70806293","VolSwpC SXAP@18.85(115) BNP 1217","VoS SXAP@18.85 BNP 1217","SXAP Index","Volatility Swap","2017-12-15T00:00:00Z","2017-12-15T00:00:00Z","EUR","-0.5","ARF MASTER Fund","L/S Index Vol Swaps Z7","BNP- OTC- ARF","BNP PARIBAS LONDON BRANCH","BNP PARIBAS LONDON BRANCH","Expire","10000000","0","275580.80205163185","\Primary Funds\ARF MASTER Fund\Strategies\EQ Volatility\Variance Swaps\L/S Index Vol Swaps\L/S Index Vol Swaps Z7","18.85","2017-07-07T00:00:00Z","2017-12-15T00:00:00Z","50","13.338383958967365","13.338383958967365","47.125","888.3062500000001","5000000","50000",
"false","70814671","VolSwpC SXAP@19.05(101) UBS 1217","VoS SXAP@19.05 UBS 1217","SXAP Index","Volatility Swap","2017-12-15T00:00:00Z","2017-12-15T00:00:00Z","EUR","0.5","ARF MASTER Fund","L/S Index Vol Swaps Z7","UBS - OTC - ARF","UBS AG LONDON","UBS AG LONDON","Expire","10000000","0","-358343.67768004024","\Primary Funds\ARF MASTER Fund\Strategies\EQ Volatility\Variance Swaps\L/S Index Vol Swaps\L/S Index Vol Swaps Z7","19.05","2017-07-27T00:00:00Z","2017-12-15T00:00:00Z","36","11.883126446399196","11.883126446399196","47.625","907.25625","5000000","50000",
"false","70819701","VolSwpC SXAP@19.5(88) ML 1217","VoS SXAP@19.5 ML 1217","SXAP Index","Volatility Swap","2017-12-15T00:00:00Z","2017-12-15T00:00:00Z","EUR","-0.5","ARF MASTER Fund","L/S Index Vol Swaps Z7","ML-OTC-ARF","MERRILL LYNCH INTERNATIONAL","MERRILL LYNCH INTERNATIONAL","Expire","10000000","0","378916.6048979601","\Primary Funds\ARF MASTER Fund\Strategies\EQ Volatility\Variance Swaps\L/S Index Vol Swaps\L/S Index Vol Swaps Z7","19.5","2017-08-11T00:00:00Z","2017-12-15T00:00:00Z","25","11.921667902040799","11.921667902040799","48.75","950.625","5000000","50000",
"false","70819702","VolSwpC SXAP@19.55(90) UBS 1217","VoS SXAP@19.55 UBS 1217","SXAP Index","Volatility Swap","2017-12-15T00:00:00Z","2017-12-15T00:00:00Z","EUR","-0.5","ARF MASTER Fund","L/S Index Vol Swaps Z7","UBS - OTC - ARF","UBS AG LONDON","UBS AG LONDON","Expire","5000000","0","190708.30244898004","\Primary Funds\ARF MASTER Fund\Strategies\EQ Volatility\Variance Swaps\L/S Index Vol Swaps\L/S Index Vol Swaps Z7","19.55","2017-08-11T00:00:00Z","2017-12-15T00:00:00Z","25","11.921667902040799","11.921667902040799","48.875","955.50625","2500000","25000",
"false","70820707","VolSwpC SXAP@17.9(87) UBS Z7","VoS SXAP@17.9 UBS Z7","SXAP Index","Volatility Swap","2017-12-15T00:00:00Z","2017-12-15T00:00:00Z","EUR","0.5","ARF MASTER Fund","L/S Index Vol Swaps Z7","UBS - OTC - ARF","UBS AG LONDON","UBS AG LONDON","Expire","5000000","0","-153728.5363530397","\Primary Funds\ARF MASTER Fund\Strategies\EQ Volatility\Variance Swaps\L/S Index Vol Swaps\L/S Index Vol Swaps Z7","17.9","2017-08-16T00:00:00Z","2017-12-15T00:00:00Z","22","11.75085854587841","11.75085854587841","44.75","801.025","2500000","25000",
"false","70820918","VolSwpC SXAP@18(87) BNP Z7","VoS SXAP@18 BNP Z7","SXAP Index","Volatility Swap","2017-12-15T00:00:00Z","2017-12-15T00:00:00Z","EUR","0.5","ARF MASTER Fund","L/S Index Vol Swaps Z7","BNP- OTC- ARF","BNP PARIBAS LONDON BRANCH","BNP PARIBAS LONDON BRANCH","Expire","5000000","0","-156228.53635303976","\Primary Funds\ARF MASTER Fund\Strategies\EQ Volatility\Variance Swaps\L/S Index Vol Swaps\L/S Index Vol Swaps Z7","18","2017-08-16T00:00:00Z","2017-12-15T00:00:00Z","22","11.75085854587841","11.75085854587841","45","810","2500000","25000",
"false","70806290","VolSwpC SXAP@18.85(115) UBS 1217","VoS SXAP@18.85 UBS 1217","SXAP Index","Volatility Swap","2017-12-15T00:00:00Z","2017-12-15T00:00:00Z","EUR","-0.5","GEMM MASTER Fund","L/S Index Vol Swaps Z7","UBS- OTC- GEMM","UBS AG LONDON","UBS AG LONDON","Expire","5000000","0","137790.40102581593","\Primary Funds\GEMM MASTER Fund\Strategies\EQ Volatility\Variance Swaps\L/S Index Vol Swaps\L/S Index Vol Swaps Z7","18.85","2017-07-07T00:00:00Z","2017-12-15T00:00:00Z","50","13.338383958967365","13.338383958967365","47.125","888.3062500000001","2500000","25000",
"false","70806293","VolSwpC SXAP@18.85(115) BNP 1217","VoS SXAP@18.85 BNP 1217","SXAP Index","Volatility Swap","2017-12-15T00:00:00Z","2017-12-15T00:00:00Z","EUR","-0.5","GEMM MASTER Fund","L/S Index Vol Swaps Z7","BNP- OTC- GEMM","BNP PARIBAS LONDON BRANCH","BNP PARIBAS LONDON BRANCH","Expire","10000000","0","275580.80205163185","\Primary Funds\GEMM MASTER Fund\Strategies\EQ Volatility\Variance Swaps\L/S Index Vol Swaps\L/S Index Vol Swaps Z7","18.85","2017-07-07T00:00:00Z","2017-12-15T00:00:00Z","50","13.338383958967365","13.338383958967365","47.125","888.3062500000001","5000000","50000",
"false","70814671","VolSwpC SXAP@19.05(101) UBS 1217","VoS SXAP@19.05 UBS 1217","SXAP Index","Volatility Swap","2017-12-15T00:00:00Z","2017-12-15T00:00:00Z","EUR","0.5","GEMM MASTER Fund","L/S Index Vol Swaps Z7","UBS- OTC- GEMM","UBS AG LONDON","UBS AG LONDON","Expire","10000000","0","-358343.67768004024","\Primary Funds\GEMM MASTER Fund\Strategies\EQ Volatility\Variance Swaps\L/S Index Vol Swaps\L/S Index Vol Swaps Z7","19.05","2017-07-27T00:00:00Z","2017-12-15T00:00:00Z","36","11.883126446399196","11.883126446399196","47.625","907.25625","5000000","50000",
"false","70819701","VolSwpC SXAP@19.5(88) ML 1217","VoS SXAP@19.5 ML 1217","SXAP Index","Volatility Swap","2017-12-15T00:00:00Z","2017-12-15T00:00:00Z","EUR","-0.5","GEMM MASTER Fund","L/S Index Vol Swaps Z7","ML- OTC- GEMM","MERRILL LYNCH INTERNATIONAL","MERRILL LYNCH INTERNATIONAL","Expire","10000000","0","378916.6048979601","\Primary Funds\GEMM MASTER Fund\Strategies\EQ Volatility\Variance Swaps\L/S Index Vol Swaps\L/S Index Vol Swaps Z7","19.5","2017-08-11T00:00:00Z","2017-12-15T00:00:00Z","25","11.921667902040799","11.921667902040799","48.75","950.625","5000000","50000",
"false","70819702","VolSwpC SXAP@19.55(90) UBS 1217","VoS SXAP@19.55 UBS 1217","SXAP Index","Volatility Swap","2017-12-15T00:00:00Z","2017-12-15T00:00:00Z","EUR","-0.5","GEMM MASTER Fund","L/S Index Vol Swaps Z7","UBS- OTC- GEMM","UBS AG LONDON","UBS AG LONDON","Expire","5000000","0","190708.30244898004","\Primary Funds\GEMM MASTER Fund\Strategies\EQ Volatility\Variance Swaps\L/S Index Vol Swaps\L/S Index Vol Swaps Z7","19.55","2017-08-11T00:00:00Z","2017-12-15T00:00:00Z","25","11.921667902040799","11.921667902040799","48.875","955.50625","2500000","25000",
"false","70820707","VolSwpC SXAP@17.9(87) UBS Z7","VoS SXAP@17.9 UBS Z7","SXAP Index","Volatility Swap","2017-12-15T00:00:00Z","2017-12-15T00:00:00Z","EUR","0.5","GEMM MASTER Fund","L/S Index Vol Swaps Z7","UBS- OTC- GEMM","UBS AG LONDON","UBS AG LONDON","Expire","5000000","0","-153728.5363530397","\Primary Funds\GEMM MASTER Fund\Strategies\EQ Volatility\Variance Swaps\L/S Index Vol Swaps\L/S Index Vol Swaps Z7","17.9","2017-08-16T00:00:00Z","2017-12-15T00:00:00Z","22","11.75085854587841","11.75085854587841","44.75","801.025","2500000","25000",
"false","70820918","VolSwpC SXAP@18(87) BNP Z7","VoS SXAP@18 BNP Z7","SXAP Index","Volatility Swap","2017-12-15T00:00:00Z","2017-12-15T00:00:00Z","EUR","0.5","GEMM MASTER Fund","L/S Index Vol Swaps Z7","BNP- OTC- GEMM","BNP PARIBAS LONDON BRANCH","BNP PARIBAS LONDON BRANCH","Expire","5000000","0","-156228.53635303976","\Primary Funds\GEMM MASTER Fund\Strategies\EQ Volatility\Variance Swaps\L/S Index Vol Swaps\L/S Index Vol Swaps Z7","18","2017-08-16T00:00:00Z","2017-12-15T00:00:00Z","22","11.75085854587841","11.75085854587841","45","810","2500000","25000",
"false","70732085","VolSwpC FP FP@27.19(244) SG 1217","VoS FP@27.19 SG 1217","FP FP Equity","Volatility Swap","2017-12-15T00:00:00Z","2017-12-15T00:00:00Z","EUR","-1","GEMM MASTER Fund","SX5E Custom Z17 SG Jan-4th","SG-OTC-GEMM","SOCIETE GENERALE SA","SOCIETE GENERALE SA","Expire","2222200","0","317296.57508862054","\Primary Funds\GEMM MASTER Fund\Strategies\EQ Volatility\Disp Vol Swaps\SX5E Custom Z17 SG Jan-4th","27.19","2017-01-04T00:00:00Z","2017-12-15T00:00:00Z","179","12.91151133612544","12.91151133612544","67.975","1848.2402499999998","2222200","22222",
"false","70760670","VolSwpC UCG IM@40.5(198) MS 1217","VoS UCG@40.5 MS 1217","UCG IM Equity","Volatility Swap","2017-12-15T00:00:00Z","2017-12-15T00:00:00Z","EUR","-0.5","ARF MASTER Fund","SX7E Custom Z17","MS-PB-OTC TRS-ARF","MORGAN STANLEY & CO INTERNATIONAL PLC","MORGAN STANLEY & CO INTERNATIONAL PLC","Expire","5000000","0","157179.74610267652","\Primary Funds\ARF MASTER Fund\Strategies\EQ Volatility\Disp Vol Swaps\SX7E Custom Z17","40.5","2017-03-09T00:00:00Z","2017-12-15T00:00:00Z","132","34.21281015589294","34.21281015589294","101.25","4100.625","2500000","25000",
"false","70778712","VolSwpC UCG IM@37.12(164) SG 1217","VoS UCG@37.12 SG 1217","UCG IM Equity","Volatility Swap","2017-12-15T00:00:00Z","2017-12-15T00:00:00Z","EUR","-0.5","ARF MASTER Fund","SX7E Z7 SG Apr-27","SG-OTC-ARF","SOCIETE GENERALE SA","SOCIETE GENERALE SA","Expire","1863000","0","74534.47561004189","\Primary Funds\ARF MASTER Fund\Strategies\EQ Volatility\Disp Vol Swaps\SX7E Z7 SG Apr-27","37.12","2017-04-27T00:00:00Z","2017-12-15T00:00:00Z","99","29.118445989260128","29.118445989260128","92.8","3444.736","931500","9315",
"false","70801944","VolSwpC UCG IM@32.4(122) MS 1217","VoS UCG@32.4 MS 1217","UCG IM Equity","Volatility Swap","2017-12-15T00:00:00Z","2017-12-15T00:00:00Z","EUR","-0.5","ARF MASTER Fund","SX7E Custom Z7 MS 20170627","MS - OTC - ARF","MORGAN STANLEY & CO INTERNATIONAL PLC","MORGAN STANLEY & CO INTERNATIONAL PLC","Expire","7500000","0","105628.85007639488","\Primary Funds\ARF MASTER Fund\Strategies\EQ Volatility\Disp Vol Swaps\SX7E Custom Z7 MS 20170627","32.4","2017-06-27T00:00:00Z","2017-12-15T00:00:00Z","57","29.58323066462947","29.58323066462947","81","2624.4","3750000","37500",
"false","70760670","VolSwpC UCG IM@40.5(198) MS 1217","VoS UCG@40.5 MS 1217","UCG IM Equity","Volatility Swap","2017-12-15T00:00:00Z","2017-12-15T00:00:00Z","EUR","-0.5","GEMM MASTER Fund","SX7E Custom Z17","MS-PB-OTC TRS-GEMM","MORGAN STANLEY & CO INTERNATIONAL PLC","MORGAN STANLEY & CO INTERNATIONAL PLC","Expire","5000000","0","157179.74610267652","\Primary Funds\GEMM MASTER Fund\Strategies\EQ Volatility\Disp Vol Swaps\SX7E Custom Z17","40.5","2017-03-09T00:00:00Z","2017-12-15T00:00:00Z","132","34.21281015589294","34.21281015589294","101.25","4100.625","2500000","25000",
"false","70778712","VolSwpC UCG IM@37.12(164) SG 1217","VoS UCG@37.12 SG 1217","UCG IM Equity","Volatility Swap","2017-12-15T00:00:00Z","2017-12-15T00:00:00Z","EUR","-0.5","GEMM MASTER Fund","SX7E Z7 SG Apr-27","SG-OTC-GEMM","SOCIETE GENERALE SA","SOCIETE GENERALE SA","Expire","1863000","0","74534.47561004189","\Primary Funds\GEMM MASTER Fund\Strategies\EQ Volatility\Disp Vol Swaps\SX7E Z7 SG Apr-27","37.12","2017-04-27T00:00:00Z","2017-12-15T00:00:00Z","99","29.118445989260128","29.118445989260128","92.8","3444.736","931500","9315",
"false","70801944","VolSwpC UCG IM@32.4(122) MS 1217","VoS UCG@32.4 MS 1217","UCG IM Equity","Volatility Swap","2017-12-15T00:00:00Z","2017-12-15T00:00:00Z","EUR","-0.5","GEMM MASTER Fund","SX7E Custom Z7 MS 20170627","MS-PB-OTC TRS-GEMM","MORGAN STANLEY & CO INTERNATIONAL PLC","MORGAN STANLEY & CO INTERNATIONAL PLC","Expire","7500000","0","105628.85007639488","\Primary Funds\GEMM MASTER Fund\Strategies\EQ Volatility\Disp Vol Swaps\SX7E Custom Z7 MS 20170627","32.4","2017-06-27T00:00:00Z","2017-12-15T00:00:00Z","57","29.58323066462947","29.58323066462947","81","2624.4","3750000","37500",
"false","70732089","VolSwpC UNA NA@21.78(244) SG 1217","VoS UNA@21.78 SG 1217","UNA NA Equity","Volatility Swap","2017-12-15T00:00:00Z","2017-12-15T00:00:00Z","EUR","-1","GEMM MASTER Fund","SX5E Custom Z17 SG Jan-4th","SG-OTC-GEMM","SOCIETE GENERALE SA","SOCIETE GENERALE SA","Expire","2222200","0","31628.34451281475","\Primary Funds\GEMM MASTER Fund\Strategies\EQ Volatility\Disp Vol Swaps\SX5E Custom Z17 SG Jan-4th","21.78","2017-01-04T00:00:00Z","2017-12-15T00:00:00Z","179","20.356710264025978","20.356710264025978","54.45","1185.921","2222200","22222",
"false","70729289","VolSwpC UPS UN@19.16(254) CS 1217","VoS UPS@19.16 CS 1217","UPS UN Equity","Volatility Swap","2017-12-15T00:00:00Z","2017-12-15T00:00:00Z","USD","-1","GEMM MASTER Fund","Global Basket Z17 CS","CS- OTC- GEMM","CREDIT SUISSE SECURITIES (EUROPE) LTD","CREDIT SUISSE SECURITIES (EUROPE) LTD","Expire","1250000","0","43578.45604474498","\Primary Funds\GEMM MASTER Fund\Strategies\EQ Volatility\Disp Vol Swaps\Global Basket Z17 CS","19.16","2016-12-13T00:00:00Z","2017-12-15T00:00:00Z","190","15.673723516420402","15.673723516420402","47.9","917.764","1250000","12500",
"false","70772067","VarSwpOutPerf DAX@17.8(180) CS Z17","VaSPer DAX@17.8 CS Z7","USD DAX Index","Variance Swap","2017-12-15T00:00:00Z","2017-12-15T00:00:00Z","USD","-1","ARF MASTER Fund","OutPerf DAX vs SPX Z7","CS - OTC - ARF","CREDIT SUISSE SECURITIES (EUROPE) LTD","CREDIT SUISSE SECURITIES (EUROPE) LTD","Expire","58139534.88","0","1842093.0231379198","\Primary Funds\ARF MASTER Fund\Strategies\EQ Volatility\Variance Swaps\VS Exo\OutPerf DAX vs SPX Z7","17.8","2017-03-24T00:00:00Z","2017-12-15T00:00:00Z","125","0","0","0","0","58139534.88","0",
"false","70755952","VarSwpOutPerf DAX@20.85(199) CS 1217","VaSPer DAX@20.85 CS 1217","USD DAX Index","Variance Swap","2017-12-15T00:00:00Z","2017-12-15T00:00:00Z","USD","-1","GEMM MASTER Fund","OutPerf DAX vs SPX Z7","CS- OTC- GEMM","CREDIT SUISSE SECURITIES (EUROPE) LTD","CREDIT SUISSE SECURITIES (EUROPE) LTD","Expire","50188205.77164366","0","2181794.228356336","\Primary Funds\GEMM MASTER Fund\Strategies\EQ Volatility\Variance Swaps\VS Exo\OutPerf DAX vs SPX Z7","20.849999999999998","2017-02-27T00:00:00Z","2017-12-15T00:00:00Z","144","0","0","0","0","50188205.77164366","0",
"false","70756596","VarSwpOutPerf DAX@20.4(197) CS 1217","VaSPer DAX@20.4 CS 1217","USD DAX Index","Variance Swap","2017-12-15T00:00:00Z","2017-12-15T00:00:00Z","USD","-1","GEMM MASTER Fund","OutPerf DAX vs SPX Z7","CS- OTC- GEMM","CREDIT SUISSE SECURITIES (EUROPE) LTD","CREDIT SUISSE SECURITIES (EUROPE) LTD","Expire","25445292.62086512","0","1058931.2977099228","\Primary Funds\GEMM MASTER Fund\Strategies\EQ Volatility\Variance Swaps\VS Exo\OutPerf DAX vs SPX Z7","20.4","2017-03-01T00:00:00Z","2017-12-15T00:00:00Z","142","0","0","0","0","25445292.62086512","0",
"false","70765686","VarSwpOutPerf DAX@17.2(184) CS 1217","VaSPer DAX@17.2 CS 1217","USD DAX Index","Variance Swap","2017-12-15T00:00:00Z","2017-12-15T00:00:00Z","USD","-1","GEMM MASTER Fund","OutPerf DAX vs SPX Z7","CS- OTC- GEMM","CREDIT SUISSE SECURITIES (EUROPE) LTD","CREDIT SUISSE SECURITIES (EUROPE) LTD","Expire","30581040","0","1268284.4138159999","\Primary Funds\GEMM MASTER Fund\Strategies\EQ Volatility\Variance Swaps\VS Exo\OutPerf DAX vs SPX Z7","20.36489626784286","2017-03-20T00:00:00Z","2017-12-15T00:00:00Z","129","0","0","0","0","30581040","0",
"false","70767602","VarSwpOutPerf DAX@17.85(183) CS 1217","VaSPer DAX@17.85 CS1217","USD DAX Index","Variance Swap","2017-12-15T00:00:00Z","2017-12-15T00:00:00Z","USD","-1","GEMM MASTER Fund","OutPerf DAX vs SPX Z7","CS- OTC- GEMM","CREDIT SUISSE SECURITIES (EUROPE) LTD","CREDIT SUISSE SECURITIES (EUROPE) LTD","Expire","29112081.51","0","927576.4190919977","\Primary Funds\GEMM MASTER Fund\Strategies\EQ Volatility\Variance Swaps\VS Exo\OutPerf DAX vs SPX Z7","17.85","2017-03-21T00:00:00Z","2017-12-15T00:00:00Z","128","0","0","0","0","29112081.51","0",
"false","70767603","VarSwpOutPerf DAX@17.8 (181) CS 1217","VaSPer DAX@17.8 CS 1217","USD DAX Index","Variance Swap","2017-12-15T00:00:00Z","2017-12-15T00:00:00Z","USD","-1","GEMM MASTER Fund","OutPerf DAX vs SPX Z7","CS- OTC- GEMM","CREDIT SUISSE SECURITIES (EUROPE) LTD","CREDIT SUISSE SECURITIES (EUROPE) LTD","Expire","29069767.44","0","921046.51156896","\Primary Funds\GEMM MASTER Fund\Strategies\EQ Volatility\Variance Swaps\VS Exo\OutPerf DAX vs SPX Z7","17.8","2017-03-21T00:00:00Z","2017-12-15T00:00:00Z","128","0","0","0","0","29069767.44","0",
"false","70780439","VarSwpOutPerf SX5E@17.8(160) CS Z17","VaSPer SX5E@17.8 CS Z7","USD SX5E Index","Variance Swap","2017-12-15T00:00:00Z","2017-12-15T00:00:00Z","USD","-0.5","ARF MASTER Fund","OutPerf SX5E vs SPX Z7","CS - OTC - ARF","CREDIT SUISSE SECURITIES (EUROPE) LTD","CREDIT SUISSE SECURITIES (EUROPE) LTD","Expire","73964497.04","0","1171745.5621076801","\Primary Funds\ARF MASTER Fund\Strategies\EQ Volatility\Variance Swaps\VS Exo\OutPerf SX5E vs SPX Z7","17.8","2017-04-28T00:00:00Z","2017-12-15T00:00:00Z","100","0","0","0","0","36982248.52","0",
"false","70781323","VarSwpOutPerf SX5E@16.75(156) CS Z17","VaSPer SX5E@16.75 CS Z7","USD SX5E Index","Variance Swap","2017-12-15T00:00:00Z","2017-12-15T00:00:00Z","USD","-0.5","ARF MASTER Fund","OutPerf SX5E vs SPX Z7","CS - OTC - ARF","CREDIT SUISSE SECURITIES (EUROPE) LTD","CREDIT SUISSE SECURITIES (EUROPE) LTD","Expire","31496062.99","0","441830.70863159373","\Primary Funds\ARF MASTER Fund\Strategies\EQ Volatility\Variance Swaps\VS Exo\OutPerf SX5E vs SPX Z7","16.75","2017-05-05T00:00:00Z","2017-12-15T00:00:00Z","95","0","0","0","0","15748031.495","0",
"false","70781648","VarSwpOutPerf SX5E@16.40(156) CS Z17_2","VaSPer SX5E@16.4 CSZ7_2","USD SX5E Index","Variance Swap","2017-12-15T00:00:00Z","2017-12-15T00:00:00Z","USD","-0.5","ARF MASTER Fund","OutPerf SX5E vs SPX Z7","CS - OTC - ARF","CREDIT SUISSE SECURITIES (EUROPE) LTD","CREDIT SUISSE SECURITIES (EUROPE) LTD","Expire","31847133.76","0","428280.25480447995","\Primary Funds\ARF MASTER Fund\Strategies\EQ Volatility\Variance Swaps\VS Exo\OutPerf SX5E vs SPX Z7","16.4","2017-05-05T00:00:00Z","2017-12-15T00:00:00Z","95","0","0","0","0","15923566.88","0",
"false","70789088","VarSwpOutPerf SX5E@16.10(146) CS Z17","VaSPer SX5E@16.10 CS Z7","USD SX5E Index","Variance Swap","2017-12-15T00:00:00Z","2017-12-15T00:00:00Z","USD","-0.5","ARF MASTER Fund","OutPerf SX5E vs SPX Z7","CS - OTC - ARF","CREDIT SUISSE SECURITIES (EUROPE) LTD","CREDIT SUISSE SECURITIES (EUROPE) LTD","Expire","77881619.94","0","1009384.7352323697","\Primary Funds\ARF MASTER Fund\Strategies\EQ Volatility\Variance Swaps\VS Exo\OutPerf SX5E vs SPX Z7","16.099999999999998","2017-05-19T00:00:00Z","2017-12-15T00:00:00Z","85","0","0","0","0","38940809.97","0",
"false","70780439","VarSwpOutPerf SX5E@17.8(160) CS Z17","VaSPer SX5E@17.8 CS Z7","USD SX5E Index","Variance Swap","2017-12-15T00:00:00Z","2017-12-15T00:00:00Z","USD","-0.5","GEMM MASTER Fund","OutPerf SX5E vs SPX Z7","CS- OTC- GEMM","CREDIT SUISSE SECURITIES (EUROPE) LTD","CREDIT SUISSE SECURITIES (EUROPE) LTD","Expire","73964497.04","0","1171745.5621076801","\Primary Funds\GEMM MASTER Fund\Strategies\EQ Volatility\Variance Swaps\VS Exo\OutPerf SX5E vs SPX Z7","17.8","2017-04-28T00:00:00Z","2017-12-15T00:00:00Z","100","0","0","0","0","36982248.52","0",
"false","70781323","VarSwpOutPerf SX5E@16.75(156) CS Z17","VaSPer SX5E@16.75 CS Z7","USD SX5E Index","Variance Swap","2017-12-15T00:00:00Z","2017-12-15T00:00:00Z","USD","-0.5","GEMM MASTER Fund","OutPerf SX5E vs SPX Z7","CS- OTC- GEMM","CREDIT SUISSE SECURITIES (EUROPE) LTD","CREDIT SUISSE SECURITIES (EUROPE) LTD","Expire","31496062.99","0","441830.70863159373","\Primary Funds\GEMM MASTER Fund\Strategies\EQ Volatility\Variance Swaps\VS Exo\OutPerf SX5E vs SPX Z7","16.75","2017-05-05T00:00:00Z","2017-12-15T00:00:00Z","95","0","0","0","0","15748031.495","0",
"false","70781648","VarSwpOutPerf SX5E@16.40(156) CS Z17_2","VaSPer SX5E@16.4 CSZ7_2","USD SX5E Index","Variance Swap","2017-12-15T00:00:00Z","2017-12-15T00:00:00Z","USD","-0.5","GEMM MASTER Fund","OutPerf SX5E vs SPX Z7","CS- OTC- GEMM","CREDIT SUISSE SECURITIES (EUROPE) LTD","CREDIT SUISSE SECURITIES (EUROPE) LTD","Expire","31847133.76","0","428280.25480447995","\Primary Funds\GEMM MASTER Fund\Strategies\EQ Volatility\Variance Swaps\VS Exo\OutPerf SX5E vs SPX Z7","16.4","2017-05-05T00:00:00Z","2017-12-15T00:00:00Z","95","0","0","0","0","15923566.88","0",
"false","70789088","VarSwpOutPerf SX5E@16.10(146) CS Z17","VaSPer SX5E@16.10 CS Z7","USD SX5E Index","Variance Swap","2017-12-15T00:00:00Z","2017-12-15T00:00:00Z","USD","-0.5","GEMM MASTER Fund","OutPerf SX5E vs SPX Z7","CS- OTC- GEMM","CREDIT SUISSE SECURITIES (EUROPE) LTD","CREDIT SUISSE SECURITIES (EUROPE) LTD","Expire","77881619.94","0","1009384.7352323697","\Primary Funds\GEMM MASTER Fund\Strategies\EQ Volatility\Variance Swaps\VS Exo\OutPerf SX5E vs SPX Z7","16.099999999999998","2017-05-19T00:00:00Z","2017-12-15T00:00:00Z","85","0","0","0","0","38940809.97","0",
"false","70729309","VolSwpC VOW3 GY@32.88(256) CS 1217","VoS VOW3@32.88 CS 1217","VOW3 GY Equity","Volatility Swap","2017-12-15T00:00:00Z","2017-12-15T00:00:00Z","EUR","-1","GEMM MASTER Fund","Global Basket Z17 CS","CS- OTC- GEMM","CREDIT SUISSE SECURITIES (EUROPE) LTD","CREDIT SUISSE SECURITIES (EUROPE) LTD","Expire","1175000","0","146677.47120443048","\Primary Funds\GEMM MASTER Fund\Strategies\EQ Volatility\Disp Vol Swaps\Global Basket Z17 CS","32.88","2016-12-13T00:00:00Z","2017-12-15T00:00:00Z","193","20.39681096132507","20.39681096132507","82.2","2702.7360000000003","1175000","11750",
"false","70732092","VolSwpC VOW3 GY@32.53(241) SG 1217","VoS VOW3@32.53 SG 1217","VOW3 GY Equity","Volatility Swap","2017-12-15T00:00:00Z","2017-12-15T00:00:00Z","EUR","-1","GEMM MASTER Fund","SX5E Custom Z17 SG Jan-4th","SG-OTC-GEMM","SOCIETE GENERALE SA","SOCIETE GENERALE SA","Expire","2222200","0","277059.5615376705","\Primary Funds\GEMM MASTER Fund\Strategies\EQ Volatility\Disp Vol Swaps\SX5E Custom Z17 SG Jan-4th","32.53","2017-01-04T00:00:00Z","2017-12-15T00:00:00Z","178","20.062195052755357","20.062195052755357","81.325","2645.50225","2222200","22222",
"false","70729283","VolSwpC DIS UN@23.26(254) CS 1217","VoS DIS@23.26 CS 1217","DIS UN Equity","Volatility Swap","2017-12-15T00:00:00Z","2017-12-15T00:00:00Z","USD","-1","GEMM MASTER Fund","Global Basket Z17 CS","CS- OTC- GEMM","CREDIT SUISSE SECURITIES (EUROPE) LTD","CREDIT SUISSE SECURITIES (EUROPE) LTD","Expire","1250000","0","117763.21270366167","\Primary Funds\GEMM MASTER Fund\Strategies\EQ Volatility\Disp Vol Swaps\Global Basket Z17 CS","23.26","2016-12-13T00:00:00Z","2017-12-15T00:00:00Z","190","13.838942983707067","13.838942983707067","58.15","1352.569","1250000","12500",
