"Select","Sicovam","Name","Reference","Underlying Reference","Trade Date","Swap Type","Expiry Date","Currency","Quantity","Fund","Book Name","Depositary","Broker","Counterparty","Business Event","Nominal","Fixing","Net Amount","Folio Path","Vol Strike","Start Date","Last Realized Date","Realized N","Realized Vol","Capped Realized Vol","Cap","Vol Cap","Notional","Initial Vega",
"true","70734888","VolSwpC UKX@18(357) BNP 618","VoS UKX@18 BNP 618","UKX Index","2018-06-15T00:00:00Z","Volatility Swap","2018-06-15T00:00:00Z","GBP","1","GEMM MASTER Fund","UKX Custom Jun18 BNP- Jan 16th","BNP- OTC- GEMM","BNP PARIBAS LONDON BRANCH","BNP PARIBAS LONDON BRANCH","Expire","7000000","58","59898353.27056332","\Primary Funds\GEMM MASTER Fund\Strategies\EQ Volatility\Disp Vol Swaps\UKX Custom Jun18 BNP- Jan 16th","18","2017-01-16T00:00:00Z","2018-06-15T00:00:00Z","77","873.6907610080474","873.6907610080474","45","810","7000000","70000",
"true","70734889","VolSwpC UKX@18.32(357) BNP 618","VoS UKX@18.32 BNP 618","UKX Index","2018-06-15T00:00:00Z","Volatility Swap","2018-06-15T00:00:00Z","GBP","1","GEMM MASTER Fund","UKX Custom Jun18 BNP- Jan 16th","BNP- OTC- GEMM","BNP PARIBAS LONDON BRANCH","BNP PARIBAS LONDON BRANCH","Expire","25000000","56","215429667.2849772","\Primary Funds\GEMM MASTER Fund\Strategies\EQ Volatility\Disp Vol Swaps\UKX Custom Jun18 BNP- Jan 16th","18.32","2017-01-16T00:00:00Z","2018-06-15T00:00:00Z","77","880.0386691399088","880.0386691399088","45.8","839.0559999999999","25000000","250000",
"true","70738252","VarSwp SPX@19.5(351) UBS 618","VaS SPX@19.5 UBS 618","SPX Index","2018-06-15T00:00:00Z","Variance Swap","2018-06-15T00:00:00Z","USD","1","GEMM MASTER Fund","L/S ETF Vol Swaps","UBS- OTC- GEMM","UBS AG LONDON","UBS AG LONDON","Expire","15384615.384615384","7","375227525.5427698","\Primary Funds\GEMM MASTER Fund\Strategies\EQ Volatility\Variance Swaps\L/S ETF Vol Swaps","19.5","2017-01-24T00:00:00Z","2018-06-15T00:00:00Z","71","1098.9215436924098","1098.9215436924098","0","0","15384615.384615384","0",
"true","70759210","VarSwp SPX@20(450) INT 618","VaS SPX@20 INT 618","SPX Index","2018-06-15T00:00:00Z","Variance Swap","2018-06-15T00:00:00Z","USD","-1","GEMM MASTER Fund","L/S Index VS","MS-PB-OTC-GEMM","INTERNAL TRANSFER ( STRAT)","INTERNAL TRANSFER ( STRAT)","Expire","250","6","-5008.433960018367","\Primary Funds\GEMM MASTER Fund\Strategies\EQ Volatility\Variance Swaps\L/S Index VS","20","2017-03-07T00:00:00Z","2018-06-15T00:00:00Z","42","1466.5460822750995","1466.5460822750995","0","0","250","0",
"true","70759210","VarSwp SPX@20(450) INT 618","VaS SPX@20 INT 618","SPX Index","2018-06-15T00:00:00Z","Variance Swap","2018-06-15T00:00:00Z","USD","1","GEMM MASTER Fund","VS intern","MS-PB-OTC-GEMM","INTERNAL TRANSFER ( STRAT)","INTERNAL TRANSFER ( STRAT)","Expire","250","6","5008.433960018367","\Primary Funds\GEMM MASTER Fund\Strategies\EQ Volatility\Variance Swaps\VS intern","20","2017-03-07T00:00:00Z","2018-06-15T00:00:00Z","42","1466.5460822750995","1466.5460822750995","0","0","250","0",
"true","70738247","VarSwpC USO US@34(351) UBS 618","VaS USO@34 UBS 618","USO US Equity","2018-06-15T00:00:00Z","Variance Swap","2018-06-15T00:00:00Z","USD","-1","GEMM MASTER Fund","L/S ETF Vol Swaps","UBS- OTC- GEMM","UBS AG LONDON","UBS AG LONDON","Expire","7352941.176470588","39","-9821406.726134844","\Primary Funds\GEMM MASTER Fund\Strategies\EQ Volatility\Variance Swaps\L/S ETF Vol Swaps","34","2017-01-24T00:00:00Z","2018-06-15T00:00:00Z","71","267.85803247315647","267.85803247315647","85","2890","7352941.176470588","0",
