"Select","Sicovam","Name","Reference","Underlying Reference","Swap Type","Trade Date","Expiry Date","Currency","Quantity","Fund","Book Name","Depositary","Broker","Counterparty","Business Event","Nominal","Fixing","Net Amount","Folio Path","Vol Strike","Start Date","Last Realized Date","Realized N","Realized Vol","Capped Realized Vol","Cap","Vol Cap","Notional","Initial Vega",
"true","70734911","VolSwpC AV/ LN@27.25(357) BNP 618","VoS AV/@27.25 BNP 618","AV/ LN Equity","Volatility Swap","2018-06-15T00:00:00Z","2018-06-15T00:00:00Z","GBP","-1","GEMM MASTER Fund","UKX Custom Jun18 BNP- Jan 16th","BNP- OTC- GEMM","BNP PARIBAS LONDON BRANCH","BNP PARIBAS LONDON BRANCH","Expire","2000000","0","182477.14479232868","\Primary Funds\GEMM MASTER Fund\Strategies\EQ Volatility\Disp Vol Swaps\UKX Custom Jun18 BNP- Jan 16th","27.25","2017-01-16T00:00:00Z","2018-06-15T00:00:00Z","76","18.126142760383566","18.126142760383566","68.125","1856.40625","2000000","20000",
"true","70734913","VolSwpC BA/ LN@22.55(357) BNP 618","VoS BA/@22.55 BNP 618","BA/ LN Equity","Volatility Swap","2018-06-15T00:00:00Z","2018-06-15T00:00:00Z","GBP","-1","GEMM MASTER Fund","UKX Custom Jun18 BNP- Jan 16th","BNP- OTC- GEMM","BNP PARIBAS LONDON BRANCH","BNP PARIBAS LONDON BRANCH","Expire","1500000","0","113343.08396542438","\Primary Funds\GEMM MASTER Fund\Strategies\EQ Volatility\Disp Vol Swaps\UKX Custom Jun18 BNP- Jan 16th","22.55","2017-01-16T00:00:00Z","2018-06-15T00:00:00Z","76","14.993794402305042","14.993794402305042","56.375","1271.2562500000001","1500000","15000",
"true","70734909","VolSwpC BLT LN@37.05(357) BNP 618","VoS BLT@37.05 BNP 618","BLT LN Equity","Volatility Swap","2018-06-15T00:00:00Z","2018-06-15T00:00:00Z","GBP","-1","GEMM MASTER Fund","UKX Custom Jun18 BNP- Jan 16th","BNP- OTC- GEMM","BNP PARIBAS LONDON BRANCH","BNP PARIBAS LONDON BRANCH","Expire","2000000","0","84229.15122379805","\Primary Funds\GEMM MASTER Fund\Strategies\EQ Volatility\Disp Vol Swaps\UKX Custom Jun18 BNP- Jan 16th","37.05","2017-01-16T00:00:00Z","2018-06-15T00:00:00Z","76","32.838542438810094","32.838542438810094","92.625","3431.75625","2000000","20000",
"true","70734891","VolSwpC BP/ LN@26.45(357) BNP 618","VoS BP/@26.45 BNP 618","BP/ LN Equity","Volatility Swap","2018-06-15T00:00:00Z","2018-06-15T00:00:00Z","GBP","-1","GEMM MASTER Fund","UKX Custom Jun18 BNP- Jan 16th","BNP- OTC- GEMM","BNP PARIBAS LONDON BRANCH","BNP PARIBAS LONDON BRANCH","Expire","2000000","0","133310.61947994976","\Primary Funds\GEMM MASTER Fund\Strategies\EQ Volatility\Disp Vol Swaps\UKX Custom Jun18 BNP- Jan 16th","26.45","2017-01-16T00:00:00Z","2018-06-15T00:00:00Z","76","19.784469026002512","19.784469026002512","66.125","1749.00625","2000000","20000",
"true","70734907","VolSwpC BT/A LN@28.5(357) BNP 618","VoS BT/A@28.5 BNP 618","BT/A LN Equity","Volatility Swap","2018-06-15T00:00:00Z","2018-06-15T00:00:00Z","GBP","-1","GEMM MASTER Fund","UKX Custom Jun18 BNP- Jan 16th","BNP- OTC- GEMM","BNP PARIBAS LONDON BRANCH","BNP PARIBAS LONDON BRANCH","Expire","1000000","0","-171764.2756913206","\Primary Funds\GEMM MASTER Fund\Strategies\EQ Volatility\Disp Vol Swaps\UKX Custom Jun18 BNP- Jan 16th","28.5","2017-01-16T00:00:00Z","2018-06-15T00:00:00Z","76","45.67642756913206","45.67642756913206","71.25","2030.625","1000000","10000",
"true","70734906","VolSwpC GLEN LN@39.45(357) BNP 618","VoS GLEN@39.45 BNP 618","GLEN LN Equity","Volatility Swap","2018-06-15T00:00:00Z","2018-06-15T00:00:00Z","GBP","-1","GEMM MASTER Fund","UKX Custom Jun18 BNP- Jan 16th","BNP- OTC- GEMM","BNP PARIBAS LONDON BRANCH","BNP PARIBAS LONDON BRANCH","Expire","2000000","0","118915.854708831","\Primary Funds\GEMM MASTER Fund\Strategies\EQ Volatility\Disp Vol Swaps\UKX Custom Jun18 BNP- Jan 16th","39.45","2017-01-16T00:00:00Z","2018-06-15T00:00:00Z","76","33.50420726455845","33.50420726455845","98.625","3890.7562500000004","2000000","20000",
"true","70734890","VolSwpC HSBA LN@24.9(357) BNP 618","VoS HSBA@24.9 BNP 618","HSBA LN Equity","Volatility Swap","2018-06-15T00:00:00Z","2018-06-15T00:00:00Z","GBP","-1","GEMM MASTER Fund","UKX Custom Jun18 BNP- Jan 16th","BNP- OTC- GEMM","BNP PARIBAS LONDON BRANCH","BNP PARIBAS LONDON BRANCH","Expire","2500000","0","102769.44900577619","\Primary Funds\GEMM MASTER Fund\Strategies\EQ Volatility\Disp Vol Swaps\UKX Custom Jun18 BNP- Jan 16th","24.9","2017-01-16T00:00:00Z","2018-06-15T00:00:00Z","76","20.78922203976895","20.78922203976895","62.25","1550.0249999999999","2500000","25000",
"true","70734897","VolSwpC LLOY LN@30.85(357) BNP 618","VoS LLOY@30.85 BNP 618","LLOY LN Equity","Volatility Swap","2018-06-15T00:00:00Z","2018-06-15T00:00:00Z","GBP","-1","GEMM MASTER Fund","UKX Custom Jun18 BNP- Jan 16th","BNP- OTC- GEMM","BNP PARIBAS LONDON BRANCH","BNP PARIBAS LONDON BRANCH","Expire","2000000","0","282692.33756239386","\Primary Funds\GEMM MASTER Fund\Strategies\EQ Volatility\Disp Vol Swaps\UKX Custom Jun18 BNP- Jan 16th","30.85","2017-01-16T00:00:00Z","2018-06-15T00:00:00Z","76","16.715383121880308","16.715383121880308","77.125","2379.30625","2000000","20000",
"true","70734901","VolSwpC PRU LN@30.85(357) BNP 618","VoS PRU@30.85 BNP 618","PRU LN Equity","Volatility Swap","2018-06-15T00:00:00Z","2018-06-15T00:00:00Z","GBP","-1","GEMM MASTER Fund","UKX Custom Jun18 BNP- Jan 16th","BNP- OTC- GEMM","BNP PARIBAS LONDON BRANCH","BNP PARIBAS LONDON BRANCH","Expire","2000000","0","248277.1200509729","\Primary Funds\GEMM MASTER Fund\Strategies\EQ Volatility\Disp Vol Swaps\UKX Custom Jun18 BNP- Jan 16th","30.85","2017-01-16T00:00:00Z","2018-06-15T00:00:00Z","76","18.436143997451357","18.436143997451357","77.125","2379.30625","2000000","20000",
"true","70734895","VolSwpC RB/ LN@22(357) BNP 618","VoS RB/@22 BNP 618","RB/ LN Equity","Volatility Swap","2018-06-15T00:00:00Z","2018-06-15T00:00:00Z","GBP","-1","GEMM MASTER Fund","UKX Custom Jun18 BNP- Jan 16th","BNP- OTC- GEMM","BNP PARIBAS LONDON BRANCH","BNP PARIBAS LONDON BRANCH","Expire","1000000","0","46510.732320257695","\Primary Funds\GEMM MASTER Fund\Strategies\EQ Volatility\Disp Vol Swaps\UKX Custom Jun18 BNP- Jan 16th","22","2017-01-16T00:00:00Z","2018-06-15T00:00:00Z","76","17.34892676797423","17.34892676797423","55","1210","1000000","10000",
"true","70734904","VolSwpC RIO LN@34.85(357) BNP 618","VoS RIO@34.85 BNP 618","RIO LN Equity","Volatility Swap","2018-06-15T00:00:00Z","2018-06-15T00:00:00Z","GBP","-1","GEMM MASTER Fund","UKX Custom Jun18 BNP- Jan 16th","BNP- OTC- GEMM","BNP PARIBAS LONDON BRANCH","BNP PARIBAS LONDON BRANCH","Expire","2000000","0","84033.43430057085","\Primary Funds\GEMM MASTER Fund\Strategies\EQ Volatility\Disp Vol Swaps\UKX Custom Jun18 BNP- Jan 16th","34.85","2017-01-16T00:00:00Z","2018-06-15T00:00:00Z","76","30.64832828497146","30.64832828497146","87.125","3036.30625","2000000","20000",
"true","70734893","VolSwpC RDSB LN@25.35(357) BNP 618","VoS RDSB@25.35 BNP 618","RDSB LN Equity","Volatility Swap","2018-06-15T00:00:00Z","2018-06-15T00:00:00Z","GBP","-1","GEMM MASTER Fund","UKX Custom Jun18 BNP- Jan 16th","BNP- OTC- GEMM","BNP PARIBAS LONDON BRANCH","BNP PARIBAS LONDON BRANCH","Expire","2000000","0","149372.59417100064","\Primary Funds\GEMM MASTER Fund\Strategies\EQ Volatility\Disp Vol Swaps\UKX Custom Jun18 BNP- Jan 16th","25.35","2017-01-16T00:00:00Z","2018-06-15T00:00:00Z","76","17.88137029144997","17.88137029144997","63.375","1606.55625","2000000","20000",
"true","70759210","VarSwp SPX@20(450) INT 618","VaS SPX@20 INT 618","SPX Index","Variance Swap","2018-06-15T00:00:00Z","2018-06-15T00:00:00Z","USD","-2","GEMM MASTER Fund","L/S Index VS","MS-PB-OTC-GEMM","INTERNAL TRANSFER ( STRAT)","INTERNAL TRANSFER ( STRAT)","Expire","250","0","19.795510042656154","\Primary Funds\GEMM MASTER Fund\Strategies\EQ Volatility\Variance Swaps\L/S Index VS","20","2017-03-07T00:00:00Z","2018-06-15T00:00:00Z","41","6.6998536862338645","6.6998536862338645","0","0","500","0",
"true","70759210","VarSwp SPX@20(450) INT 618","VaS SPX@20 INT 618","SPX Index","Variance Swap","2018-06-15T00:00:00Z","2018-06-15T00:00:00Z","USD","1","GEMM MASTER Fund","VS intern","MS-PB-OTC-GEMM","INTERNAL TRANSFER ( STRAT)","INTERNAL TRANSFER ( STRAT)","Expire","250","0","-9.897755021328077","\Primary Funds\GEMM MASTER Fund\Strategies\EQ Volatility\Variance Swaps\VS intern","20","2017-03-07T00:00:00Z","2018-06-15T00:00:00Z","41","6.6998536862338645","6.6998536862338645","0","0","250","0",
"true","70734899","VolSwpC SHP LN@30.3(357) BNP 618","VoS SHP@30.3 BNP 618","SHP LN Equity","Volatility Swap","2018-06-15T00:00:00Z","2018-06-15T00:00:00Z","GBP","-1","GEMM MASTER Fund","UKX Custom Jun18 BNP- Jan 16th","BNP- OTC- GEMM","BNP PARIBAS LONDON BRANCH","BNP PARIBAS LONDON BRANCH","Expire","2000000","0","201904.68348217983","\Primary Funds\GEMM MASTER Fund\Strategies\EQ Volatility\Disp Vol Swaps\UKX Custom Jun18 BNP- Jan 16th","30.3","2017-01-16T00:00:00Z","2018-06-15T00:00:00Z","76","20.20476582589101","20.20476582589101","75.75","2295.225","2000000","20000",
"true","70734905","VolSwpC ULVR LN@21.6(357) BNP 618","VoS ULVR@21.6 BNP 618","ULVR LN Equity","Volatility Swap","2018-06-15T00:00:00Z","2018-06-15T00:00:00Z","GBP","-1","GEMM MASTER Fund","UKX Custom Jun18 BNP- Jan 16th","BNP- OTC- GEMM","BNP PARIBAS LONDON BRANCH","BNP PARIBAS LONDON BRANCH","Expire","1000000","0","-107276.96460733825","\Primary Funds\GEMM MASTER Fund\Strategies\EQ Volatility\Disp Vol Swaps\UKX Custom Jun18 BNP- Jan 16th","21.6","2017-01-16T00:00:00Z","2018-06-15T00:00:00Z","76","32.327696460733826","32.327696460733826","54","1166.4","1000000","10000",
"true","70738247","VarSwpC USO US@34(351) UBS 618","VaS USO@34 UBS 618","USO US Equity","Variance Swap","2018-06-15T00:00:00Z","2018-06-15T00:00:00Z","USD","-2","GEMM MASTER Fund","L/S ETF Vol Swaps","UBS- OTC- GEMM","UBS AG LONDON","UBS AG LONDON","Expire","7352941.176470588","0","1541338.6241496713","\Primary Funds\GEMM MASTER Fund\Strategies\EQ Volatility\Variance Swaps\L/S ETF Vol Swaps","34","2017-01-24T00:00:00Z","2018-06-15T00:00:00Z","70","23.25919086786876","23.25919086786876","85","2890","14705882.352941176","0",
