<?xml version="1.0"?>
<format xmlns:xsi="http://www.w3.org/2001/XMLSchema-instance"
	xmlns:xsd="http://www.w3.org/2001/XMLSchema" xmlns="http://www.sophis.net/richmarketadapter"
	name="FIXsample" type="FIX">
	<trade>
		<field id="MAINSTRUMENTNAME" address="48"/>
		<field id="MAUNDERLYINGVALUE" address="55"/>
		<field id="side" address="54">
			<binding sophis="BUY" external="1"/>
			<binding sophis="SELL" external="2"/>
			<binding sophis="BUY" external="3"/>
			<binding sophis="SELL" external="4"/>
			<binding sophis="SELL" external="5"/>
			<binding sophis="SELL" external="6"/>
		</field>
		<field id="QUANTITY" address="53"/>
		<field id="SPOT" address="6"/>
		<field id="NEGOTIATIONTIME" address="60" pattern="yyyyMMdd-HH:mm:ss.FFF" timezone="UTC"/>
		<field id="BACK ACCOUNT" address="79"/>
		<field id="ORDERREFERENCE" address="11"/>
		<field id="VALUEDATE" address="64" pattern="yyyyMMdd"/>
		<field id="ACCRUEDAMOUNT" address="381"/>
		<field id="COMMENTS" address="58"/>
		<field id="BROKERSTRING" default="ESPEED ELECTRONIC BROKERAGE">
		</field>
		<field id="COUNTERPARTYSTRING" default="ESPEED ELECTRONIC BROKERAGE">
		</field>
		<field id="DEPOSITARYSTRING" default="UBS PB DEPOSITARY">
		</field>
	    <field id="USERSTRING" address="79">
		<binding sophis="John Fath" external="jfbtg"/>
		<binding sophis="John Roos" external="johnroos"/>
		<binding sophis="John Gallagher" external="jgbtg"/>
		<binding sophis="Vikrant Manwatkar" external="vikman"/>
		<binding sophis="John Fath" external="btgbft4"/>
		<!--<binding sophis="Thomas Hyer" external="7766186"/>-->
		</field> 
	</trade>
	<common>
		<field id="universal" address="22" default="CUSIP">
			<binding sophis="CUSIP" external="1"/>
			<binding sophis="ISIN" external="4"/>
			<binding sophis="RIC" external="5"/>
			<binding sophis="BLOOMBERG" external="A"/>
			<binding sophis="VALOREN" external="D"/>
		</field>
	</common>
</format>