Executing Entity ID,Lookup Field Set,Lookup Code,LEI,National ID,National ID Type,Internal Code,MIC,Algorithm,Country of Branch,FirstName,Surname,Date of Birth,Disabled
1VIS7PGL771Y7T0H1G19,Firm Execution,15570,,FR19821026ADRIEGODET,Concat ,,,,,,,,
1VIS7PGL771Y7T0H1G19,Firm Execution,15889,,ES44419723F,CCPT,,,,,,,,
1VIS7PGL771Y7T0H1G19,Firm Execution,15896,,FR19840830ALI##BIAZ#,Concat ,,,,,,,,
1VIS7PGL771Y7T0H1G19,Firm Execution,4250,,FR19750623BENJACLERG,Concat ,,,,,,,,
1VIS7PGL771Y7T0H1G19,Firm Execution,13619,,FR19740812BERTRDIVET,Concat ,,,,,,,,
1VIS7PGL771Y7T0H1G19,Firm Execution,4427,,GBJK344187D,CCPT,,,,,,,,
1VIS7PGL771Y7T0H1G19,Firm Execution,4244,,FR19760617GAUTIOUDIN,Concat ,,,,,,,,
1VIS7PGL771Y7T0H1G19,Firm Execution,4308,,DE19830613HUGO#DOSER ,Concat ,,,,,,,,
1VIS7PGL771Y7T0H1G19,Firm Execution,11016,,ITDPLMTT83A07H501B,CCPT,,,,,,,,
1VIS7PGL771Y7T0H1G19,Firm Execution,13468,,FR19660717OLIVICHERM,Concat ,,,,,,,,
1VIS7PGL771Y7T0H1G19,Firm Execution,5102,,FR19800405OLIVIDUPUY,Concat ,,,,,,,,
1VIS7PGL771Y7T0H1G19,Firm Execution,13568,,FR19780624ROMAIBLANC,Concat ,,,,,,,,
1VIS7PGL771Y7T0H1G19,Firm Execution,10967,,GBPX591934C,CCPT,,,,,,,,
1VIS7PGL771Y7T0H1G19,Investment Decision,13468,,FR19660717OLIVICHERM,Concat ,,,,,,,,
1VIS7PGL771Y7T0H1G19,Investment Decision,5102,,FR19800405OLIVIDUPUY,Concat ,,,,,,,,
1VIS7PGL771Y7T0H1G19,Investment Decision,11016,,ITDPLMTT83A07H501B,CCPT,,,,,,,,
1VIS7PGL771Y7T0H1G19,Investment Decision,4250,,FR19750623BENJACLERG,Concat ,,,,,,,,
1VIS7PGL771Y7T0H1G19,Investment Decision,10967,,GBPX591934C,CCPT,,,,,,,,
