<?xml version="1.0"?>
<!--
	Test purpose : Import a third party updating its reference
	Expected result : Third Party described below shall be inserted in db
-->
<exch:import version="4-2" xmlns:xsi="http://www.w3.org/2001/XMLSchema-instance"
             xmlns:exch="http://sophis.net/sophis/gxml/dataExchange" xmlns:fpml="http://www.fpml.org/2005/FpML-4-2"
             xmlns:dsig="http://www.w3.org/2000/09/xmldsig#" xmlns:common="http://sophis.net/sophis/common"
             xmlns:xsd="http://www.w3.org/2001/XMLSchema" xmlns:party="http://www.sophis.net/party"
             xmlns:trade="http://www.sophis.net/trade" xmlns:instrument="http://www.sophis.net/Instrument"
             xmlns:sph="http://www.sophis.net/Instrument" xmlns:folio="http://www.sophis.net/folio"
             xmlns:user="http://www.sophis.net/user">

	<fpml:header>
		<fpml:conversationId conversationIdScheme=""/>
		<fpml:messageId messageIdScheme="http://www.sophis.net/gxml/exchange/messageIdScheme/simple">001</fpml:messageId>
		<fpml:sentBy partyIdScheme="http://www.sophis.net/party/partyId/name">BTG</fpml:sentBy>
		<fpml:sendTo partyIdScheme="http://www.sophis.net/party/partyId/name">SOPHIS</fpml:sendTo>
		<fpml:creationTimestamp>2005-09-19T13:52:00</fpml:creationTimestamp>
	</fpml:header>

<party:party xmlns:party="http://www.sophis.net/party" xmlns:instrument="http://www.sophis.net/Instrument" common:persistenceType="Shared">

          <party:partyId party:partyIdScheme="http://www.sophis.net/party/partyId/name">Test_Cpty_BIC_v4</party:partyId>
          <party:partyId party:partyIdScheme="http://www.sophis.net/party/partyId/reference">Test_Cpty_BIC_v4</party:partyId>
          <party:partyName>Test_Cpty_BIC_v4</party:partyName>
          <party:description>
            <party:institution>
              <party:clearingMember>true</party:clearingMember>
            </party:institution>
            <party:names>
            	<party:reference>Test_Cpty_BIC_v4</party:reference>
            </party:names>
            <party:address>
              <party:identification>
				<party:swiftCode>12345SWIFT</party:swiftCode>
			  </party:identification>
              <party:contactNumbers/>
              <party:contacts/>
            </party:address>
          </party:description>

</party:party>


</exch:import>