TYPE,TRADE_DATE,TRADER,COUNTERPARTY_ID,FUNDID,FOLIO_ID,BROKER_ID,DESPOSITARY_ID,COMMENTS,SPT_BASE_CURRENCY,SPT_QUOTE_CURRENCY,SPT_BASE_AMOUNT,SPT_QUOTE_AMOUNT,SPT_RATE,SPT_QUOTE_BASIS,SPT_SETTLEMENT_DATE
FX_SPT,03/09/2018 00:00,Helen Zheng,10010876,10003506,138237,10010876,10027731,FX Rolls,AUD,BRL,-1000,-3039.8,3.0398,CCY1PERCCY2,05/09/2018
FX_SPT,03/09/2018 00:00,Helen Zheng,10010876,10003506,138237,10010876,10027731,FX Rolls,AUD,BRL,-600,-1823.88,3.0398,CCY1PERCCY2,05/09/2018
FX_SPT,03/09/2018 00:00,Helen Zheng,10010876,10003506,138287,10010876,10027731,FX Rolls,AUD,BRL,-1000,-3029.4,3.0294,CCY1PERCCY2,04/09/2018
FX_SPT,03/09/2018 00:00,Helen Zheng,10010876,10003506,138288,10010876,10027731,FX Rolls,AUD,BRL,-600,-1817.64,3.0294,CCY1PERCCY2,04/09/2018
FX_SPT,03/09/2018 00:00,Helen Zheng,10010876,10003506,138287,10010876,10027731,FX Rolls,AUD,BRL,1000,3039.8,3.0398,CCY1PERCCY2,05/09/2018
FX_SPT,03/09/2018 00:00,Helen Zheng,10010876,10003506,138288,10010876,10027731,FX Rolls,AUD,BRL,600,1823.88,3.0398,CCY1PERCCY2,05/09/2018
FX_SPT,03/09/2018 00:00,Helen Zheng,10010876,10003506,138237,10010876,10027731,FX Rolls,AUD,BRL,600,1817.64,3.0294,CCY1PERCCY2,04/09/2018
FX_SPT,03/09/2018 00:00,Helen Zheng,10010876,10003506,138237,10010876,10027731,FX Rolls,AUD,BRL,1000,3029.4,3.0294,CCY1PERCCY2,04/09/2018
