TYPE,TRADE_DATE,TRADER,COUNTERPARTY_ID,FUNDID,FOLIO_ID,BROKER_ID,DESPOSITARY_ID,COMMENTS,SPT_BASE_CURRENCY,SPT_QUOTE_CURRENCY,SPT_BASE_AMOUNT,SPT_QUOTE_AMOUNT,SPT_RATE,SPT_QUOTE_BASIS,SPT_SETTLEMENT_DATE
FX_SPT,03/09/2018 00:00,Helen Zheng,10010876,10003506,138237,10010876,10027731,FX Rolls,USD,DKK,-1000,-6387.591307,6.387591307,CCY1PERCCY2,06/09/2018
FX_SPT,03/09/2018 00:00,Helen Zheng,10010876,10003506,138237,10010876,10027731,FX Rolls,USD,DKK,-500,-3193.795653,6.387591307,CCY1PERCCY2,06/09/2018
FX_SPT,03/09/2018 00:00,Helen Zheng,10010876,10003506,138287,10010876,10027731,FX Rolls,USD,DKK,-1000,-6388.6,6.3886,CCY1PERCCY2,05/09/2018
FX_SPT,03/09/2018 00:00,Helen Zheng,10010876,10003506,138288,10010876,10027731,FX Rolls,USD,DKK,-500,-3194.3,6.3886,CCY1PERCCY2,05/09/2018
FX_SPT,03/09/2018 00:00,Helen Zheng,10010876,10003506,138287,10010876,10027731,FX Rolls,USD,DKK,1000,6387.591307,6.387591307,CCY1PERCCY2,06/09/2018
FX_SPT,03/09/2018 00:00,Helen Zheng,10010876,10003506,138288,10010876,10027731,FX Rolls,USD,DKK,500,3193.795653,6.387591307,CCY1PERCCY2,06/09/2018
FX_SPT,03/09/2018 00:00,Helen Zheng,10010876,10003506,138237,10010876,10027731,FX Rolls,USD,DKK,500,3194.3,6.3886,CCY1PERCCY2,05/09/2018
FX_SPT,03/09/2018 00:00,Helen Zheng,10010876,10003506,138237,10010876,10027731,FX Rolls,USD,DKK,1000,6388.6,6.3886,CCY1PERCCY2,05/09/2018

