TYPE,TRADE_DATE,TRADER,COUNTERPARTY_ID,FUNDID,FOLIO_ID,BROKER_ID,DESPOSITARY_ID,COMMENTS,SPT_BASE_CURRENCY,SPT_QUOTE_CURRENCY,SPT_BASE_AMOUNT,SPT_QUOTE_AMOUNT,SPT_RATE,SPT_QUOTE_BASIS,SPT_SETTLEMENT_DATE
FX_SPT,03/09/2018 00:00,Andrea Fioravanti,10010876,12506,138239,10010876,10027731,FX Rolls,GBP,USD,-15000000,-19800000,1.32,CCY1PERCCY2,06/09/2018
FX_SPT,03/09/2018 00:00,Andrea Fioravanti,10010876,12506,138239,10010876,10027731,FX Rolls,GBP,USD,2000000,2640000,1.32,CCY1PERCCY2,06/09/2018
FX_SPT,03/09/2018 00:00,Andrea Fioravanti,10010876,12506,138287,10010876,10027731,FX Rolls,GBP,USD,2000000,2620000,1.31,CCY1PERCCY2,05/09/2018
FX_SPT,03/09/2018 00:00,Andrea Fioravanti,10010876,12506,138288,10010876,10027731,FX Rolls,GBP,USD,-15000000,-19650000,1.31,CCY1PERCCY2,05/09/2018
FX_SPT,03/09/2018 00:00,Andrea Fioravanti,10010876,12506,138287,10010876,10027731,FX Rolls,GBP,USD,-2000000,-2640000,1.32,CCY1PERCCY2,06/09/2018
FX_SPT,03/09/2018 00:00,Andrea Fioravanti,10010876,12506,138288,10010876,10027731,FX Rolls,GBP,USD,15000000,19800000,1.32,CCY1PERCCY2,06/09/2018
FX_SPT,03/09/2018 00:00,Andrea Fioravanti,10010876,12506,138239,10010876,10027731,FX Rolls,GBP,USD,-2000000,-2620000,1.31,CCY1PERCCY2,05/09/2018
FX_SPT,03/09/2018 00:00,Andrea Fioravanti,10010876,12506,138239,10010876,10027731,FX Rolls,GBP,USD,15000000,19650000,1.31,CCY1PERCCY2,05/09/2018
