﻿TransactionReferenceNo,Buy/Sell,TradeStatus,FundName,BankAccountID,SettlementDate,PostDate,SecurityID(Sicovam),Reference,Cusip,Sedol,ISIN,Ticker,UnderlyingISIN,SecurityDescription,SecurityType,SecurityTypeDescription,TradeDate,Nominal,Quantity,NetAmountInBaseCCY,PriceInBaseCCY,BaseCCY,NetAmountInLocalCCY,PriceInLocalCCY,LocalCCY,BusinessEvent,Comment,ContractSize,Strike,Operator,PaymentDate,Counterparty,Broker,GrossAmountInSettlementCCY,TopStrategy,FXRate,ParentId,FUT_Market,FUT_PutCall,Fees,BackOfficeStatus,Loanxid,Depositary,Settlement Type,Underlying Contract Size,Fixed Rate,Start Date,Maturity Date,Strategy,RED,,Seniority,Restructuring type,ISDA Protocal,CDS Type,Fund,Market Fees,Execution Fees,Creation Type
581640931,B,NEW,GDO MASTER Fund,04F114625,2018-08-29,2018-08-30,71066408,US912796PT04,912796PT0,,US912796PT04,US912796PT04 Govt,,B 02/28/19,Gov Bonds,Bonds,2018-08-29,15000000.000000000000,15000000.000000000000,0.000000000000,0.000000000000,USD,0.000000000000,0.000000000000,USD,Purchase/Sale,,0.010000000000,,Marcos Flaks,2018-08-29,PB TRANSFER CANTOR,PB TRANSFER CANTOR,0,Treasury Offshore,1,,Brazil Fixed income USD,,0,Modified FM / Checked MO,,MS-EQTY MAIN-04F114625,,0,,,,,,,,,,,,0.000000000000,0,Manual,
581640929,SS,NEW,GDO MASTER Fund,75002891,2018-08-29,2018-08-30,71066408,US912796PT04,912796PT0,,US912796PT04,US912796PT04 Govt,,B 02/28/19,Gov Bonds,Bonds,2018-08-29,-15000000.000000000000,-15000000.000000000000,0.000000000000,0.000000000000,USD,0.000000000000,0.000000000000,USD,Purchase/Sale,,0.010000000000,,Marcos Flaks,2018-08-29,PB TRANSFER MS,PB TRANSFER MS,0,Treasury Offshore,1,,Brazil Fixed income USD,,0,Checked FM / Checked MO,,CANTOR-FI-75002891,,0,,,,,,,,,,,,0.000000000000,0,Manual,
581783258,SS,NEW,GDO MASTER Fund,04F105094,2018-08-31,2018-08-30,68290737,GLD US Equity,78463V107,B046RT1,US78463V1070,GLD US Equity,,SPDR GOLD TRUST,Shares - ETF,Shares,2018-08-29,-0.000000000000,-1188.000000000000,-135616.752000000010,114.160000000000,USD,-135616.752000000010,114.160000000000,USD,Short sale,EMSX_j8EyqWbQRQaTH0XRpGZpvwA_uyRBrPxnQna2oWUrUt_jXgA_20180829,1.000000000000,,Ali Biaz,2018-08-31,MORGAN STANLEY-DMA 1.25,MORGAN STANLEY-DMA 1.25,-135622.079999999990,EQ Quant,1,581783256,New York Stock Exchange,,5.328,TA Accepted / Checked MO,,MS-EQTY QUANT-04F105094,,,,,,,,,,,,,,1.764000000000,3.564,Electronic,
581639314,B,NEW,GDO MASTER Fund,I0002566,2018-08-28,2018-08-30,68118266,Internal Transfer USD,,,,Internal Transfer USD,,Internal Transfer USD,Cash,Commissions,2018-08-28,0.000000000000,1.000000000000,-273760.270000000020,273760.270000000020,USD,-273760.270000000020,273760.270000000020,USD,Commission,,1.000000000000,,Daniel Conboy,2018-08-28,UBS US LLC,UBS US LLC,273760.270000000020,Treasury Offshore,1,,,,0,Checked FM / Checked MO,,UBS-EQTY-I0002566-GDO,,,,,,,,,,,,,,0.000000000000,0,Manual,
581639316,SS,NEW,GDO MASTER Fund,C0002566,2018-08-28,2018-08-30,68118266,Internal Transfer USD,,,,Internal Transfer USD,,Internal Transfer USD,Cash,Commissions,2018-08-28,-0.000000000000,-1.000000000000,273760.270000000020,273760.270000000020,USD,273760.270000000020,273760.270000000020,USD,Commission,,1.000000000000,,Daniel Conboy,2018-08-28,UBS US LLC,UBS US LLC,-273760.270000000020,Treasury Offshore,1,,,,0,Checked FM / Checked MO,,GBO-UBS-OTCVM-MAIN-GDO,,,,,,,,,,,,,,0.000000000000,0,Manual,
581639318,SS,NEW,GDO MASTER Fund,04F105094,2018-08-28,2018-08-30,68118266,Internal Transfer USD,,,,Internal Transfer USD,,Internal Transfer USD,Cash,Commissions,2018-08-28,-0.000000000000,-1.000000000000,1042.620000000000,1042.620000000000,USD,1042.620000000000,1042.620000000000,USD,Commission,,1.000000000000,,Daniel Conboy,2018-08-28,MSIL,MSIL,-1042.620000000000,Treasury Offshore,1,,,,0,Checked FM / Checked MO,,MS-EQTY QUANT-04F105094,,,,,,,,,,,,,,0.000000000000,0,Manual,
581639320,B,NEW,GDO MASTER Fund,04FY02B63,2018-08-28,2018-08-30,68118266,Internal Transfer USD,,,,Internal Transfer USD,,Internal Transfer USD,Cash,Commissions,2018-08-28,0.000000000000,1.000000000000,-1042.620000000000,1042.620000000000,USD,-1042.620000000000,1042.620000000000,USD,Commission,,1.000000000000,,Daniel Conboy,2018-08-28,MSIL,MSIL,1042.620000000000,Treasury Offshore,1,,,,0,Checked FM / Checked MO,,MS-SVM-EQ QUANT-GDO,,,,,,,,,,,,,,0.000000000000,0,Manual,
581639322,SS,NEW,GDO MASTER Fund,04F114625,2018-08-28,2018-08-30,68118266,Internal Transfer USD,,,,Internal Transfer USD,,Internal Transfer USD,Cash,Commissions,2018-08-28,-0.000000000000,-1.000000000000,74913.449999999997,74913.449999999997,USD,74913.449999999997,74913.449999999997,USD,Commission,,1.000000000000,,Daniel Conboy,2018-08-28,MSIL,MSIL,-74913.449999999997,Treasury Offshore,1,,,,0,Checked FM / Checked MO,,MS-EQTY MAIN-04F114625,,,,,,,,,,,,,,0.000000000000,0,Manual,
581639324,B,NEW,GDO MASTER Fund,04FX02GS2,2018-08-28,2018-08-30,68118266,Internal Transfer USD,,,,Internal Transfer USD,,Internal Transfer USD,Cash,Commissions,2018-08-28,0.000000000000,1.000000000000,-74913.449999999997,74913.449999999997,USD,-74913.449999999997,74913.449999999997,USD,Commission,,1.000000000000,,Daniel Conboy,2018-08-28,MSIL,MSIL,74913.449999999997,Treasury Offshore,1,,,,0,Checked FM / Checked MO,,MS-OVM-EQ MAIN-GDO,,,,,,,,,,,,,,0.000000000000,0,Manual,
581639326,SS,NEW,GDO MASTER Fund,04F114625,2018-08-28,2018-08-30,68118258,Internal transfer EUR,,,,Internal transfer EUR,,Internal Transfer EUR,Cash,Commissions,2018-08-28,-0.000000000000,-1.000000000000,49486.660000000003,49486.660000000003,EUR,49486.660000000003,49486.660000000003,EUR,Commission,,1.000000000000,,Daniel Conboy,2018-08-28,MSIL,MSIL,-49486.660000000003,Treasury Offshore,1,,,,0,Checked FM / Checked MO,,MS-EQTY MAIN-04F114625,,,,,,,,,,,,,,0.000000000000,0,Manual,
581639328,B,NEW,GDO MASTER Fund,045621XW4,2018-08-28,2018-08-30,68118258,Internal transfer EUR,,,,Internal transfer EUR,,Internal Transfer EUR,Cash,Commissions,2018-08-28,0.000000000000,1.000000000000,-49486.660000000003,49486.660000000003,EUR,-49486.660000000003,49486.660000000003,EUR,Commission,,1.000000000000,,Daniel Conboy,2018-08-28,MSIL,MSIL,49486.660000000003,Treasury Offshore,1,,,,0,Checked FM / Checked MO,,MS-LISTED DERIVS-GDO,,,,,,,,,,,,,,0.000000000000,0,Manual,
581639330,SS,NEW,GDO MASTER Fund,009BTGDO,2018-08-28,2018-08-30,68123761,Internal transfer HKD,,,,Internal transfer HKD,,Internal Transfer HKD,Cash,Commissions,2018-08-28,-0.000000000000,-1.000000000000,3404355.930000000200,3404355.930000000200,HKD,3404355.930000000200,3404355.930000000200,HKD,Commission,,1.000000000000,,Daniel Conboy,2018-08-28,UBS US LLC,UBS US LLC,-3404355.930000000200,Treasury Offshore,1,,,,0,Checked FM / Checked MO,,UBS -ETD- 009BTGDO,,,,,,,,,,,,,,0.000000000000,0,Manual,
581639332,B,NEW,GDO MASTER Fund,I0002566,2018-08-28,2018-08-30,68123761,Internal transfer HKD,,,,Internal transfer HKD,,Internal Transfer HKD,Cash,Commissions,2018-08-28,0.000000000000,1.000000000000,-3404355.930000000200,3404355.930000000200,HKD,-3404355.930000000200,3404355.930000000200,HKD,Commission,,1.000000000000,,Daniel Conboy,2018-08-28,UBS US LLC,UBS US LLC,3404355.930000000200,Treasury Offshore,1,,,,0,Checked FM / Checked MO,,UBS-EQTY-I0002566-GDO,,,,,,,,,,,,,,0.000000000000,0,Manual,
581639334,SS,NEW,GDO MASTER Fund,04F114625,2018-08-28,2018-08-30,68129476,Internal Transfer SEK,,,,Internal Transfer SEK,,Internal Transfer SEK,Cash,Commissions,2018-08-28,-0.000000000000,-1.000000000000,14725.000000000000,14725.000000000000,SEK,14725.000000000000,14725.000000000000,SEK,Commission,,1.000000000000,,Daniel Conboy,2018-08-28,MSIL,MSIL,-14725.000000000000,Treasury Offshore,1,,,,0,Checked FM / Checked MO,,MS-EQTY MAIN-04F114625,,,,,,,,,,,,,,0.000000000000,0,Manual,
581639336,B,NEW,GDO MASTER Fund,045621XW4,2018-08-28,2018-08-30,68129476,Internal Transfer SEK,,,,Internal Transfer SEK,,Internal Transfer SEK,Cash,Commissions,2018-08-28,0.000000000000,1.000000000000,-14725.000000000000,14725.000000000000,SEK,-14725.000000000000,14725.000000000000,SEK,Commission,,1.000000000000,,Daniel Conboy,2018-08-28,MSIL,MSIL,14725.000000000000,Treasury Offshore,1,,,,0,Checked FM / Checked MO,,MS-LISTED DERIVS-GDO,,,,,,,,,,,,,,0.000000000000,0,Manual,
581639338,B,NEW,GDO MASTER Fund,04F114625,2018-08-28,2018-08-30,68118266,Internal Transfer USD,,,,Internal Transfer USD,,Internal Transfer USD,Cash,Commissions,2018-08-28,0.000000000000,1.000000000000,-142766.610000000020,142766.610000000020,USD,-142766.610000000020,142766.610000000020,USD,Commission,,1.000000000000,,Daniel Conboy,2018-08-28,MSIL,MSIL,142766.609999999990,Treasury Offshore,1,,,,0,Checked FM / Checked MO,,MS-EQTY MAIN-04F114625,,,,,,,,,,,,,,0.000000000000,0,Manual,
581639340,SS,NEW,GDO MASTER Fund,045621XW4,2018-08-28,2018-08-30,68118266,Internal Transfer USD,,,,Internal Transfer USD,,Internal Transfer USD,Cash,Commissions,2018-08-28,-0.000000000000,-1.000000000000,142766.610000000020,142766.610000000020,USD,142766.610000000020,142766.610000000020,USD,Commission,,1.000000000000,,Daniel Conboy,2018-08-28,MSIL,MSIL,-142766.609999999990,Treasury Offshore,1,,,,0,Checked FM / Checked MO,,MS-LISTED DERIVS-GDO,,,,,,,,,,,,,,0.000000000000,0,Manual,
581639342,B,NEW,GDO MASTER Fund,009BTGDO,2018-08-28,2018-08-30,68118266,Internal Transfer USD,,,,Internal Transfer USD,,Internal Transfer USD,Cash,Commissions,2018-08-28,0.000000000000,1.000000000000,-169766.000000000000,169766.000000000000,USD,-169766.000000000000,169766.000000000000,USD,Commission,,1.000000000000,,Daniel Conboy,2018-08-28,UBS US LLC,UBS US LLC,169766.000000000000,Treasury Offshore,1,,,,0,Checked FM / Checked MO,,UBS -ETD- 009BTGDO,,,,,,,,,,,,,,0.000000000000,0,Manual,
581639344,SS,NEW,GDO MASTER Fund,I0002566,2018-08-28,2018-08-30,68118266,Internal Transfer USD,,,,Internal Transfer USD,,Internal Transfer USD,Cash,Commissions,2018-08-28,-0.000000000000,-1.000000000000,169766.000000000000,169766.000000000000,USD,169766.000000000000,169766.000000000000,USD,Commission,,1.000000000000,,Daniel Conboy,2018-08-28,UBS US LLC,UBS US LLC,-169766.000000000000,Treasury Offshore,1,,,,0,Checked FM / Checked MO,,UBS-EQTY-I0002566-GDO,,,,,,,,,,,,,,0.000000000000,0,Manual,
581644075,B,NEW,GDO MASTER Fund,04F105094,2018-08-31,2018-08-30,68277129,CON GY Equity,,4598589,DE0005439004,CON GY Equity,,CONTINENTAL AG,Shares,Shares,2018-08-29,0.000000000000,240.000000000000,38488.428000000000,160.350000000000,EUR,38488.428000000000,160.350000000000,EUR,Purchase/Sale,EMSX_27YXQWLTRwir9isZcZghKAA_PrKrw_cbTJ2sJOsdg0GDJwA_20180829,1.000000000000,,Ali Biaz,2018-08-31,MORGAN STANLEY-DMA 1.25,MORGAN STANLEY-DMA 1.25,38484.000000000000,EQ Quant,1,581644012,XETRA,,4.428,TA Accepted / Checked MO,,MS-EQTY QUANT-04F105094,,,,,,,,,,,,,,0.000000000000,4.428,Electronic,
581643909,B,NEW,GDO MASTER Fund,045621XW4,2018-08-29,2018-08-30,71024833,VGU8 Index,VGU8,,DE000C0NSEQ9,VGU8 Index,EU0009658145,EURO STOXX 50 Sep18,Futures,Index Futures,2018-08-29,0.000000000000,11.000000000000,6.490000000000,3455.368421052640,EUR,6.490000000000,3455.36842105264,EUR,Purchase/Sale,EMSX_Fiy72NQsT7OF1PqejCr04gA_182869_20180829,10.000000000000,,Hugo Dose,2018-08-29,MORGAN STANLEY-DMA 2BPS,MORGAN STANLEY-DMA 2BPS,380090.530000000030,EQ Volatility,1,581643090,EUREX DJ Stoxx 600 & Eurostoxx Sector I,,6.49,TA Accepted / Checked MO,,MS-LISTED DERIVS-GDO,Cash,1,,,,,,,,,,,,5.170000000000,1.32,Electronic,
581643901,SS,NEW,GDO MASTER Fund,045621XW4,2018-08-29,2018-08-30,71024833,VGU8 Index,VGU8,,DE000C0NSEQ9,VGU8 Index,EU0009658145,EURO STOXX 50 Sep18,Futures,Index Futures,2018-08-29,-0.000000000000,-23.000000000000,13.570000000000,3454.157894736840,EUR,13.570000000000,3454.15789473684,EUR,Purchase/Sale,EMSX_trp_FkLjQDe9ibVR2Ct9NgA_182866_20180829,10.000000000000,,Hugo Dose,2018-08-29,MORGAN STANLEY-DMA 2BPS,MORGAN STANLEY-DMA 2BPS,-794456.319999999950,EQ Volatility,1,581643098,EUREX DJ Stoxx 600 & Eurostoxx Sector I,,13.57,TA Accepted / Checked MO,,MS-LISTED DERIVS-GDO,Cash,1,,,,,,,,,,,,10.810000000000,2.76,Electronic,
581643893,SS,NEW,GDO MASTER Fund,045621XW4,2018-08-29,2018-08-30,71024521,STU8 Index,STU8,,IT0014133851,STU8 Index,IT0003465736,FTSE/MIB IDX FUT Sep18,Futures,Index Futures,2018-08-29,-0.000000000000,-10.000000000000,10.400000000000,20727.058823529398,EUR,10.400000000000,20727.058823529398,EUR,Purchase/Sale,EMSX_saK2meIlR6-s9R6bwxQr4QA_182870_20180829,5.000000000000,,Hugo Dose,2018-08-29,MORGAN STANLEY-DMA 2BPS,MORGAN STANLEY-DMA 2BPS,-1036352.939999999900,EQ Volatility,1,581643100,IDEM FTSE MIB Index Futures,,10.4,TA Accepted / Checked MO,,MS-LISTED DERIVS-GDO,Cash,1,,,,,,,,,,,,8.900000000000,1.5,Electronic,
581643885,SS,NEW,GDO MASTER Fund,045621XW4,2018-08-29,2018-08-30,71022304,CAU8 Index,CAU8,,DE000C1JUES7,CAU8 Index,EU0009658426,EURO STOXX BANK Sep18,Futures,Index Futures,2018-08-29,-0.000000000000,-70.000000000000,37.800000000000,106.706034482758,EUR,37.800000000000,106.706034482758,EUR,Purchase/Sale,EMSX_qAuuySjiQeCosUESmZBbUgA_182867_20180829,50.000000000000,,Hugo Dose,2018-08-29,MORGAN STANLEY-DMA 2BPS,MORGAN STANLEY-DMA 2BPS,-373471.120000000000,EQ Volatility,1,581643096,EUREX DJ Stoxx 600 & Eurostoxx SCTR 2 ,,37.8,TA Accepted / Checked MO,,MS-LISTED DERIVS-GDO,Cash,1,,,,,,,,,,,,29.400000000000,8.4,Electronic,
581643877,B,NEW,GDO MASTER Fund,045621XW4,2018-08-29,2018-08-30,71022304,CAU8 Index,CAU8,,DE000C1JUES7,CAU8 Index,EU0009658426,EURO STOXX BANK Sep18,Futures,Index Futures,2018-08-29,0.000000000000,161.000000000000,86.940000000000,106.794423791823,EUR,86.940000000000,106.794423791823,EUR,Purchase/Sale,EMSX_L_L-XoWfR0G4OezmItAv5QA_182865_20180829,50.000000000000,,Hugo Dose,2018-08-29,MORGAN STANLEY-DMA 2BPS,MORGAN STANLEY-DMA 2BPS,859695.109999999990,EQ Volatility,1,581643094,EUREX DJ Stoxx 600 & Eurostoxx SCTR 2 ,,86.94,TA Accepted / Checked MO,,MS-LISTED DERIVS-GDO,Cash,1,,,,,,,,,,,,67.620000000000,19.32,Electronic,
581643869,B,NEW,GDO MASTER Fund,045621XW4,2018-08-29,2018-08-30,71046389,BJU8 Index,BJU8,,DE000C1JUG08,BJU8 Index,EU0009658806,STOXX 600 BANK Sep18,Futures,Index Futures,2018-08-29,0.000000000000,28.000000000000,15.120000000000,157.319148936170,EUR,15.120000000000,157.31914893617,EUR,Purchase/Sale,EMSX_9JW4sJUAReGaJ6zW43J64QA_182868_20180829,50.000000000000,,Hugo Dose,2018-08-29,MORGAN STANLEY-DMA 2BPS,MORGAN STANLEY-DMA 2BPS,220246.810000000000,EQ Volatility,1,581643092,EUREX DJ Stoxx 600 & Eurostoxx SCTR 2 ,,15.12,TA Accepted / Checked MO,,MS-LISTED DERIVS-GDO,Cash,1,,,,,,,,,,,,11.760000000000,3.36,Electronic,
581644253,B,NEW,GDO MASTER Fund,045621XW4,2018-08-29,2018-08-30,71024496,QCU8 Index,QCU8,,SE0010345215,QCU8 Index,SE0000337842,OMXS30 IND FUTURE Sep18,Futures,Index Futures,2018-08-29,0.000000000000,1.000000000000,20.000000000000,1678.000000000000,SEK,20.000000000000,1678,SEK,Purchase/Sale,EMSX_Ceps6aBzRz6J1xr4EIBH5AA_184661_20180829,100.000000000000,,Ali Biaz,2018-08-29,MORGAN STANLEY-DMA 2BPS,MORGAN STANLEY-DMA 2BPS,167800.000000000000,EQ Quant,1,581644250,EDX OMLX OMX Index Futures,,20,TA Accepted / Checked MO,,MS-LISTED DERIVS-GDO,Cash,1,,,,,,,,,,,,15.000000000000,5,Electronic,
581644003,B,NEW,GDO MASTER Fund,045621XW4,2018-08-29,2018-08-30,67710602,DEDZ0 Index,DEDZ0,,DE000F4ZCL94,DEDZ0 Index,,SX5E Dividend Fut Dec20,Dividend Future,Index Futures,2018-08-29,0.000000000000,300.000000000000,432.000000000000,126.200000000000,EUR,432.000000000000,126.2,EUR,Purchase/Sale,EMSX_zOWyt3gyTIiYpDJ_IUeVxwA_141598_20180829,100.000000000000,,Hugo Dose,2018-08-29,MORGAN STANLEY-DMA 2BPS,MORGAN STANLEY-DMA 2BPS,3786000.000000000000,EQ Volatility,1,581638413,EUREX Single Stock Dividend Futures,,432,TA Accepted / Checked MO,,MS-LISTED DERIVS-GDO,Cash,0,,,,,,,,,,,,396.000000000000,36,Electronic,
581643995,B,NEW,GDO MASTER Fund,045621XW4,2018-08-29,2018-08-30,67710602,DEDZ0 Index,DEDZ0,,DE000F4ZCL94,DEDZ0 Index,,SX5E Dividend Fut Dec20,Dividend Future,Index Futures,2018-08-29,0.000000000000,150.000000000000,216.000000000000,126.000000000000,EUR,216.000000000000,126,EUR,Purchase/Sale,EMSX_9YJYG2AKSrGrf7gC5-pu2gA_142145_20180829,100.000000000000,,Hugo Dose,2018-08-29,MORGAN STANLEY-DMA 2BPS,MORGAN STANLEY-DMA 2BPS,1890000.000000000000,EQ Volatility,1,581638617,EUREX Single Stock Dividend Futures,,216,TA Accepted / Checked MO,,MS-LISTED DERIVS-GDO,Cash,0,,,,,,,,,,,,198.000000000000,18,Electronic,
581644354,B,NEW,GDO MASTER Fund,SG-OTC-GDO,2018-08-29,2018-08-30,71066767,VoS FCA@35.5 SG 1219,,,,,NL0010877643,VolSwpC FCA IM@35.5(333) SG 1219,Volatility Swap,Total Return Swaps,2018-08-29,3000000.000000000000,0.600000000000,0.000000000000,0.000000000000,EUR,0.000000000000,0.000000000000,EUR,Purchase/Sale,,50000.000000000000,,Benjamin Clerget,2018-08-29,SOCG,SOCG,0.000000000000,EQ Volatility,1,581499621,,,0,TA Accepted / Pending MO,,SG-OTC-GDO,,,,,,,,,,,,,,0.000000000000,0,Manual,
581357658,B,AME,GDO MASTER Fund,ML- OTC- GDO,2018-08-30,2018-08-30,71009882,VoS SX5E@20.07 ML 1218,,,,VoS SX5E@20.07 ML 1218,EU0009658145,VolSwpC SX5E@20.07(264) ML 1218,Volatility Swap - Conditional,Total Return Swaps,2018-08-28,25000000.000000000000,0.500000000000,-325000.000000000000,-1.300000000000,EUR,-325000.000000000000,-1.300000000000,EUR,Full Unwind,,500000.000000000000,,Benjamin Clerget,2018-08-30,ML INT,ML INT,-325000.000000000000,EQ Volatility,1,,,,0,Modified FM / Checked MO,,ML- OTC- GDO,,,,,,,,,,,,,,0.000000000000,0,Manual,
581357574,SS,AME,GDO MASTER Fund,ML- OTC- GDO,2018-08-30,2018-08-30,71009884,VoS ADS@26.01 ML 1218,,,,VoS ADS@26.01 ML 1218,DE000A1EWWW0,VolSwpC ADS GY@26.01(263) ML 1218,Volatility Swap - Conditional Ref Index,Total Return Swaps,2018-08-28,-370000.000000000000,-0.500000000000,0.000000000000,0.000000000000,EUR,0.000000000000,0.000000000000,EUR,Full Unwind,,7400.000000000000,,Benjamin Clerget,2018-08-30,ML INT,ML INT,0.000000000000,EQ Volatility,1,,,,0,Modified FM / Checked MO,,ML- OTC- GDO,,,,,,,,,,,,,,0.000000000000,0,Manual,
581357572,SS,AME,GDO MASTER Fund,ML- OTC- GDO,2018-08-30,2018-08-30,71009886,VoS AD@24.68 ML 1218,,,,VoS AD@24.68 ML 1218,NL0011794037,VolSwpC AD NA@24.68(264) ML 1218,Volatility Swap - Conditional Ref Index,Total Return Swaps,2018-08-28,-200000.000000000000,-0.500000000000,0.000000000000,0.000000000000,EUR,0.000000000000,0.000000000000,EUR,Full Unwind,,4000.000000000000,,Benjamin Clerget,2018-08-30,ML INT,ML INT,0.000000000000,EQ Volatility,1,,,,0,Modified FM / Checked MO,,ML- OTC- GDO,,,,,,,,,,,,,,0.000000000000,0,Manual,
581357576,SS,AME,GDO MASTER Fund,ML- OTC- GDO,2018-08-30,2018-08-30,71009888,VoS AI@23.44 ML 1218,,,,VoS AI@23.44 ML 1218,FR0000120073,VolSwpC AI FP@23.44(264) ML 1218,Volatility Swap - Conditional Ref Index,Total Return Swaps,2018-08-28,-462500.000000000000,-0.500000000000,0.000000000000,0.000000000000,EUR,0.000000000000,0.000000000000,EUR,Full Unwind,,9250.000000000000,,Benjamin Clerget,2018-08-30,ML INT,ML INT,0.000000000000,EQ Volatility,1,,,,0,Modified FM / Checked MO,,ML- OTC- GDO,,,,,,,,,,,,,,0.000000000000,0,Manual,
581357580,SS,AME,GDO MASTER Fund,ML- OTC- GDO,2018-08-30,2018-08-30,71009890,VoS ALV@22.95 ML 1218,,,,VoS ALV@22.95 ML 1218,DE0008404005,VolSwpC ALV GY@22.95(263) ML 1218,Volatility Swap - Conditional Ref Index,Total Return Swaps,2018-08-28,-885000.000000000000,-0.500000000000,0.000000000000,0.000000000000,EUR,0.000000000000,0.000000000000,EUR,Full Unwind,,17700.000000000000,,Benjamin Clerget,2018-08-30,ML INT,ML INT,0.000000000000,EQ Volatility,1,,,,0,Modified FM / Checked MO,,ML- OTC- GDO,,,,,,,,,,,,,,0.000000000000,0,Manual,
581357582,SS,AME,GDO MASTER Fund,ML- OTC- GDO,2018-08-30,2018-08-30,71009892,VoS ASML@31.99 ML 1218,,,,VoS ASML@31.99 ML 1218,NL0010273215,VolSwpC ASML NA@31.99(264) ML 1218,Volatility Swap - Conditional Ref Index,Total Return Swaps,2018-08-28,-580000.000000000000,-0.500000000000,0.000000000000,0.000000000000,EUR,0.000000000000,0.000000000000,EUR,Full Unwind,,11600.000000000000,,Benjamin Clerget,2018-08-30,ML INT,ML INT,0.000000000000,EQ Volatility,1,,,,0,Modified FM / Checked MO,,ML- OTC- GDO,,,,,,,,,,,,,,0.000000000000,0,Manual,
581357596,SS,AME,GDO MASTER Fund,ML- OTC- GDO,2018-08-30,2018-08-30,71009894,VoS CS@25.21 ML 1218,,,,VoS CS@25.21 ML 1218,FR0000120628,VolSwpC CS FP@25.21(264) ML 1218,Volatility Swap - Conditional Ref Index,Total Return Swaps,2018-08-28,-550000.000000000000,-0.500000000000,0.000000000000,0.000000000000,EUR,0.000000000000,0.000000000000,EUR,Full Unwind,,11000.000000000000,,Benjamin Clerget,2018-08-30,ML INT,ML INT,0.000000000000,EQ Volatility,1,,,,0,Modified FM / Checked MO,,ML- OTC- GDO,,,,,,,,,,,,,,0.000000000000,0,Manual,
581357584,SS,AME,GDO MASTER Fund,ML- OTC- GDO,2018-08-30,2018-08-30,71009896,VoS BAS@23.32 ML 1218,,,,VoS BAS@23.32 ML 1218,DE000BASF111,VolSwpC BAS GY@23.32(263) ML 1218,Volatility Swap - Conditional Ref Index,Total Return Swaps,2018-08-28,-850000.000000000000,-0.500000000000,0.000000000000,0.000000000000,EUR,0.000000000000,0.000000000000,EUR,Full Unwind,,17000.000000000000,,Benjamin Clerget,2018-08-30,ML INT,ML INT,0.000000000000,EQ Volatility,1,,,,0,Modified FM / Checked MO,,ML- OTC- GDO,,,,,,,,,,,,,,0.000000000000,0,Manual,
581357628,SS,AME,GDO MASTER Fund,ML- OTC- GDO,2018-08-30,2018-08-30,71009898,VoS ISP@29.9 ML 1218,,,,VoS ISP@29.9 ML 1218,IT0000072618,VolSwpC ISP IM@29.9(263) ML 1218,Volatility Swap - Conditional Ref Index,Total Return Swaps,2018-08-28,-445000.000000000000,-0.500000000000,0.000000000000,0.000000000000,EUR,0.000000000000,0.000000000000,EUR,Full Unwind,,8900.000000000000,,Benjamin Clerget,2018-08-30,ML INT,ML INT,0.000000000000,EQ Volatility,1,,,,0,Modified FM / Checked MO,,ML- OTC- GDO,,,,,,,,,,,,,,0.000000000000,0,Manual,
581357586,SS,AME,GDO MASTER Fund,ML- OTC- GDO,2018-08-30,2018-08-30,71009900,VoS BAYN@23.61 ML 1218,,,,VoS BAYN@23.61 ML 1218,DE000BAY0017,VolSwpC BAYN GY@23.61(263) ML 1218,Volatility Swap - Conditional Ref Index,Total Return Swaps,2018-08-28,-982500.000000000000,-0.500000000000,0.000000000000,0.000000000000,EUR,0.000000000000,0.000000000000,EUR,Full Unwind,,19650.000000000000,,Benjamin Clerget,2018-08-30,ML INT,ML INT,0.000000000000,EQ Volatility,1,,,,0,Modified FM / Checked MO,,ML- OTC- GDO,,,,,,,,,,,,,,0.000000000000,0,Manual,
581357588,SS,AME,GDO MASTER Fund,ML- OTC- GDO,2018-08-30,2018-08-30,71009902,VoS BBVA@30.46 ML 1218,,,,VoS BBVA@30.46 ML 1218,ES0113211835,VolSwpC BBVA SQ@30.46(264) Ml 1218,Volatility Swap - Conditional Ref Index,Total Return Swaps,2018-08-28,-510000.000000000000,-0.500000000000,0.000000000000,0.000000000000,EUR,0.000000000000,0.000000000000,EUR,Full Unwind,,10200.000000000000,,Benjamin Clerget,2018-08-30,ML INT,ML INT,0.000000000000,EQ Volatility,1,,,,0,Modified FM / Checked MO,,ML- OTC- GDO,,,,,,,,,,,,,,0.000000000000,0,Manual,
581357590,SS,AME,GDO MASTER Fund,ML- OTC- GDO,2018-08-30,2018-08-30,71009904,VoS BMW@23.88 ML 1218,,,,VoS BMW@23.88 ML 1218,DE0005190003,VolSwpC BMW GY@23.88(263) ML 1218,Volatility Swap - Conditional Ref Index,Total Return Swaps,2018-08-28,-285000.000000000000,-0.500000000000,0.000000000000,0.000000000000,EUR,0.000000000000,0.000000000000,EUR,Full Unwind,,5700.000000000000,,Benjamin Clerget,2018-08-30,ML INT,ML INT,0.000000000000,EQ Volatility,1,,,,0,Modified FM / Checked MO,,ML- OTC- GDO,,,,,,,,,,,,,,0.000000000000,0,Manual,
581357594,SS,AME,GDO MASTER Fund,ML- OTC- GDO,2018-08-30,2018-08-30,71009906,VoS BNP@27.01 ML 1218,,,,VoS BNP@27.01 ML 1218,FR0000131104,VolSwpC BNP FP@27.01(264) ML 1218,Volatility Swap - Conditional Ref Index,Total Return Swaps,2018-08-28,-815000.000000000000,-0.500000000000,0.000000000000,0.000000000000,EUR,0.000000000000,0.000000000000,EUR,Full Unwind,,16300.000000000000,,Benjamin Clerget,2018-08-30,ML INT,ML INT,0.000000000000,EQ Volatility,1,,,,0,Modified FM / Checked MO,,ML- OTC- GDO,,,,,,,,,,,,,,0.000000000000,0,Manual,
581357592,SS,AME,GDO MASTER Fund,ML- OTC- GDO,2018-08-30,2018-08-30,71009909,VoS BN@20.07 ML 1218,,,,VoS BN@20.07 ML 1218,FR0000120644,VolSwpC BN FP@20.07(264) Ml 1218,Volatility Swap - Conditional Ref Index,Total Return Swaps,2018-08-28,-430000.000000000000,-0.500000000000,0.000000000000,0.000000000000,EUR,0.000000000000,0.000000000000,EUR,Full Unwind,,8600.000000000000,,Benjamin Clerget,2018-08-30,ML INT,ML INT,0.000000000000,EQ Volatility,1,,,,0,Modified FM / Checked MO,,ML- OTC- GDO,,,,,,,,,,,,,,0.000000000000,0,Manual,
581357600,SS,AME,GDO MASTER Fund,ML- OTC- GDO,2018-08-30,2018-08-30,71009911,VoS DBK@35.55 ML: 1218,,,,VoS DBK@35.55 ML: 1218,DE0005140008,VolSwpC DBK GY@35.55(263) ML 1218,Volatility Swap - Conditional Ref Index,Total Return Swaps,2018-08-28,-277500.000000000000,-0.500000000000,0.000000000000,0.000000000000,EUR,0.000000000000,0.000000000000,EUR,Full Unwind,,5550.000000000000,,Benjamin Clerget,2018-08-30,ML INT,ML INT,0.000000000000,EQ Volatility,1,,,,0,Modified FM / Checked MO,,ML- OTC- GDO,,,,,,,,,,,,,,0.000000000000,0,Manual,
581357598,SS,AME,GDO MASTER Fund,ML- OTC- GDO,2018-08-30,2018-08-30,71009913,VoS DAI@24.08 ML 1218,,,,VoS DAI@24.08 ML 1218,DE0007100000,VolSwpC DAI GY@24.08(263) ML 1218,Volatility Swap - Conditional Ref Index,Total Return Swaps,2018-08-28,-695000.000000000000,-0.500000000000,0.000000000000,0.000000000000,EUR,0.000000000000,0.000000000000,EUR,Full Unwind,,13900.000000000000,,Benjamin Clerget,2018-08-30,ML INT,ML INT,0.000000000000,EQ Volatility,1,,,,0,Modified FM / Checked MO,,ML- OTC- GDO,,,,,,,,,,,,,,0.000000000000,0,Manual,
581357604,SS,AME,GDO MASTER Fund,ML- OTC- GDO,2018-08-30,2018-08-30,71009915,VoS DPW@23.69 ML 1218,,,,VoS DPW@23.69 ML 1218,DE0005552004,VolSwpC DPW GY@23.69(263) ML 1218,Volatility Swap - Conditional Ref Index,Total Return Swaps,2018-08-28,-377500.000000000000,-0.500000000000,0.000000000000,0.000000000000,EUR,0.000000000000,0.000000000000,EUR,Full Unwind,,7550.000000000000,,Benjamin Clerget,2018-08-30,ML INT,ML INT,0.000000000000,EQ Volatility,1,,,,0,Modified FM / Checked MO,,ML- OTC- GDO,,,,,,,,,,,,,,0.000000000000,0,Manual,
581357606,SS,AME,GDO MASTER Fund,ML- OTC- GDO,2018-08-30,2018-08-30,71009917,VoS DTE@20.31 ML 1218,,,,VoS DTE@20.31 ML 1218,DE0005557508,VolSwpC DTE GY@20.31(263) ML 1218,Volatility Swap - Conditional Ref Index,Total Return Swaps,2018-08-28,-530000.000000000000,-0.500000000000,0.000000000000,0.000000000000,EUR,0.000000000000,0.000000000000,EUR,Full Unwind,,10600.000000000000,,Benjamin Clerget,2018-08-30,ML INT,ML INT,0.000000000000,EQ Volatility,1,,,,0,Modified FM / Checked MO,,ML- OTC- GDO,,,,,,,,,,,,,,0.000000000000,0,Manual,
581357578,SS,AME,GDO MASTER Fund,ML- OTC- GDO,2018-08-30,2018-08-30,71009919,VoS AIR@31.15 ML 1218,,,,VoS AIR@31.15 ML 1218,NL0000235190,VolSwpC AIR FP@31.15(264) ML 1218,Volatility Swap - Conditional Ref Index,Total Return Swaps,2018-08-28,-502500.000000000000,-0.500000000000,0.000000000000,0.000000000000,EUR,0.000000000000,0.000000000000,EUR,Full Unwind,,10050.000000000000,,Benjamin Clerget,2018-08-30,ML INT,ML INT,0.000000000000,EQ Volatility,1,,,,0,Modified FM / Checked MO,,ML- OTC- GDO,,,,,,,,,,,,,,0.000000000000,0,Manual,
581357666,SS,AME,GDO MASTER Fund,ML- OTC- GDO,2018-08-30,2018-08-30,71009921,VoS VIV@30.55 ML 1218,,,,VoS VIV@30.55 ML 1218,FR0000127771,VolSwpC VIV FP@30.55(264) ML 1218,Volatility Swap - Conditional Ref Index,Total Return Swaps,2018-08-28,-225000.000000000000,-0.500000000000,0.000000000000,0.000000000000,EUR,0.000000000000,0.000000000000,EUR,Full Unwind,,4500.000000000000,,Benjamin Clerget,2018-08-30,ML INT,ML INT,0.000000000000,EQ Volatility,1,,,,0,Modified FM / Checked MO,,ML- OTC- GDO,,,,,,,,,,,,,,0.000000000000,0,Manual,
581357610,SS,AME,GDO MASTER Fund,ML- OTC- GDO,2018-08-30,2018-08-30,71009923,VoS ENEL@25.38 ML 1218,,,,VoS ENEL@25.38 ML 1218,IT0003128367,VolSwpC ENEL IM@25.38(263) ML 1218,Volatility Swap - Conditional Ref Index,Total Return Swaps,2018-08-28,-405000.000000000000,-0.500000000000,0.000000000000,0.000000000000,EUR,0.000000000000,0.000000000000,EUR,Full Unwind,,8100.000000000000,,Benjamin Clerget,2018-08-30,ML INT,ML INT,0.000000000000,EQ Volatility,1,,,,0,Modified FM / Checked MO,,ML- OTC- GDO,,,,,,,,,,,,,,0.000000000000,0,Manual,
581357614,SS,AME,GDO MASTER Fund,ML- OTC- GDO,2018-08-30,2018-08-30,71009925,VoS ENI@22.07 ML 1218,,,,VoS ENI@22.07 ML 1218,IT0003132476,VolSwpC ENI IM@22.07(263) ML 1218,Volatility Swap - Conditional Ref Index,Total Return Swaps,2018-08-28,-367500.000000000000,-0.500000000000,0.000000000000,0.000000000000,EUR,0.000000000000,0.000000000000,EUR,Full Unwind,,7350.000000000000,,Benjamin Clerget,2018-08-30,ML INT,ML INT,0.000000000000,EQ Volatility,1,,,,0,Modified FM / Checked MO,,ML- OTC- GDO,,,,,,,,,,,,,,0.000000000000,0,Manual,
581357608,SS,AME,GDO MASTER Fund,ML- OTC- GDO,2018-08-30,2018-08-30,71009927,VoS EI@23.46 ML 1218,,,,VoS EI@23.46 ML 1218,FR0000121667,VolSwpC EI FP@23.46(264) ML 1218,Volatility Swap - Conditional Ref Index,Total Return Swaps,2018-08-28,-237500.000000000000,-0.500000000000,0.000000000000,0.000000000000,EUR,0.000000000000,0.000000000000,EUR,Full Unwind,,4750.000000000000,,Benjamin Clerget,2018-08-30,ML INT,ML INT,0.000000000000,EQ Volatility,1,,,,0,Modified FM / Checked MO,,ML- OTC- GDO,,,,,,,,,,,,,,0.000000000000,0,Manual,
581357620,SS,AME,GDO MASTER Fund,ML- OTC- GDO,2018-08-30,2018-08-30,71009929,VoS FRE@25.91 ML 1218,,,,VoS FRE@25.91 ML 1218,DE0005785604,VolSwpC FRE GY@25.91(263) ML 1218,Volatility Swap - Conditional Ref Index,Total Return Swaps,2018-08-28,-290000.000000000000,-0.500000000000,0.000000000000,0.000000000000,EUR,0.000000000000,0.000000000000,EUR,Full Unwind,,5800.000000000000,,Benjamin Clerget,2018-08-30,ML INT,ML INT,0.000000000000,EQ Volatility,1,,,,0,Modified FM / Checked MO,,ML- OTC- GDO,,,,,,,,,,,,,,0.000000000000,0,Manual,
581357640,SS,AME,GDO MASTER Fund,ML- OTC- GDO,2018-08-30,2018-08-30,71009931,VoS ORA@21.86 ML 1218,,,,VoS ORA@21.86 ML 1218,FR0000133308,VolSwpC ORA FP@21.86(264) ML 1218,Volatility Swap - Conditional Ref Index,Total Return Swaps,2018-08-28,-285000.000000000000,-0.500000000000,0.000000000000,0.000000000000,EUR,0.000000000000,0.000000000000,EUR,Full Unwind,,5700.000000000000,,Benjamin Clerget,2018-08-30,ML INT,ML INT,0.000000000000,EQ Volatility,1,,,,0,Modified FM / Checked MO,,ML- OTC- GDO,,,,,,,,,,,,,,0.000000000000,0,Manual,
581357612,SS,AME,GDO MASTER Fund,ML- OTC- GDO,2018-08-30,2018-08-30,71009933,VoS ENGI@23.54 ML 1218,,,,VoS ENGI@23.54 ML 1218,FR0010208488,VolSwpC ENGI FP@23.54(264) ML 1218,Volatility Swap - Conditional Ref Index,Total Return Swaps,2018-08-28,-257500.000000000000,-0.500000000000,0.000000000000,0.000000000000,EUR,0.000000000000,0.000000000000,EUR,Full Unwind,,5150.000000000000,,Benjamin Clerget,2018-08-30,ML INT,ML INT,0.000000000000,EQ Volatility,1,,,,0,Modified FM / Checked MO,,ML- OTC- GDO,,,,,,,,,,,,,,0.000000000000,0,Manual,
581357624,SS,AME,GDO MASTER Fund,ML- OTC- GDO,2018-08-30,2018-08-30,71009935,VoS IBE@22.98 ML 1218,,,,VoS IBE@22.98 ML 1218,ES0144580Y14,VolSwpC IBE SQ@22.98(264) ML 1218,Volatility Swap - Conditional Ref Index,Total Return Swaps,2018-08-28,-385000.000000000000,-0.500000000000,0.000000000000,0.000000000000,EUR,0.000000000000,0.000000000000,EUR,Full Unwind,,7700.000000000000,,Benjamin Clerget,2018-08-30,ML INT,ML INT,0.000000000000,EQ Volatility,1,,,,0,Modified FM / Checked MO,,ML- OTC- GDO,,,,,,,,,,,,,,0.000000000000,0,Manual,
581357626,SS,AME,GDO MASTER Fund,ML- OTC- GDO,2018-08-30,2018-08-30,71009937,VoS INGA@25.28 ML 1218,,,,VoS INGA@25.28 ML 1218,NL0011821202,VolSwpC INGA NA@25.28(264) ML 1218,Volatility Swap - Conditional Ref Index,Total Return Swaps,2018-08-28,-627500.000000000000,-0.500000000000,0.000000000000,0.000000000000,EUR,0.000000000000,0.000000000000,EUR,Full Unwind,,12550.000000000000,,Benjamin Clerget,2018-08-30,ML INT,ML INT,0.000000000000,EQ Volatility,1,,,,0,Modified FM / Checked MO,,ML- OTC- GDO,,,,,,,,,,,,,,0.000000000000,0,Manual,
581357570,SS,AME,GDO MASTER Fund,ML- OTC- GDO,2018-08-30,2018-08-30,71009939,VoS ABI@24.3 ML1218,,,,VoS ABI@24.3 ML1218,BE0974293251,VolSwpC ABI BB@24.3(264) ML 1218,Volatility Swap - Conditional Ref Index,Total Return Swaps,2018-08-28,-770000.000000000000,-0.500000000000,0.000000000000,0.000000000000,EUR,0.000000000000,0.000000000000,EUR,Full Unwind,,15400.000000000000,,Benjamin Clerget,2018-08-30,ML INT,ML INT,0.000000000000,EQ Volatility,1,,,,0,Modified FM / Checked MO,,ML- OTC- GDO,,,,,,,,,,,,,,0.000000000000,0,Manual,
581357630,SS,AME,GDO MASTER Fund,ML- OTC- GDO,2018-08-30,2018-08-30,71009941,VoS ITX@22.89 ML 1218,,,,VoS ITX@22.89 ML 1218,ES0148396007,VolSwpC ITX SQ@22.89(264) ML 1218,Volatility Swap - Conditional Ref Index,Total Return Swaps,2018-08-28,-357500.000000000000,-0.500000000000,0.000000000000,0.000000000000,EUR,0.000000000000,0.000000000000,EUR,Full Unwind,,7150.000000000000,,Benjamin Clerget,2018-08-30,ML INT,ML INT,0.000000000000,EQ Volatility,1,,,,0,Modified FM / Checked MO,,ML- OTC- GDO,,,,,,,,,,,,,,0.000000000000,0,Manual,
581357632,SS,AME,GDO MASTER Fund,ML- OTC- GDO,2018-08-30,2018-08-30,71009943,VoS MC@25.54 ML1218,,,,VoS MC@25.54 ML1218,FR0000121014,VolSwpC MC FP@25.54(264) ML 1218,Volatility Swap - Conditional Ref Index,Total Return Swaps,2018-08-28,-657500.000000000000,-0.500000000000,0.000000000000,0.000000000000,EUR,0.000000000000,0.000000000000,EUR,Full Unwind,,13150.000000000000,,Benjamin Clerget,2018-08-30,ML INT,ML INT,0.000000000000,EQ Volatility,1,,,,0,Modified FM / Checked MO,,ML- OTC- GDO,,,,,,,,,,,,,,0.000000000000,0,Manual,
581357634,SS,AME,GDO MASTER Fund,ML- OTC- GDO,2018-08-30,2018-08-30,71009945,VoS MUV2@22.02 ML 1218,,,,VoS MUV2@22.02 ML 1218,DE0008430026,VolSwpC MUV2 GY@22.02(263) ML 1218,Volatility Swap - Conditional Ref Index,Total Return Swaps,2018-08-28,-290000.000000000000,-0.500000000000,0.000000000000,0.000000000000,EUR,0.000000000000,0.000000000000,EUR,Full Unwind,,5800.000000000000,,Benjamin Clerget,2018-08-30,ML INT,ML INT,0.000000000000,EQ Volatility,1,,,,0,Modified FM / Checked MO,,ML- OTC- GDO,,,,,,,,,,,,,,0.000000000000,0,Manual,
581357636,SS,AME,GDO MASTER Fund,ML- OTC- GDO,2018-08-30,2018-08-30,71009947,VoS NOKIA@35.23 ML 1218,,,,VoS NOKIA@35.23 ML 1218,FI0009000681,VolSwpC NOKIA FH@35.23(261) ML 1218,Volatility Swap - Conditional Ref Index,Total Return Swaps,2018-08-28,-310000.000000000000,-0.500000000000,0.000000000000,0.000000000000,EUR,0.000000000000,0.000000000000,EUR,Full Unwind,,6200.000000000000,,Benjamin Clerget,2018-08-30,ML INT,ML INT,0.000000000000,EQ Volatility,1,,,,0,Modified FM / Checked MO,,ML- OTC- GDO,,,,,,,,,,,,,,0.000000000000,0,Manual,
581357638,SS,AME,GDO MASTER Fund,ML- OTC- GDO,2018-08-30,2018-08-30,71009949,VoS OR@21.09 ML 1218,,,,VoS OR@21.09 ML 1218,FR0000120321,VolSwpC OR FP@21.09(264) ML 1218,Volatility Swap - Conditional Ref Index,Total Return Swaps,2018-08-28,-455000.000000000000,-0.500000000000,0.000000000000,0.000000000000,EUR,0.000000000000,0.000000000000,EUR,Full Unwind,,9100.000000000000,,Benjamin Clerget,2018-08-30,ML INT,ML INT,0.000000000000,EQ Volatility,1,,,,0,Modified FM / Checked MO,,ML- OTC- GDO,,,,,,,,,,,,,,0.000000000000,0,Manual,
581357642,SS,AME,GDO MASTER Fund,ML- OTC- GDO,2018-08-30,2018-08-30,71009951,VoS PHIA@26.74 ML 1218,,,,VoS PHIA@26.74 ML 1218,NL0000009538,VolSwpC PHIA NA@26.74(264) ML 1218,Volatility Swap - Conditional Ref Index,Total Return Swaps,2018-08-28,-345000.000000000000,-0.500000000000,0.000000000000,0.000000000000,EUR,0.000000000000,0.000000000000,EUR,Full Unwind,,6900.000000000000,,Benjamin Clerget,2018-08-30,ML INT,ML INT,0.000000000000,EQ Volatility,1,,,,0,Modified FM / Checked MO,,ML- OTC- GDO,,,,,,,,,,,,,,0.000000000000,0,Manual,
581357644,SS,AME,GDO MASTER Fund,ML- OTC- GDO,2018-08-30,2018-08-30,71009953,VoS SAF@29.86 ML 1218,,,,VoS SAF@29.86 ML 1218,FR0000073272,VolSwpC SAF FP@29.86(264) ML 1218,Volatility Swap - Conditional Ref Index,Total Return Swaps,2018-08-28,-322500.000000000000,-0.500000000000,0.000000000000,0.000000000000,EUR,0.000000000000,0.000000000000,EUR,Full Unwind,,6450.000000000000,,Benjamin Clerget,2018-08-30,ML INT,ML INT,0.000000000000,EQ Volatility,1,,,,0,Modified FM / Checked MO,,ML- OTC- GDO,,,,,,,,,,,,,,0.000000000000,0,Manual,
581357650,SS,AME,GDO MASTER Fund,ML- OTC- GDO,2018-08-30,2018-08-30,71009955,VoS SAP@23.34 ML 1218,,,,VoS SAP@23.34 ML 1218,DE0007164600,VolSwpC SAP GY@23.34(263) ML 1218,Volatility Swap - Conditional Ref Index,Total Return Swaps,2018-08-28,-967500.000000000000,-0.500000000000,0.000000000000,0.000000000000,EUR,0.000000000000,0.000000000000,EUR,Full Unwind,,19350.000000000000,,Benjamin Clerget,2018-08-30,ML INT,ML INT,0.000000000000,EQ Volatility,1,,,,0,Modified FM / Checked MO,,ML- OTC- GDO,,,,,,,,,,,,,,0.000000000000,0,Manual,
581357646,SS,AME,GDO MASTER Fund,ML- OTC- GDO,2018-08-30,2018-08-30,71009957,VoS SAN@22.98 ML 1218,,,,VoS SAN@22.98 ML 1218,FR0000120578,VolSwpC SAN FP@22.98(264) ML 1218,Volatility Swap - Conditional Ref Index,Total Return Swaps,2018-08-28,-1000000.000000000000,-0.500000000000,0.000000000000,0.000000000000,EUR,0.000000000000,0.000000000000,EUR,Full Unwind,,20000.000000000000,,Benjamin Clerget,2018-08-30,ML INT,ML INT,0.000000000000,EQ Volatility,1,,,,0,Modified FM / Checked MO,,ML- OTC- GDO,,,,,,,,,,,,,,0.000000000000,0,Manual,
581357648,SS,AME,GDO MASTER Fund,ML- OTC- GDO,2018-08-30,2018-08-30,71009959,VoS SAN@31.36 ML 1218,,,,VoS SAN@31.36 ML 1218,ES0113900J37,VolSwpC SAN SQ@31.36(264) ML 1218,Volatility Swap - Conditional Ref Index,Total Return Swaps,2018-08-28,-962500.000000000000,-0.500000000000,0.000000000000,0.000000000000,EUR,0.000000000000,0.000000000000,EUR,Full Unwind,,19250.000000000000,,Benjamin Clerget,2018-08-30,ML INT,ML INT,0.000000000000,EQ Volatility,1,,,,0,Modified FM / Checked MO,,ML- OTC- GDO,,,,,,,,,,,,,,0.000000000000,0,Manual,
581357656,SS,AME,GDO MASTER Fund,ML- OTC- GDO,2018-08-30,2018-08-30,71009961,VoS SU@26.42 ML 1218,,,,VoS SU@26.42 ML 1218,FR0000121972,VolSwpC SU FP@26.42(264) ML 1218,Volatility Swap - Conditional Ref Index,Total Return Swaps,2018-08-28,-427500.000000000000,-0.500000000000,0.000000000000,0.000000000000,EUR,0.000000000000,0.000000000000,EUR,Full Unwind,,8550.000000000000,,Benjamin Clerget,2018-08-30,ML INT,ML INT,0.000000000000,EQ Volatility,1,,,,0,Modified FM / Checked MO,,ML- OTC- GDO,,,,,,,,,,,,,,0.000000000000,0,Manual,
581357602,SS,AME,GDO MASTER Fund,ML- OTC- GDO,2018-08-30,2018-08-30,71009963,VoS DG@24.7 ML1218,,,,VoS DG@24.7 ML1218,FR0000125486,VolSwpC DG FP@24.7(264) ML 1218,Volatility Swap - Conditional Ref Index,Total Return Swaps,2018-08-28,-465000.000000000000,-0.500000000000,0.000000000000,0.000000000000,EUR,0.000000000000,0.000000000000,EUR,Full Unwind,,9300.000000000000,,Benjamin Clerget,2018-08-30,ML INT,ML INT,0.000000000000,EQ Volatility,1,,,,0,Modified FM / Checked MO,,ML- OTC- GDO,,,,,,,,,,,,,,0.000000000000,0,Manual,
581357652,SS,AME,GDO MASTER Fund,ML- OTC- GDO,2018-08-30,2018-08-30,71009965,VoS SGO@25.71 ML 1218,,,,VoS SGO@25.71 ML 1218,FR0000125007,VolSwpC SGO FP@25.71(264) ML 1218,Volatility Swap - Conditional Ref Index,Total Return Swaps,2018-08-28,-290000.000000000000,-0.500000000000,0.000000000000,0.000000000000,EUR,0.000000000000,0.000000000000,EUR,Full Unwind,,5800.000000000000,,Benjamin Clerget,2018-08-30,ML INT,ML INT,0.000000000000,EQ Volatility,1,,,,0,Modified FM / Checked MO,,ML- OTC- GDO,,,,,,,,,,,,,,0.000000000000,0,Manual,
581357654,SS,AME,GDO MASTER Fund,ML- OTC- GDO,2018-08-30,2018-08-30,71009967,VoS SIE@22.48 ML 1218,,,,VoS SIE@22.48 ML 1218,DE0007236101,VolSwpC SIE GY@22.48(263) ML 1218,Volatility Swap - Conditional Ref Index,Total Return Swaps,2018-08-28,-1050000.000000000000,-0.500000000000,0.000000000000,0.000000000000,EUR,0.000000000000,0.000000000000,EUR,Full Unwind,,21000.000000000000,,Benjamin Clerget,2018-08-30,ML INT,ML INT,0.000000000000,EQ Volatility,1,,,,0,Modified FM / Checked MO,,ML- OTC- GDO,,,,,,,,,,,,,,0.000000000000,0,Manual,
581357622,SS,AME,GDO MASTER Fund,ML- OTC- GDO,2018-08-30,2018-08-30,71009969,VoS GLE@30.13 ML 1218,,,,VoS GLE@30.13 ML 1218,FR0000130809,VolSwpC GLE FP@30.13(264) ML 1218,Volatility Swap - Conditional Ref Index,Total Return Swaps,2018-08-28,-412500.000000000000,-0.500000000000,0.000000000000,0.000000000000,EUR,0.000000000000,0.000000000000,EUR,Full Unwind,,8250.000000000000,,Benjamin Clerget,2018-08-30,ML INT,ML INT,0.000000000000,EQ Volatility,1,,,,0,Modified FM / Checked MO,,ML- OTC- GDO,,,,,,,,,,,,,,0.000000000000,0,Manual,
581357660,SS,AME,GDO MASTER Fund,ML- OTC- GDO,2018-08-30,2018-08-30,71009971,VoS TEF@24.18 ML 1218,,,,VoS TEF@24.18 ML 1218,ES0178430E18,VolSwpC TEF SQ@24.18(264) ML 1218,Volatility Swap - Conditional Ref Index,Total Return Swaps,2018-08-28,-415000.000000000000,-0.500000000000,0.000000000000,0.000000000000,EUR,0.000000000000,0.000000000000,EUR,Full Unwind,,8300.000000000000,,Benjamin Clerget,2018-08-30,ML INT,ML INT,0.000000000000,EQ Volatility,1,,,,0,Modified FM / Checked MO,,ML- OTC- GDO,,,,,,,,,,,,,,0.000000000000,0,Manual,
581357618,SS,AME,GDO MASTER Fund,ML- OTC- GDO,2018-08-30,2018-08-30,71009973,VoS FP@21.53 ML 1218,,,,VoS FP@21.53 ML 1218,FR0000120271,VolSwpC FP FP@21.53(264) ML 1218,Volatility Swap - Conditional Ref Index,Total Return Swaps,2018-08-28,-1172500.000000000000,-0.500000000000,0.000000000000,0.000000000000,EUR,0.000000000000,0.000000000000,EUR,Full Unwind,,23450.000000000000,,Benjamin Clerget,2018-08-30,ML INT,ML INT,0.000000000000,EQ Volatility,1,,,,0,Modified FM / Checked MO,,ML- OTC- GDO,,,,,,,,,,,,,,0.000000000000,0,Manual,
581357662,SS,AME,GDO MASTER Fund,ML- OTC- GDO,2018-08-30,2018-08-30,71009975,VoS UL@21.28 ML 1218,,,,VoS UL@21.28 ML 1218,FR0000124711,VolSwpC UL NA@21.28(264) ML 1218,Volatility Swap - Conditional Ref Index,Total Return Swaps,2018-08-28,-212500.000000000000,-0.500000000000,0.000000000000,0.000000000000,EUR,0.000000000000,0.000000000000,EUR,Full Unwind,,4250.000000000000,,Benjamin Clerget,2018-08-30,ML INT,ML INT,0.000000000000,EQ Volatility,1,,,,0,Modified FM / Checked MO,,ML- OTC- GDO,,,,,,,,,,,,,,0.000000000000,0,Manual,
581357664,SS,AME,GDO MASTER Fund,ML- OTC- GDO,2018-08-30,2018-08-30,71009977,VoS UNA@20.9 ML 1218,,,,VoS UNA@20.9 ML 1218,NL0000009355,VolSwpC UNA NA@20.9(264) ML 1218,Volatility Swap - Conditional Ref Index,Total Return Swaps,2018-08-28,-815000.000000000000,-0.500000000000,0.000000000000,0.000000000000,EUR,0.000000000000,0.000000000000,EUR,Full Unwind,,16300.000000000000,,Benjamin Clerget,2018-08-30,ML INT,ML INT,0.000000000000,EQ Volatility,1,,,,0,Modified FM / Checked MO,,ML- OTC- GDO,,,,,,,,,,,,,,0.000000000000,0,Manual,
581357616,SS,AME,GDO MASTER Fund,ML- OTC- GDO,2018-08-30,2018-08-30,71009979,VoS EOAN@28.8 ML 1218,,,,VoS EOAN@28.8 ML 1218,DE000ENAG999,VolSwpC EOAN GY@28.8(263) ML 1218,Volatility Swap - Conditional Ref Index,Total Return Swaps,2018-08-28,-215000.000000000000,-0.500000000000,0.000000000000,0.000000000000,EUR,0.000000000000,0.000000000000,EUR,Full Unwind,,4300.000000000000,,Benjamin Clerget,2018-08-30,ML INT,ML INT,0.000000000000,EQ Volatility,1,,,,0,Modified FM / Checked MO,,ML- OTC- GDO,,,,,,,,,,,,,,0.000000000000,0,Manual,
581357668,SS,AME,GDO MASTER Fund,ML- OTC- GDO,2018-08-30,2018-08-30,71009981,VoS VOW3@29.48 ML 1218,,,,VoS VOW3@29.48 ML 1218,DE0007664039,VolSwpC VOW3 GY@29.48(263) ML 1218,Volatility Swap - Conditional Ref Index,Total Return Swaps,2018-08-28,-260000.000000000000,-0.500000000000,0.000000000000,0.000000000000,EUR,0.000000000000,0.000000000000,EUR,Full Unwind,,5200.000000000000,,Benjamin Clerget,2018-08-30,ML INT,ML INT,0.000000000000,EQ Volatility,1,,,,0,Modified FM / Checked MO,,ML- OTC- GDO,,,,,,,,,,,,,,0.000000000000,0,Manual,
581638790,SS,NEW,GDO MASTER Fund,VA194157,2018-08-30,2018-08-30,67603207,GBP/USD,,,,GBP/USD,,USD per GBP,FX,Forex,2018-08-29,-0.000000000000,-284031.000000000000,-284031.000000000000,1.300233000000,GBP,-369306.479999999980,1.300233000000,USD,Currency,,1.000000000000,,Marcos Flaks,2018-08-30,UBSAG,UBSAG,-369306.479999999980,EQ Volatility,,,,,0,Checked FM / Checked MO,,UBS- FX- GDO,,,,,,,,,,,,,,0.000000000000,0,Manual,
581644346,B,NEW,GDO MASTER Fund,VA194157,2018-09-06,2018-08-30,67603207,GBP/USD,,,,GBP/USD,,GBP/USD,Forwards,Forex,2018-08-29,0.000000000000,284031.000000000000,369403.620000000000,1.300575000000,USD,369403.620000000000,1.300575000000,USD,Currency,,1.000000000000,,Marcos Flaks,2018-09-06,UBSAG,UBSAG,369403.620000000000,EQ Volatility,1,,,,0,Checked FM / Checked MO,,UBS- FX- GDO,,,,,,,,,,,,,,0.000000000000,0,Manual,
581638791,SS,NEW,GDO MASTER Fund,VA194157,2018-08-30,2018-08-30,67611200,HKD/USD,,,,HKD/USD,,USD per HKD,FX,Forex,2018-08-29,-0.000000000000,-3151212.000000000000,-3151212.000000000000,0.127399760000,HKD,-401463.650000000020,0.127399760000,USD,Currency,,1.000000000000,,Marcos Flaks,2018-08-30,UBSAG,UBSAG,-401463.650000000020,EQ Volatility,,,,,0,Checked FM / Checked MO,,UBS- FX- GDO,,,,,,,,,,,,,,0.000000000000,0,Manual,
581644358,B,NEW,GDO MASTER Fund,VA194157,2018-09-06,2018-08-30,67611200,HKD/USD,,,,HKD/USD,,HKD/USD,Forwards,Forex,2018-08-29,0.000000000000,3151212.000000000000,401534.810000000000,0.127422340000,USD,401534.810000000000,0.127422340000,USD,Currency,,1.000000000000,,Marcos Flaks,2018-09-06,UBSAG,UBSAG,401534.810000000000,EQ Volatility,1,,,,0,Checked FM / Checked MO,,UBS- FX- GDO,,,,,,,,,,,,,,0.000000000000,0,Manual,
581638792,BC,NEW,GDO MASTER Fund,VA194157,2018-08-30,2018-08-30,67611741,SEK/USD,,,,SEK/USD,,USD per SEK,FX,Forex,2018-08-29,0.000000000000,20254762.000000000000,20254762.000000000000,0.109229130000,SEK,2212410.029999999800,0.109229130000,USD,Currency,,1.000000000000,,Marcos Flaks,2018-08-30,UBSAG,UBSAG,2212410.029999999800,EQ Volatility,,,,,0,Checked FM / Checked MO,,UBS- FX- GDO,,,,,,,,,,,,,,0.000000000000,0,Manual,
581644361,SS,NEW,GDO MASTER Fund,VA194157,2018-09-06,2018-08-30,67611741,SEK/USD,,,,SEK/USD,,SEK/USD,Forwards,Forex,2018-08-29,-0.000000000000,-20254762.000000000000,-2213541.669999999900,0.109285000000,USD,-2213541.669999999900,0.109285000000,USD,Currency,,1.000000000000,,Marcos Flaks,2018-09-06,UBSAG,UBSAG,-2213541.669999999900,EQ Volatility,1,,,,0,Checked FM / Checked MO,,UBS- FX- GDO,,,,,,,,,,,,,,0.000000000000,0,Manual,
581638542,SS,NEW,GDO MASTER Fund,I0002566,2018-08-28,2018-08-30,68118266,Internal Transfer USD,,,,Internal Transfer USD,,Internal Transfer USD,Cash,Commissions,2018-08-28,-0.000000000000,-1.000000000000,107400.000000000000,107400.000000000000,USD,107400.000000000000,107400.000000000000,USD,Commission,,1.000000000000,,Craig McCormack,2018-08-28,UBS US LLC,UBS US LLC,-107400.000000000000,Treasury Offshore,1,,,,0,Checked FM / Checked MO,,UBS-EQTY-I0002566-GDO,,,,,,,,,,,,,,0.000000000000,0,Manual,
581638544,B,NEW,GDO MASTER Fund,CITI- OTC- GDO,2018-08-28,2018-08-30,68118266,Internal Transfer USD,,,,Internal Transfer USD,,Internal Transfer USD,Cash,Commissions,2018-08-28,0.000000000000,1.000000000000,-107400.000000000000,107400.000000000000,USD,-107400.000000000000,107400.000000000000,USD,Commission,,1.000000000000,,Craig McCormack,2018-08-28,UBS US LLC,UBS US LLC,107400.000000000000,Treasury Offshore,1,,,,0,Checked FM / Checked MO,,CITI- OTC- GDO,,,,,,,,,,,,,,0.000000000000,0,Manual,
581356370,SS,AME,GDO MASTER Fund,045621XW4,2018-08-31,2018-08-30,71062881,KDB GR 12/21/18 P60,,,DE000C0K0M93,KDB GR 12/21/18 P60,BE0003565737,KDB GR 12/21/18 P60 Equity,Listed Options,Stock Derivatives,2018-08-28,-0.000000000000,-270.000000000000,-49512.599999999999,1.840000000000,EUR,-49512.599999999999,1.840000000000,EUR,Purchase/Sale,,100.000000000000,60.000000000000,Ali Biaz,2018-08-31,BNP PARIBAS SECURITIES,BNP PARIBAS SECURITIES,-49680.000000000000,EQ Quant,1,581215057,Eurex EUR,Put,167.4,TA Accepted / Checked MO,,MS-LISTED DERIVS-GDO,PhysicalDelivery,1,,,,,,,,,,,,59.400000000000,108,Manual,
580229169,B,AME,GDO MASTER Fund,009BTGDO,2018-08-24,2018-08-30,71065526,SPX US 09/21/18 P2865,,,,SPX US 09/21/18 P2865,US78378X1072,SPX US 09/21/18 P2865 Index,Listed Options,Stock Derivatives,2018-08-23,0.000000000000,82.000000000000,225545.100000000010,27.500000000000,USD,225545.100000000010,27.500000000000,USD,Options-Delta Hedge,,100.000000000000,2865.000000000000,Benjamin Clerget,2018-08-24,BNP PARIBAS SECURITIES,BNP PARIBAS SECURITIES,225500.000000000000,EQ Volatility,1,580088684,Chicago Board Option Exchange,Put,45.1,TA Accepted / Checked MO,,UBS -ETD- 009BTGDO,Cash,1,,,,,,,,,,,,45.100000000000,0,Manual,
580229161,SS,AME,GDO MASTER Fund,009BTGDO,2018-08-24,2018-08-30,71065528,SPX US 09/21/18 C2865,,,,SPX US 09/21/18 C2865,US78378X1072,SPX US 09/21/18 C2865 Index,Listed Options,Stock Derivatives,2018-08-23,-0.000000000000,-82.000000000000,-225454.899999999990,27.500000000000,USD,-225454.899999999990,27.500000000000,USD,Options-Delta Hedge,,100.000000000000,2865.000000000000,Benjamin Clerget,2018-08-24,BNP PARIBAS SECURITIES,BNP PARIBAS SECURITIES,-225500.000000000000,EQ Volatility,1,580088685,Chicago Board Option Exchange,Call,45.1,TA Accepted / Checked MO,,UBS -ETD- 009BTGDO,Cash,1,,,,,,,,,,,,45.100000000000,0,Manual,
580229151,B,AME,GDO MASTER Fund,009BTGDO,2018-08-24,2018-08-30,71050143,SPX US 06/21/19 P2600,,,,SPX US 06/21/19 P2600,US78378X1072,SPX US 06/21/19 P2600 Index,Listed Options,Stock Derivatives,2018-08-23,0.000000000000,168.000000000000,1142828.399999999900,68.000000000000,USD,1142828.399999999900,68.000000000000,USD,Purchase/Sale,,100.000000000000,2600.000000000000,Benjamin Clerget,2018-08-24,BNP PARIBAS SECURITIES,BNP PARIBAS SECURITIES,1142400.000000000000,EQ Volatility,1,580088683,Chicago Board Option Exchange,Put,428.4,TA Accepted / Checked MO,,UBS -ETD- 009BTGDO,Cash,1,,,,,,,,,,,,92.400000000000,336,Manual,
580229143,B,AME,GDO MASTER Fund,009BTGDO,2018-08-24,2018-08-30,71050141,SPX US 06/21/19 C2600,,,,SPX US 06/21/19 C2600,US78378X1072,SPX US 06/21/19 C2600 Index,Listed Options,Stock Derivatives,2018-08-23,0.000000000000,168.000000000000,5801132.400000000400,345.280000000000,USD,5801132.400000000400,345.280000000000,USD,Purchase/Sale,,100.000000000000,2600.000000000000,Benjamin Clerget,2018-08-24,BNP PARIBAS SECURITIES,BNP PARIBAS SECURITIES,5800704.000000000000,EQ Volatility,1,580088682,Chicago Board Option Exchange,Call,428.4,TA Accepted / Checked MO,,UBS -ETD- 009BTGDO,Cash,1,,,,,,,,,,,,92.400000000000,336,Manual,
581356362,SS,AME,GDO MASTER Fund,045621XW4,2018-08-31,2018-08-30,71062879,KDB GR 12/21/18 C64,,,DE000C0K0MA3,KDB GR 12/21/18 C64,BE0003565737,KDB GR 12/21/18 C64 Equity,Listed Options,Stock Derivatives,2018-08-28,-0.000000000000,-270.000000000000,-48972.599999999999,1.820000000000,EUR,-48972.599999999999,1.820000000000,EUR,Purchase/Sale,,100.000000000000,64.000000000000,Ali Biaz,2018-08-31,BNP PARIBAS SECURITIES,BNP PARIBAS SECURITIES,-49140.000000000000,EQ Quant,1,581215056,Eurex EUR,Call,167.4,TA Accepted / Checked MO,,MS-LISTED DERIVS-GDO,PhysicalDelivery,1,,,,,,,,,,,,59.400000000000,108,Manual,
581356277,SS,AME,GDO MASTER Fund,04F105094,2018-08-30,2018-08-30,68277158,VOW3 GY Equity,,5497168,DE0007664039,VOW3 GY Equity,,VOLKSWAGEN AG-PREF,Shares - Preferred,Shares,2018-08-28,-0.000000000000,-3997.000000000000,-574148.609999999990,143.661404983486,EUR,-574148.609999999990,143.661404983486,EUR,Short sale,EMSX_C1iXgJFERRi_VxFi-NcNhAA_P41gx2e9RJCU-a9YdKMGvQA_20180828,1.000000000000,,Ali Biaz,2018-08-30,MORGAN STANLEY-DMA 1.25,MORGAN STANLEY-DMA 1.25,-574214.640000000010,EQ Quant,1,581356049,XETRA,,66.03,TA Accepted / Checked MO,,MS-EQTY QUANT-04F105094,,,,,,,,,,,,,,0.000000000000,66.03,Electronic,
581638408,B,NEW,GDO MASTER Fund,045621XW4,2018-08-29,2018-08-30,71024521,STU8 Index,STU8,,IT0014133851,STU8 Index,IT0003465736,FTSE/MIB IDX FUT Sep18,Futures,Index Futures,2018-08-29,0.000000000000,14.000000000000,14.560000000000,20581.086956521802,EUR,14.560000000000,20581.0869565218,EUR,Purchase/Sale,EMSX_9qn-9e62Tbe-DJ3MjUKiWAA_140759_20180829,5.000000000000,,Hugo Dose,2018-08-29,MORGAN STANLEY-DMA 2BPS,MORGAN STANLEY-DMA 2BPS,1440676.090000000100,EQ Volatility,1,581638277,IDEM FTSE MIB Index Futures,,14.56,TA Accepted / Checked MO,,MS-LISTED DERIVS-GDO,Cash,1,,,,,,,,,,,,12.460000000000,2.1,Electronic,
581638400,SS,NEW,GDO MASTER Fund,045621XW4,2018-08-29,2018-08-30,71022304,CAU8 Index,CAU8,,DE000C1JUES7,CAU8 Index,EU0009658426,EURO STOXX BANK Sep18,Futures,Index Futures,2018-08-29,-0.000000000000,-578.000000000000,312.120000000000,106.190248962656,EUR,312.120000000000,106.190248962656,EUR,Purchase/Sale,EMSX_wIVcnGeFRPqYYGCSxmdTbQA_140758_20180829,50.000000000000,,Hugo Dose,2018-08-29,MORGAN STANLEY-DMA 2BPS,MORGAN STANLEY-DMA 2BPS,-3068898.200000000200,EQ Volatility,1,581638279,EUREX DJ Stoxx 600 & Eurostoxx SCTR 2 ,,312.12,TA Accepted / Checked MO,,MS-LISTED DERIVS-GDO,Cash,1,,,,,,,,,,,,242.760000000000,69.36,Electronic,
581638392,B,NEW,GDO MASTER Fund,045621XW4,2018-08-29,2018-08-30,71022304,CAU8 Index,CAU8,,DE000C1JUES7,CAU8 Index,EU0009658426,EURO STOXX BANK Sep18,Futures,Index Futures,2018-08-29,0.000000000000,212.000000000000,114.480000000000,106.294617563738,EUR,114.480000000000,106.294617563738,EUR,Purchase/Sale,EMSX_MM9z1vYnSKqpPnXr9Kj92QA_141001_20180829,50.000000000000,,Hugo Dose,2018-08-29,MORGAN STANLEY-DMA 2BPS,MORGAN STANLEY-DMA 2BPS,1126722.950000000000,EQ Volatility,1,581638281,EUREX DJ Stoxx 600 & Eurostoxx SCTR 2 ,,114.48,TA Accepted / Checked MO,,MS-LISTED DERIVS-GDO,Cash,1,,,,,,,,,,,,89.040000000000,25.44,Electronic,
581638384,SS,NEW,GDO MASTER Fund,045621XW4,2018-08-29,2018-08-30,71046389,BJU8 Index,BJU8,,DE000C1JUG08,BJU8 Index,EU0009658806,STOXX 600 BANK Sep18,Futures,Index Futures,2018-08-29,-0.000000000000,-129.000000000000,69.660000000000,156.805116279069,EUR,69.660000000000,156.805116279069,EUR,Purchase/Sale,EMSX_X2GNPqKxSwat1Uu9c3vuugA_141000_20180829,50.000000000000,,Hugo Dose,2018-08-29,MORGAN STANLEY-DMA 2BPS,MORGAN STANLEY-DMA 2BPS,-1011393.000000000000,EQ Volatility,1,581638283,EUREX DJ Stoxx 600 & Eurostoxx SCTR 2 ,,69.66,TA Accepted / Checked MO,,MS-LISTED DERIVS-GDO,Cash,1,,,,,,,,,,,,54.180000000000,15.48,Electronic,
581639698,SS,NEW,GDO MASTER Fund,045621XW4,2018-08-15,2018-08-30,71066563,F&O WO EUR,,,,F&O WO EUR,,F&O WO EUR,Cash,Commissions,2018-08-15,-0.000000000000,-1.000000000000,0.480000000000,0.480000000000,EUR,0.480000000000,0.480000000000,EUR,Commission,,1.000000000000,,Craig McCormack,2018-08-15,MSIL,MSIL,-0.480000000000,Treasury Offshore,1,,,,0,Checked FM / Checked MO,,MS-LISTED DERIVS-GDO,,,,,,,,,,,,,,0.000000000000,0,Manual,
581639690,B,NEW,GDO MASTER Fund,045621XW4,2018-08-29,2018-08-30,71022575,ESU8 Index,ESU8,,,ESU8 Index,US78378X1072,S&P500 EMINI FUT Sep18,Futures,Index Futures,2018-08-29,0.000000000000,1.000000000000,1.480000000000,2900.000000000000,USD,1.480000000000,2900,USD,Purchase/Sale,UBSSK_192306068_1317263052_20180829,50.000000000000,,Hugo Dose,2018-08-29,UBS SWISSKEY EXEC,UBS SWISSKEY EXEC,145000.000000000000,EQ Volatility,1,581639686,CME S&P Mini F&O,,1.48,TA Accepted / Checked MO,,MS-LISTED DERIVS-GDO,Cash,1,,,,,,,,,,,,1.330000000000,0.15,Electronic,
581642314,B,NEW,GDO MASTER Fund,04F114625,2018-08-31,2018-08-30,67607411,EEM US Equity,464287234,2582409,US4642872349,EEM US Equity,,ISHARES MSCI EMERGING MARKET,Shares - ETF,Shares,2018-08-29,0.000000000000,9308.000000000000,407023.824599999990,43.725386772384,USD,407023.824599999990,43.725386772384,USD,Purchase/Sale,EMSX_UUTyL6I_RmC7xMNpY__LnwA_666818_20180829,1.000000000000,,Hugo Dose,2018-08-31,MORGAN STANLEY-DMA 2BPS,MORGAN STANLEY-DMA 2BPS,406995.900000000020,EQ Volatility,1,581641392,New York Stock Exchange,,27.9246,TA Accepted / Checked MO,,MS-EQTY MAIN-04F114625,,,,,,,,,,,,,,0.000000000000,27.9246,Electronic,
581642322,B,NEW,GDO MASTER Fund,04F114625,2018-08-31,2018-08-30,67607411,EEM US Equity,464287234,2582409,US4642872349,EEM US Equity,,ISHARES MSCI EMERGING MARKET,Shares - ETF,Shares,2018-08-29,0.000000000000,27720.000000000000,1212059.730000000000,43.722098593074,USD,1212059.730000000000,43.722098593074,USD,Purchase/Sale,EMSX_xVEfKPkUTDeGQEBgKoOnEQA_666822_20180829,1.000000000000,,Hugo Dose,2018-08-31,MORGAN STANLEY-DMA 2BPS,MORGAN STANLEY-DMA 2BPS,1211976.570000000100,EQ Volatility,1,581641390,New York Stock Exchange,,83.16,TA Accepted / Checked MO,,MS-EQTY MAIN-04F114625,,,,,,,,,,,,,,0.000000000000,83.16,Electronic,
581642330,SS,NEW,GDO MASTER Fund,045621XW4,2018-08-29,2018-08-30,71022575,ESU8 Index,ESU8,,,ESU8 Index,US78378X1072,S&P500 EMINI FUT Sep18,Futures,Index Futures,2018-08-29,-0.000000000000,-13.000000000000,19.240000000000,2901.011363636370,USD,19.240000000000,2901.01136363637,USD,Purchase/Sale,EMSX_-HF_eGn9Te-gIZDpYrXNgQA_163760_20180829,50.000000000000,,Hugo Dose,2018-08-29,MORGAN STANLEY-DMA 2BPS,MORGAN STANLEY-DMA 2BPS,-1885657.389999999900,EQ Volatility,1,581641388,CME S&P Mini F&O,,19.24,TA Accepted / Checked MO,,MS-LISTED DERIVS-GDO,Cash,1,,,,,,,,,,,,17.290000000000,1.95,Electronic,
581642843,B,NEW,GDO MASTER Fund,04F105094,2018-08-31,2018-08-30,68290732,QQQ US Equity,46090E103,BDQYP67,US46090E1038,QQQ US Equity,,POWERSH QQQ TRUST SERIES 1 ,Shares - ETF,Shares,2018-08-29,0.000000000000,898.000000000000,167012.735200000000,185.980000000000,USD,167012.735200000000,185.980000000000,USD,Purchase/Sale,EMSX_77UsPOSwQOCUijMknFPYFwA_DY84AdsPQtuYdN1tOChxlwA_20180829,1.000000000000,,Ali Biaz,2018-08-31,MORGAN STANLEY-DMA 1.25,MORGAN STANLEY-DMA 1.25,167010.040000000010,EQ Quant,1,581642810,New York Stock Exchange,,2.6952,TA Accepted / Checked MO,,MS-EQTY QUANT-04F105094,,,,,,,,,,,,,,0.000000000000,2.6952,Electronic,
581642835,SS,NEW,GDO MASTER Fund,04F105094,2018-08-31,2018-08-30,67607431,FXI US Equity,464287184,B0357H7,US4642871846,FXI US Equity,,ISHARES CHINA LARGE-CAP ETF,Shares - ETF,Shares,2018-08-29,-0.000000000000,-1182.000000000000,-51070.008000000002,43.210000000000,USD,-51070.008000000002,43.210000000000,USD,Purchase/Sale,EMSX_UqUyEGssQHyOEoqU__oqwwA_KIaPXEOkT6ib17l6zB8-aQA_20180829,1.000000000000,,Ali Biaz,2018-08-31,MORGAN STANLEY-DMA 1.25,MORGAN STANLEY-DMA 1.25,-51074.220000000001,EQ Quant,1,581642787,NYSE Arca,,4.212,TA Accepted / Checked MO,,MS-EQTY QUANT-04F105094,,,,,,,,,,,,,,0.666000000000,3.546,Electronic,
581642933,SS,NEW,GDO MASTER Fund,045621XW4,2018-08-31,2018-08-30,71063376,FXI US 01/18/19 C42,,,,FXI US 01/18/19 C42,US4642871846,FXI US 01/18/19 C42 Equity,Listed Options,Stock Derivatives,2018-08-29,-0.000000000000,-900.000000000000,-254475.000000000000,2.850000000000,USD,-254475.000000000000,2.850000000000,USD,Purchase/Sale,,100.000000000000,42.000000000000,Ali Biaz,2018-08-31,CG,CG,-256500.000000000000,EQ Quant,1,581499605,NYSE MKT LLC,Call,2025,TA Accepted / Checked MO,,MS-LISTED DERIVS-GDO,PhysicalDelivery,1,,,,,,,,,,,,225.000000000000,1800,Manual,
581642941,SS,NEW,GDO MASTER Fund,045621XW4,2018-08-31,2018-08-30,71063378,FXI US 01/18/19 P39,,,,FXI US 01/18/19 P39,US4642871846,FXI US 01/18/19 P39 Equity,Listed Options,Stock Derivatives,2018-08-29,-0.000000000000,-900.000000000000,-79875.000000000000,0.900000000000,USD,-79875.000000000000,0.900000000000,USD,Purchase/Sale,,100.000000000000,39.000000000000,Ali Biaz,2018-08-31,CG,CG,-81000.000000000000,EQ Quant,1,581499606,NYSE MKT LLC,Put,1125,TA Accepted / Checked MO,,MS-LISTED DERIVS-GDO,PhysicalDelivery,1,,,,,,,,,,,,225.000000000000,900,Manual,
581642959,B,NEW,GDO MASTER Fund,045621XW4,2018-08-31,2018-08-30,71049195,QQQ US 01/18/19 C180,,,,QQQ US 01/18/19 C180,US46090E1038,QQQ US 01/18/19 C180 Equity,Listed Options,Stock Derivatives,2018-08-29,0.000000000000,180.000000000000,212805.000000000000,11.800000000000,USD,212805.000000000000,11.800000000000,USD,Purchase/Sale,,100.000000000000,180.000000000000,Ali Biaz,2018-08-31,CS SEC USA LLC,CS SEC USA LLC,212400.000000000000,EQ Quant,1,581499602,NYSE MKT LLC,Call,405,TA Accepted / Checked MO,,MS-LISTED DERIVS-GDO,PhysicalDelivery,1,,,,,,,,,,,,45.000000000000,360,Manual,
581642967,B,NEW,GDO MASTER Fund,045621XW4,2018-08-31,2018-08-30,71063381,QQQ US 01/18/19 P178,,,,QQQ US 01/18/19 P178,US46090E1038,QQQ US 01/18/19 P178 Equity,Listed Options,Stock Derivatives,2018-08-29,0.000000000000,180.000000000000,81405.000000000000,4.500000000000,USD,81405.000000000000,4.500000000000,USD,Purchase/Sale,,100.000000000000,178.000000000000,Ali Biaz,2018-08-31,CS SEC USA LLC,CS SEC USA LLC,81000.000000000000,EQ Quant,1,581499603,NYSE MKT LLC,Put,405,TA Accepted / Checked MO,,MS-LISTED DERIVS-GDO,PhysicalDelivery,1,,,,,,,,,,,,45.000000000000,360,Manual,
581642949,B,NEW,GDO MASTER Fund,04F105094,2018-08-31,2018-08-30,67607431,FXI US Equity,464287184,B0357H7,US4642871846,FXI US Equity,,ISHARES CHINA LARGE-CAP ETF,Shares - ETF,Shares,2018-08-29,0.000000000000,36000.000000000000,1556280.000000000000,43.230000000000,USD,1556280.000000000000,43.230000000000,USD,Options-Delta Hedge,,1.000000000000,,Ali Biaz,2018-08-31,CG,CG,1556280.000000000000,EQ Quant,1,581499607,NYSE Arca,,0,TA Accepted / Checked MO,,MS-EQTY QUANT-04F105094,,,,,,,,,,,,,,0.000000000000,0,Manual,
581642975,SS,NEW,GDO MASTER Fund,04F105094,2018-08-31,2018-08-30,68290732,QQQ US Equity,46090E103,BDQYP67,US46090E1038,QQQ US Equity,,POWERSH QQQ TRUST SERIES 1 ,Shares - ETF,Shares,2018-08-29,-0.000000000000,-6120.000000000000,-1138917.192000000000,186.100000000000,USD,-1138917.192000000000,186.100000000000,USD,Options-Delta Hedge,,1.000000000000,,Ali Biaz,2018-08-31,CS SEC USA LLC,CS SEC USA LLC,-1138932.000000000000,EQ Quant,1,581499604,New York Stock Exchange,,14.808,TA Accepted / Checked MO,,MS-EQTY QUANT-04F105094,,,,,,,,,,,,,,14.808000000000,0,Manual,
581643718,SS,NEW,GDO MASTER Fund,04F105094,2018-08-31,2018-08-30,68279377,BAYN GY Equity,,5069211,DE000BAY0017,BAYN GY Equity,,BAYER AG-REG,Shares,Shares,2018-08-29,-0.000000000000,-444.000000000000,-36719.425999999999,82.710918918919,EUR,-36719.425999999999,82.710918918919,EUR,Short sale,EMSX_eBKQO4AHQ2at3EOySyW_QAA_aWzh4irNTGe-_JjQk2-HPgA_20180829,1.000000000000,,Ali Biaz,2018-08-31,MORGAN STANLEY-DMA 1.25,MORGAN STANLEY-DMA 1.25,-36723.650000000001,EQ Quant,1,581643626,XETRA,,4.224,TA Accepted / Checked MO,,MS-EQTY QUANT-04F105094,,,,,,,,,,,,,,0.000000000000,4.224,Electronic,
581643726,SS,NEW,GDO MASTER Fund,04F105094,2018-08-31,2018-08-30,68277129,CON GY Equity,,4598589,DE0005439004,CON GY Equity,,CONTINENTAL AG,Shares,Shares,2018-08-29,-0.000000000000,-246.000000000000,-39441.563999999998,160.350000000000,EUR,-39441.563999999998,160.350000000000,EUR,Short sale,EMSX_l9XtGztwTPCQJV_P7UBFrQA_v_9GuBHpRImIr0GA6P_D6gA_20180829,1.000000000000,,Ali Biaz,2018-08-31,MORGAN STANLEY-DMA 1.25,MORGAN STANLEY-DMA 1.25,-39446.099999999999,EQ Quant,1,581643629,XETRA,,4.536,TA Accepted / Checked MO,,MS-EQTY QUANT-04F105094,,,,,,,,,,,,,,0.000000000000,4.536,Electronic,
581643734,SS,NEW,GDO MASTER Fund,04F105094,2018-08-31,2018-08-30,68277129,CON GY Equity,,4598589,DE0005439004,CON GY Equity,,CONTINENTAL AG,Shares,Shares,2018-08-29,-0.000000000000,-264.000000000000,-42327.534000000000,160.350000000000,EUR,-42327.534000000000,160.350000000000,EUR,Short sale,EMSX_2-NHksd8R-q5y7VIiANmhQA_rX_-4NTDR0GBBeaaFggrQgA_20180829,1.000000000000,,Ali Biaz,2018-08-31,MORGAN STANLEY-DMA 1.25,MORGAN STANLEY-DMA 1.25,-42332.400000000001,EQ Quant,1,581643631,XETRA,,4.866,TA Accepted / Checked MO,,MS-EQTY QUANT-04F105094,,,,,,,,,,,,,,0.000000000000,4.866,Electronic,
581643742,B,NEW,GDO MASTER Fund,04F105094,2018-08-31,2018-08-30,69990663,FCA IM Equity,,BRJFWP3,NL0010877643,FCA IM Equity,,FIAT CHRYSLER AUTOMOBILES NV,Shares,Shares,2018-08-29,0.000000000000,2994.000000000000,44760.178000000000,14.948239679359,EUR,44760.178000000000,14.948239679359,EUR,Purchase/Sale,EMSX_-rMnTj8AT_KwX9rHCBB4vgA_K-QWEZ_NRhCofy_RkhoEdgA_20180829,1.000000000000,,Ali Biaz,2018-08-31,MORGAN STANLEY-DMA 1.25,MORGAN STANLEY-DMA 1.25,44755.029999999999,EQ Quant,1,581643610,Borsa Italiana - Non FTT,,5.148,TA Accepted / Checked MO,,MS-EQTY QUANT-04F105094,,,,,,,,,,,,,,0.000000000000,5.148,Electronic,
581643750,B,NEW,GDO MASTER Fund,04F105094,2018-08-31,2018-08-30,69990663,FCA IM Equity,,BRJFWP3,NL0010877643,FCA IM Equity,,FIAT CHRYSLER AUTOMOBILES NV,Shares,Shares,2018-08-29,0.000000000000,2856.000000000000,42696.398000000001,14.948000000000,EUR,42696.398000000001,14.948000000000,EUR,Purchase/Sale,EMSX_R1bmCE8dS7i9og2BaSL2BwA_WGP-gcSwTVK8aR6sqho7ywA_20180829,1.000000000000,,Ali Biaz,2018-08-31,MORGAN STANLEY-DMA 1.25,MORGAN STANLEY-DMA 1.25,42691.489999999998,EQ Quant,1,581643608,Borsa Italiana - Non FTT,,4.908,TA Accepted / Checked MO,,MS-EQTY QUANT-04F105094,,,,,,,,,,,,,,0.000000000000,4.908,Electronic,
581643758,SS,NEW,GDO MASTER Fund,04F105094,2018-08-31,2018-08-30,68277241,SDF GY Equity,,B54C017,DE000KSAG888,SDF GY Equity,,K+S AG-REG,Shares,Shares,2018-08-29,-0.000000000000,-3546.000000000000,-69335.796000000002,19.555490693739,EUR,-69335.796000000002,19.555490693739,EUR,Purchase/Sale,EMSX_0HxD0mIwRkqmTwLYOoSHiQA_lL57lW7xSe-B62Kt1AfcgQA_20180829,1.000000000000,,Ali Biaz,2018-08-31,MORGAN STANLEY-DMA 1.25,MORGAN STANLEY-DMA 1.25,-69343.770000000004,EQ Quant,1,581643612,XETRA,,7.974,TA Accepted / Checked MO,,MS-EQTY QUANT-04F105094,,,,,,,,,,,,,,0.000000000000,7.974,Electronic,
581642900,B,NEW,GDO MASTER Fund,75002891,2018-08-29,2018-08-30,71066717,GDCS_US912796NV77_08291,,,,GDCS_US912796NV77_08291,US912796NV77,GDCS_US912796NV77_082918,Repos,Repos,2018-08-29,2400000.000000000000,2400000.000000000000,0.000000000000,0.000000000000,USD,0.000000000000,0.000000000000,USD,Purchase/Sale,,0.010000000000,,Marcos Flaks,2018-08-29,C_CS - OTC,C_CS - OTC,0.000000000000,Treasury Offshore,1,,Brazil Fixed income USD,,0,Checked FM / Checked MO,,CANTOR-FI-75002891,,,,,,,,,,,,,,0.000000000000,0,Manual,
581642902,SS,NEW,GDO MASTER Fund,75002891,2018-08-29,2018-08-30,71066718,GDCS_US912796QF90_08291,,,,GDCS_US912796QF90_08291,US912796QF90,GDCS_US912796QF90_082918,Repos,Repos,2018-08-29,-2400000.000000000000,-2400000.000000000000,0.000000000000,0.000000000000,USD,0.000000000000,0.000000000000,USD,Purchase/Sale,,0.010000000000,,Marcos Flaks,2018-08-29,C_CS - OTC,C_CS - OTC,0.000000000000,Treasury Offshore,1,,Brazil Fixed income USD,,0,Checked FM / Checked MO,,CANTOR-FI-75002891,,,,,,,,,,,,,,0.000000000000,0,Manual,
