﻿Fund,Account,Value Date,Security ID,SEDOL,ISIN,Bloomberg Ticker,UnderlyingISIN,Security Description,Security Type,Security Type Description,Quantity,Quantity on Loan,Quantity Avail for Lend,Market Value/Local currency,Market Value/Base currency,Local Currency,Price Local,Coupon/Interest Rate (N),Maturity Date,Settlement Date,Reference Number,Num of securities- sum,Nominal,Asset value,Asset Value curr. global,Theoretical,Unsettled Balance,Accrued Amount curr. Global,Accrued Amount,Unrealized,Asset value method,Financing,Balance,BTG Asset Value,Repo Open Date,Repo Rate,Broker,Contract Size,BTG Nominal,CallPut, Loanxid, Average Price,Market,Settlement Type,Underlying Contract Size,MarkIT IRS Pay Type,MarkIT IRS Receive Type
BTG Global Derivatives Opportunities Fd,009BTGDO,2018-08-29,71022575,,,ESU8 Index,SPX Index,S&P500 EMINI FUT Sep18,Futures,Index Futures,104.000000000000,0,0,15142400.000000000000,15142400.000000000000,USD,2912.000000000000,,2018-09-21,,ESU8 Index,104.000000000000,,15142400.000000000000,15142400.000000000000,2914.409066525496,-14889474.999999998000,,,252925.000000001110,With coupon,,424456.856073225270,15142400.000000000000,,,N/A,50,0,,,2863.360576923077,"CME S&P Mini F&O",Cash,1,,
BTG Global Derivatives Opportunities Fd,009BTGDO,2018-08-29,71050129,,,SPX US 09/21/18 C2725,SPX Index,SPX US 09/21/18 C2725 Index,Listed Options,Stock Derivatives,48.000000000000,0,0,916079.999999999880,916079.999999999880,USD,190.850000000000,,2018-09-21,,SPX US 09/21/18 C2725,48.000000000000,,916079.999999999880,916079.999999999880,189.223070233782,,,,584879.999999999880,With coupon,,-331226.400000000020,916079.999999999880,,,BARCLAYS BANK PLC,100,0,Call,,69.000000000000,"Chicago Board Option Exchange",Cash,1,,
BTG Global Derivatives Opportunities Fd,009BTGDO,2018-08-29,71050131,,,SPX US 09/21/18 P2725,SPX Index,SPX US 09/21/18 P2725 Index,Listed Options,Stock Derivatives,-48.000000000000,0,0,-13440.000000000002,-13440.000000000002,USD,2.800000000000,,2018-09-21,,SPX US 09/21/18 P2725,-48.000000000000,,-13440.000000000002,-13440.000000000002,0.080723201955,0.000000000004,,,327360.000000000060,With coupon,,340773.600000000030,-13440.000000000002,,,BARCLAYS BANK PLC,100,0,Put,,71.000000000000,"Chicago Board Option Exchange",Cash,1,,
BTG Global Derivatives Opportunities Fd,009BTGDO,2018-08-29,71050617,,,SPX US 09/21/18 C2720,SPX Index,SPX US 09/21/18 C2720 Index,Listed Options,Stock Derivatives,47.000000000000,0,0,930600.000000000000,930600.000000000000,USD,198.000000000000,,2018-09-21,,SPX US 09/21/18 C2720,47.000000000000,,930600.000000000000,930600.000000000000,194.198738894731,0.000000000114,,,593845.000000000000,With coupon,,-336780.850000000030,930600.000000000000,,,CITIGROUP GLOBAL MARKETS INC,100,0,Call,,71.650000000000,"Chicago Board Option Exchange",Cash,1,,
BTG Global Derivatives Opportunities Fd,009BTGDO,2018-08-29,71050619,,,SPX US 09/21/18 P2720,SPX Index,SPX US 09/21/18 P2720 Index,Listed Options,Stock Derivatives,-47.000000000000,0,0,-12455.000000000000,-12455.000000000000,USD,2.650000000000,,2018-09-21,,SPX US 09/21/18 P2720,-47.000000000000,,-12455.000000000000,-12455.000000000000,0.063432695177,0.000000000016,,,325945.000000000060,With coupon,,338374.150000000020,-12455.000000000000,,,CITIGROUP GLOBAL MARKETS INC,100,0,Put,,72.000000000000,"Chicago Board Option Exchange",Cash,1,,
BTG Global Derivatives Opportunities Fd,009BTGDO,2018-08-29,71057552,,,SPX US 09/21/18 P2820,SPX Index,SPX US 09/21/18 P2820 Index,Listed Options,Stock Derivatives,65.000000000000,0,0,36400.000000000007,36400.000000000007,USD,5.600000000000,,2018-09-21,,SPX US 09/21/18 P2820,65.000000000000,,36400.000000000007,36400.000000000007,3.190180748234,,,,-246350.000000000000,With coupon,,-282785.750000000000,36400.000000000007,,,GOLDMAN SACHS INTERNATIONAL,100,0,Put,,43.500000000000,"Chicago Board Option Exchange",Cash,1,,
BTG Global Derivatives Opportunities Fd,009BTGDO,2018-08-29,71057554,,,SPX US 09/21/18 C2820,SPX Index,SPX US 09/21/18 C2820 Index,Listed Options,Stock Derivatives,-65.000000000000,0,0,-659100.000000000000,-659100.000000000000,USD,101.400000000000,,2018-09-21,,SPX US 09/21/18 C2820,-65.000000000000,,-659100.000000000000,-659100.000000000000,97.466303593244,,,,-369850.000000000000,With coupon,,289214.250000000000,-659100.000000000000,,,GOLDMAN SACHS INTERNATIONAL,100,0,Call,,44.500000000000,"Chicago Board Option Exchange",Cash,1,,
BTG Global Derivatives Opportunities Fd,009BTGDO,2018-08-29,71065526,,,SPX US 09/21/18 P2865,SPX Index,SPX US 09/21/18 P2865 Index,Listed Options,Stock Derivatives,82.000000000000,0,0,83640.000000000015,83640.000000000015,USD,10.200000000000,,2018-09-21,,SPX US 09/21/18 P2865,82.000000000000,,83640.000000000015,83640.000000000015,0.000000000000,,,,-141860.000000000000,With coupon,,-225545.100000000010,83640.000000000015,,,BNP PARIBAS SECURITIES CORP,100,0,Put,,27.500000000000,"Chicago Board Option Exchange",Cash,1,,
BTG Global Derivatives Opportunities Fd,009BTGDO,2018-08-29,71065528,,,SPX US 09/21/18 C2865,SPX Index,SPX US 09/21/18 C2865 Index,Listed Options,Stock Derivatives,-82.000000000000,0,0,-486260.000000000120,-486260.000000000120,USD,59.300000000000,,2018-09-21,,SPX US 09/21/18 C2865,-82.000000000000,,-486260.000000000120,-486260.000000000120,49.339490335463,,,,-260760.000000000120,With coupon,,225454.900000000020,-486260.000000000120,,,BNP PARIBAS SECURITIES CORP,100,0,Call,,27.500000000000,"Chicago Board Option Exchange",Cash,1,,
BTG Global Derivatives Opportunities Fd,045621XW4,2018-08-29,67710602,,,,DEDZ0 Index fake share,SX5E Dividend Fut Dec20,Dividend Future,Index Futures,374.000000000000,0,0,4727360.000000000000,5534320.352000000000,EUR,126.400000000000,,2020-12-18,,DEDZ0 Index,374.000000000000,,4727360.000000000000,5534320.352000000000,126.105943329422,-4716880.000000000000,,,10479.999999999563,With coupon,,45604.280000000203,4727360.000000000000,,,N/A,100,0,,,126.119786096257,"EUREX Single Stock Dividend Futures",Cash,0,,
BTG Global Derivatives Opportunities Fd,045621XW4,2018-08-29,69377437,,,,DEDZ8 Index fake share,SX5E Dividend Fut Dec18,Dividend Future,Index Futures,-1500.000000000000,0,0,-18885000.000000000000,-22108669.500000000000,EUR,125.900000000000,,2018-12-21,,DEDZ8 Index,-1500.000000000000,,-18885000.000000000000,-22108669.500000000000,125.793923941254,18908730.000000000000,,,23729.999999999563,With coupon,,-141810.639999980400,-18885000.000000000000,,,N/A,100,0,,,126.058200000000,"EUREX Single Stock Dividend Futures",Cash,0,,
BTG Global Derivatives Opportunities Fd,045621XW4,2018-08-29,69381715,,,,DEDZ9 Index fake share,SX5E Dividend Fut Dec19,Dividend Future,Index Futures,475.000000000000,0,0,5875750.000000000000,6878740.525000000400,EUR,123.700000000000,,2019-12-20,,DEDZ9 Index,475.000000000000,,5875750.000000000000,6878740.525000000400,123.339620343133,-5875200.000000000000,,,550.000000000182,With coupon,,317108.536529680070,5875750.000000000000,,,N/A,100,0,,,123.688421052632,"EUREX Single Stock Dividend Futures",Cash,0,,
BTG Global Derivatives Opportunities Fd,045621XW4,2018-08-29,69453699,,,SX5E 12/21/18 C3500,SX5E Index,SX5E 12/21/18 C3500 Index,Listed Options,Stock Derivatives,-360.000000000000,0,0,-236519.999999999970,-276893.963999999980,EUR,65.700000000000,,2018-12-21,,SX5E 12/21/18 C3500,-360.000000000000,,-236519.999999999970,-276893.963999999980,65.426163656132,,,,146239.758620689540,With coupon,,388989.599999999740,-236519.999999999970,,,N/A,10,0,Call,,106.322155172414,"Eurex EUR",Cash,1,,
BTG Global Derivatives Opportunities Fd,045621XW4,2018-08-29,70827073,,,HAL US 01/18/19 C42,HAL US Equity,HAL US 01/18/19 C42 Equity,Listed Options,Stock Derivatives,450.000000000000,0,0,92249.999999999985,92249.999999999985,USD,2.050000000000,,2019-01-18,,HAL US 01/18/19 C42,450.000000000000,,92249.999999999985,92249.999999999985,2.019704519265,0.000000000014,,,-9450.000000000004,With coupon,,-72045.899999999994,92249.999999999985,,,N/A,100,0,Call,,2.260000000000,"NYSE MKT LLC",Physical Delivery,1,,
BTG Global Derivatives Opportunities Fd,045621XW4,2018-08-29,70843203,,,,C5SG=Z9 fake share,Credit Suisse Divs Dec19,Dividend Future,Index Futures,1000.000000000000,0,0,315000.000000000000,324574.961360123590,CHF,0.315000000000,,2019-12-20,,C5SG=Z9 GR Equity,1000.000000000000,,315000.000000000000,324574.961360123590,0.314086448034,-470000.000000000000,,,-155000.000000000000,With coupon,,-2020.000000000000,315000.000000000000,,,BNP PARIBAS LONDON BRANCH,1000,0,,,0.470000000000,"EUREX",Cash,0,,
BTG Global Derivatives Opportunities Fd,045621XW4,2018-08-29,70846669,,,,DEDZ9 Index,DEDZ9C 125 Index,Dividend Options,Stock Derivatives,1500.000000000000,0,0,142500.000000000000,166824.750000000000,EUR,0.950000000000,,2019-12-20,,DEDZ9C 125 Index,1500.000000000000,,142500.000000000000,166824.750000000000,0.867552243652,,,,-315000.000000000000,With coupon,,-459480.000000000000,142500.000000000000,,,SQUARE GLOBAL LIMITED,100,0,Call,,3.050000000000,"Eurex EUR",Cash,100,,
BTG Global Derivatives Opportunities Fd,045621XW4,2018-08-29,70846715,,,,DEDZ8 Index,DEDZ8C 125 Index,Dividend Options,Stock Derivatives,1500.000000000000,0,0,135000.000000000000,158044.500000000000,EUR,0.900000000000,,2018-12-21,,DEDZ8C 125 Index,1500.000000000000,,135000.000000000000,158044.500000000000,0.933834236364,,,,37500.000000000000,With coupon,,-99660.000000000000,135000.000000000000,,,SQUARE GLOBAL LIMITED,100,0,Call,,0.650000000000,"Eurex EUR",Cash,100,,
BTG Global Derivatives Opportunities Fd,045621XW4,2018-08-29,70889488,,,,DEDZ0 Index,DEDZ0C 130 Index,Dividend Options,Stock Derivatives,3700.000000000000,0,0,1069300.000000000000,1251829.510000000000,EUR,2.890000000000,,2020-12-18,,DEDZ0C 130 Index,3700.000000000000,,1069300.000000000000,1251829.510000000000,2.789892581302,,,,-385700.000000000060,With coupon,,-1461084.000000000000,1069300.000000000000,,,N/A,100,0,Call,,3.932432432432,"Eurex EUR",Cash,100,,
BTG Global Derivatives Opportunities Fd,045621XW4,2018-08-29,70895441,,,,DEDZ1 Index fake share,SX5E Dividend Fut Dec21,Dividend Future,Index Futures,-314.000000000000,0,0,-3855919.999999999500,-4514125.543999999800,EUR,122.800000000000,,2021-12-17,,DEDZ1 Index,-314.000000000000,,-3855919.999999999500,-4514125.543999999800,122.992279153169,3818240.000000000000,,,-37679.999999999840,With coupon,,-541149.040000000040,-3855919.999999999500,,,N/A,100,0,,,121.600000000000,"EUREX Single Stock Dividend Futures",Cash,0,,
BTG Global Derivatives Opportunities Fd,045621XW4,2018-08-29,70909506,,,SX5E 09/21/18 P3450,SX5E Index,SX5E 09/21/18 P3450 Index,Listed Options,Stock Derivatives,42.000000000000,0,0,14364.000000000002,16815.934800000003,EUR,34.200000000000,,2018-09-21,,SX5E 09/21/18 P3450,42.000000000000,,14364.000000000002,16815.934800000003,34.973868025235,0.000000000030,,,-19110.000000000000,With coupon,,-133904.040000000010,14364.000000000002,,,N/A,10,0,Put,,79.700000000000,"Eurex EUR",Cash,1,,
BTG Global Derivatives Opportunities Fd,045621XW4,2018-08-29,70945313,,,,DEDZ9 Index,DEDZ9P 124 Index,Dividend Options,Stock Derivatives,1500.000000000000,0,0,280500.000000000000,328381.350000000030,EUR,1.870000000000,,2019-12-20,,DEDZ9P 124 Index,1500.000000000000,,280500.000000000000,328381.350000000030,1.855743996529,,,,-34500.000000000000,With coupon,,-317580.000000000000,280500.000000000000,,,SQUARE GLOBAL LIMITED,100,0,Put,,2.100000000000,"Eurex EUR",Cash,100,,
BTG Global Derivatives Opportunities Fd,045621XW4,2018-08-29,70968352,,,OMX 12/21/18 C1600,OMX Index,OMX 12/21/18 C1600 Index,Listed Options,Stock Derivatives,-105.000000000000,0,0,-924000.000000000000,-101122.857705693080,SEK,88.000000000000,,2018-12-21,,OMX 12/21/18 C1600,-105.000000000000,,-924000.000000000000,-101122.857705693080,94.383470880064,-0.000000000114,,,-262552.500000000000,With coupon,,779940.000000000000,-924000.000000000000,,,N/A,100,0,Call,,62.995000000000,"NASDAQ OMX Stockholm",Cash,1,,
BTG Global Derivatives Opportunities Fd,045621XW4,2018-08-29,70968354,,,OMX 12/21/18 P1560,OMX Index,OMX 12/21/18 P1560 Index,Listed Options,Stock Derivatives,105.000000000000,0,0,196875.000000000000,21546.063431610739,SEK,18.750000000000,,2018-12-21,,OMX 12/21/18 P1560,105.000000000000,,196875.000000000000,21546.063431610739,17.858874530680,,,,-585112.500000000000,With coupon,,-1149960.000000000000,196875.000000000000,,,N/A,100,0,Put,,74.475000000000,"NASDAQ OMX Stockholm",Cash,1,,
BTG Global Derivatives Opportunities Fd,045621XW4,2018-08-29,71013035,,,SX5E 09/21/18 P3300,SX5E Index,SX5E 09/21/18 P3300 Index,Listed Options,Stock Derivatives,-18.000000000000,0,0,-1188.000000000000,-1390.791600000000,EUR,6.600000000000,,2018-09-21,,SX5E 09/21/18 P3300,-18.000000000000,,-1188.000000000000,-1390.791600000000,6.773097827633,-0.000000000045,,,26466.896103896099,With coupon,,-119911.560000000030,-1188.000000000000,,,N/A,10,0,Put,,153.638311688312,"Eurex EUR",Cash,1,,
BTG Global Derivatives Opportunities Fd,045621XW4,2018-08-29,71019349,,,SX5E 09/21/18 C3350,SX5E Index,SX5E 09/21/18 C3350 Index,Listed Options,Stock Derivatives,-36.000000000000,0,0,-42192.000000000007,-49394.174400000011,EUR,117.200000000000,,2018-09-21,,SX5E 09/21/18 C3350,-36.000000000000,,-42192.000000000007,-49394.174400000011,116.438238915713,-0.000000000085,,,12744.000000000007,With coupon,,66085.680000000051,-42192.000000000007,,,N/A,10,0,Call,,152.600000000000,"Eurex EUR",Cash,1,,
BTG Global Derivatives Opportunities Fd,045621XW4,2018-08-29,71022304,,,CAU8 Index,SX7E Index,EURO STOXX BANK Sep18,Futures,Index Futures,2533.000000000000,0,0,13526220.000000000000,15835145.754000001000,EUR,106.800000000000,,2018-09-21,,CAU8 Index,2533.000000000000,,13526220.000000000000,15835145.754000001000,106.681856329845,-13676203.119483760000,,,-149983.119483760670,With coupon,,-1495790.036975589100,13526220.000000000000,,,N/A,50,0,,,107.984233079224,"EUREX DJ Stoxx 600 & Eurostoxx SCTR 2 ",Cash,1,,
BTG Global Derivatives Opportunities Fd,045621XW4,2018-08-29,71022575,,,ESU8 Index,SPX Index,S&P500 EMINI FUT Sep18,Futures,Index Futures,118.000000000000,0,0,17180800.000000000000,17180800.000000000000,USD,2912.000000000000,,2018-09-21,,ESU8 Index,118.000000000000,,17180800.000000000000,17180800.000000000000,2914.409066525496,-16670639.583333338000,,,510160.416666662090,With coupon,,-81256.810201267726,17180800.000000000000,,,N/A,50,0,,,2825.532132768362,"CME S&P Mini F&O",Cash,1,,
BTG Global Derivatives Opportunities Fd,045621XW4,2018-08-29,71024496,,,QCU8 Index,OMX Index,OMXS30 IND FUTURE Sep18,Futures,Index Futures,85.000000000000,0,0,14254500.000000000000,1560017.072690261800,SEK,1677.000000000000,,2018-09-21,,QCU8 Index,85.000000000000,,14254500.000000000000,1560017.072690261800,1677.273553852812,-13833495.833333332000,,,421004.166666667500,With coupon,,-13006.121794879844,14254500.000000000000,,,N/A,100,0,,,1627.470098039216,"EDX OMLX OMX Index Futures",Cash,1,,
BTG Global Derivatives Opportunities Fd,045621XW4,2018-08-29,71024521,,,STU8 Index,FTSEMIB Index,FTSE/MIB IDX FUT Sep18,Futures,Index Futures,-94.000000000000,0,0,-9744980.000000000000,-11408448.086000001000,EUR,20734.000000000000,,2018-09-21,,STU8 Index,-94.000000000000,,-9744980.000000000000,-11408448.086000001000,20747.383788114712,9954107.016503108700,,,209127.016503109190,With coupon,,278895.428127472990,-9744980.000000000000,,,N/A,5,0,,,21178.951098942791,"IDEM FTSE MIB Index Futures",Cash,1,,
BTG Global Derivatives Opportunities Fd,045621XW4,2018-08-29,71024559,,,TYU8 Comdty,,US 10YR NOTE (CBT) Sep18,Futures,Interest Rate Futures,-200000.000000000000,0,0,-240125.000000000000,-240125.000000000000,USD,120.062500000000,,2018-09-19,,TYU8 Comdty,-2.000000000000,-200000.000000000000,-240125.000000000000,-240125.000000000000,119.968886126485,238375.000000000060,,,-1749.999999999972,With coupon,,-162421.600000000010,-240125.000000000000,,,UBS SWISSKEY EXEC,1000,0,,,119.187500000000,"CBOT Bond/10 Yr Note Fut",Physical Delivery,,,
BTG Global Derivatives Opportunities Fd,045621XW4,2018-08-29,71024833,,,VGU8 Index,SX5E Index,EURO STOXX 50 Sep18,Futures,Index Futures,391.000000000000,0,0,13512960.000000002000,15819622.272000004000,EUR,3456.000000000000,,2018-09-21,,VGU8 Index,391.000000000000,,13512960.000000002000,15819622.272000004000,3455.057877528964,-13383551.751747910000,,,129408.248252091650,With coupon,,-88894.711217429896,13512960.000000002000,,,N/A,10,0,,,3422.903261316604,"EUREX DJ Stoxx 600 & Eurostoxx Sector I",Cash,1,,
BTG Global Derivatives Opportunities Fd,045621XW4,2018-08-29,71030714,,,,DEDZ9 Index,DEDZ9P 125 Index,Dividend Options,Stock Derivatives,1500.000000000000,0,0,337500.000000000000,395111.250000000000,EUR,2.250000000000,,2019-12-20,,DEDZ9P 125 Index,1500.000000000000,,337500.000000000000,395111.250000000000,2.357075765843,,,,75000.000000000000,With coupon,,-265080.000000000000,337500.000000000000,,,SQUARE GLOBAL LIMITED,100,0,Put,,1.750000000000,"Eurex EUR",Cash,100,,
BTG Global Derivatives Opportunities Fd,045621XW4,2018-08-29,71030969,,,SX5E 09/21/18 C3300,SX5E Index,SX5E 09/21/18 C3300 Index,Listed Options,Stock Derivatives,18.000000000000,0,0,29286.000000000004,34285.120200000005,EUR,162.700000000000,,2018-09-21,,SX5E 09/21/18 C3300,18.000000000000,,29286.000000000004,34285.120200000005,161.851613235223,0.000000000004,,,-179.999999999996,With coupon,,-29482.560000000001,29286.000000000004,,,EXANE DERIVATIVES SNC,10,0,Call,,163.700000000000,"Eurex EUR",Cash,1,,
BTG Global Derivatives Opportunities Fd,045621XW4,2018-08-29,71032509,,,OMX 09/21/18 C1560,OMX Index,OMX 09/21/18 C1560 Index,Listed Options,Stock Derivatives,180.000000000000,0,0,2052000.000000000000,224571.541138617090,SEK,114.000000000000,,2018-09-21,,OMX 09/21/18 C1560,180.000000000000,,2052000.000000000000,224571.541138617090,117.786040029372,0.000000001819,,,1449720.000000000000,With coupon,,1035960.000000000000,2052000.000000000000,,,N/A,100,0,Call,,33.460000000000,"NASDAQ OMX Stockholm",Cash,1,,
BTG Global Derivatives Opportunities Fd,045621XW4,2018-08-29,71033741,,,SX5E 12/21/18 P3500,SX5E Index,SX5E 12/21/18 P3500 Index,Listed Options,Stock Derivatives,360.000000000000,0,0,458999.999999999940,537351.299999999930,EUR,127.500000000000,,2018-12-21,,SX5E 12/21/18 P3500,360.000000000000,,458999.999999999940,537351.299999999930,128.742714920594,0.000000000057,,,-132913.000000000060,With coupon,,-592244.200000000070,458999.999999999940,,,EXANE DERIVATIVES SNC,10,0,Put,,164.420277777778,"Eurex EUR",Cash,1,,
BTG Global Derivatives Opportunities Fd,045621XW4,2018-08-29,71036006,,,,SX5E Index,VSTOXX Future Oct18,Volatility Futures,Index Futures,2019.000000000000,0,0,3058785.000000000500,3580919.599500000900,EUR,15.150000000000,,2018-10-17,,FVSV8 Index,2019.000000000000,,3058785.000000000500,3580919.599500000900,13.625977548392,-3036247.628821887100,,,22537.371178113062,With coupon,,102685.227781131430,3058785.000000000500,,,N/A,100,0,,,15.038373594957,"EUREX VSTOXX Mini Futures",Cash,1,,
BTG Global Derivatives Opportunities Fd,045621XW4,2018-08-29,71036013,,,,SX5E Index,VSTOXX Future Nov18,Volatility Futures,Index Futures,851.000000000000,0,0,1331815.000000000000,1559155.820500000100,EUR,15.650000000000,,2018-11-21,,FVSX8 Index,851.000000000000,,1331815.000000000000,1559155.820500000100,12.016299768932,-1289264.999999999800,,,42550.000000000182,With coupon,,-30208.240000000009,1331815.000000000000,,,UBS SWISSKEY EXEC,100,0,,,15.150000000000,"EUREX VSTOXX Mini Futures",Cash,1,,
BTG Global Derivatives Opportunities Fd,045621XW4,2018-08-29,71036139,,,,SPX Index,CBOE VIX FUTURE Oct18,Volatility Futures,Index Futures,-234.000000000000,0,0,-3562650.000000000500,-3562650.000000000500,USD,15.225000000000,,2018-10-17,,UXV8 Index,-234.000000000000,,-3562650.000000000500,-3562650.000000000500,14.498613039996,3521290.489344868800,,,-41359.510655131540,With coupon,,24193.253337887403,-3562650.000000000500,,,N/A,1000,0,,,15.048249954465,"CBF - CBOE Futures Exchange ",Cash,1,,
BTG Global Derivatives Opportunities Fd,045621XW4,2018-08-29,71036144,,,,SPX Index,CBOE VIX FUTURE Nov18,Volatility Futures,Index Futures,-100.000000000000,0,0,-1562500.000000000000,-1562500.000000000000,USD,15.625000000000,,2018-11-21,,UXX8 Index,-100.000000000000,,-1562500.000000000000,-1562500.000000000000,14.323429852117,1545000.000000000000,,,-17500.000000000000,With coupon,,-181.000000000000,-1562500.000000000000,,,UBS SWISSKEY EXEC,1000,0,,,15.450000000000,"CBF - CBOE Futures Exchange ",Cash,1,,
BTG Global Derivatives Opportunities Fd,045621XW4,2018-08-29,71037231,,,SX5E 09/21/18 P3475,SX5E Index,SX5E 09/21/18 P3475 Index,Listed Options,Stock Derivatives,-36.000000000000,0,0,-16380.000000000002,-19176.066000000003,EUR,45.500000000000,,2018-09-21,,SX5E 09/21/18 P3475,-36.000000000000,,-16380.000000000002,-19176.066000000003,46.294799265366,0.000000000078,,,21426.652173913048,With coupon,,65792.279999999955,-16380.000000000002,,,EXANE DERIVATIVES SNC,10,0,Put,,105.018478260870,"Eurex EUR",Cash,1,,
BTG Global Derivatives Opportunities Fd,045621XW4,2018-08-29,71039741,,,FTSEMIB 12/21/18 C24500,FTSEMIB Index,FTSEMIB 12/21/18 C24500 Index,Listed Options,Stock Derivatives,-480.000000000000,0,0,-12000.000000000000,-14048.400000000001,EUR,10.000000000000,,2018-12-21,,FTSEMIB 12/21/18 C24500,-480.000000000000,,-12000.000000000000,-14048.400000000001,19.087206101624,,,,783000.000000000000,With coupon,,794606.400000000020,-12000.000000000000,,,MEDIOBANCA SPA,2.5,0,Call,,662.500000000000,"Borsa Italiana (IDEM)",Cash,1,,
BTG Global Derivatives Opportunities Fd,045621XW4,2018-08-29,71040123,,,SMI 09/21/18 P8900,SMI Index,SMI 09/21/18 P8900 Index,Listed Options,Stock Derivatives,-60.000000000000,0,0,-24420.000000000000,-25162.287480680061,CHF,40.700000000000,,2018-09-21,,SMI 09/21/18 P8900,-60.000000000000,,-24420.000000000000,-25162.287480680061,41.376099566162,,,,116874.375000000010,With coupon,,-46506.959999999963,-24420.000000000000,,,N/A,10,0,Put,,235.490625000000,"EUREX",Cash,1,,
BTG Global Derivatives Opportunities Fd,045621XW4,2018-08-29,71041296,,,SMI 09/21/18 C8900,SMI Index,SMI 09/21/18 C8900 Index,Listed Options,Stock Derivatives,60.000000000000,0,0,124080.000000000000,127851.622874806800,CHF,206.800000000000,,2018-09-21,,SMI 09/21/18 C8900,60.000000000000,,124080.000000000000,127851.622874806800,209.846228341513,0.000000000028,,,18806.000000000011,With coupon,,-105371.200000000010,124080.000000000000,,,EXANE DERIVATIVES SNC,10,0,Call,,175.456666666667,"EUREX",Cash,1,,
BTG Global Derivatives Opportunities Fd,045621XW4,2018-08-29,71041298,,,SMI 09/21/18 P8800,SMI Index,SMI 09/21/18 P8800 Index,Listed Options,Stock Derivatives,60.000000000000,0,0,15960.000000000000,16445.131375579596,CHF,26.600000000000,,2018-09-21,,SMI 09/21/18 P8800,60.000000000000,,15960.000000000000,16445.131375579596,27.901509610969,0.000000000007,,,-140666.000000000000,With coupon,,-156723.200000000010,15960.000000000000,,,EXANE DERIVATIVES SNC,10,0,Put,,261.043333333333,"EUREX",Cash,1,,
BTG Global Derivatives Opportunities Fd,045621XW4,2018-08-29,71041323,,,SX7E 12/21/18 P115,SX7E Index,SX7E 12/21/18 P115 Index,Listed Options,Stock Derivatives,6000.000000000000,0,0,3075000.000000000000,3599902.500000000000,EUR,10.250000000000,,2018-12-21,,SX7E 12/21/18 P115,6000.000000000000,,3075000.000000000000,3599902.500000000000,10.416846469465,,,,1635000.000000000000,With coupon,,-1444920.000000000000,3075000.000000000000,,,CITIGROUP GLOBAL MARKETS LTD,50,0,Put,,4.800000000000,"Eurex EUR",Cash,1,,
BTG Global Derivatives Opportunities Fd,045621XW4,2018-08-29,71041325,,,SX7P 12/21/18 P165,SX7P Index,SX7P 12/21/18 P165 Index,Listed Options,Stock Derivatives,-4200.000000000000,0,0,-2257500.000000000000,-2642855.250000000000,EUR,10.750000000000,,2018-12-21,,SX7P 12/21/18 P165,-4200.000000000000,,-2257500.000000000000,-2642855.250000000000,10.651207839204,,,,-1060500.000000000000,With coupon,,1195236.000000000000,-2257500.000000000000,,,CITIGROUP GLOBAL MARKETS LTD,50,0,Put,,5.700000000000,"Eurex EUR",Cash,1,,
BTG Global Derivatives Opportunities Fd,045621XW4,2018-08-29,71042462,,,DPW GR 09/21/18 C36,DPW GY Equity,DPW GR 09/21/18 C36 Equity,Listed Options,Stock Derivatives,1200.000000000000,0,0,1200.000000000000,1404.840000000000,EUR,0.010000000000,,2018-09-21,,DPW GR 09/21/18 C36,1200.000000000000,,1200.000000000000,1404.840000000000,0.015291018006,0.000000000003,,,-4199.999999999999,With coupon,,-66804.000000000000,1200.000000000000,,,N/A,100,0,Call,,0.045000000000,"Eurex EUR",Physical Delivery,1,,
BTG Global Derivatives Opportunities Fd,045621XW4,2018-08-29,71042713,,,SX5E 12/21/18 P3400,SX5E Index,SX5E 12/21/18 P3400 Index,Listed Options,Stock Derivatives,-3450.000000000000,0,0,-2887650.000000000000,-3380571.855000000000,EUR,83.700000000000,,2018-12-21,,SX5E 12/21/18 P3400,-3450.000000000000,,-2887650.000000000000,-3380571.855000000000,85.607433567189,-0.000000000909,,,1099443.396226415200,With coupon,,4592492.280000001200,-2887650.000000000000,,,N/A,10,0,Put,,115.567924528302,"Eurex EUR",Cash,1,,
BTG Global Derivatives Opportunities Fd,045621XW4,2018-08-29,71042757,,,SX5E 09/21/18 C3450,SX5E Index,SX5E 09/21/18 C3450 Index,Listed Options,Stock Derivatives,-42.000000000000,0,0,-16884.000000000004,-19766.098800000007,EUR,40.200000000000,,2018-09-21,,SX5E 09/21/18 C3450,-42.000000000000,,-16884.000000000004,-19766.098800000007,40.032418747101,-0.000000000004,,,16254.000000000009,With coupon,,-32987.039999999935,-16884.000000000004,,,N/A,10,0,Call,,78.900000000000,"Eurex EUR",Cash,1,,
BTG Global Derivatives Opportunities Fd,045621XW4,2018-08-29,71042759,,,SX5E 09/21/18 P3400,SX5E Index,SX5E 09/21/18 P3400 Index,Listed Options,Stock Derivatives,1950.000000000000,0,0,376350.000000000000,440592.945000000010,EUR,19.300000000000,,2018-09-21,,SX5E 09/21/18 P3400,1950.000000000000,,376350.000000000000,440592.945000000010,20.399244802090,-0.000000000568,,,-363987.735849056680,With coupon,,94578.120000000112,376350.000000000000,,,N/A,10,0,Put,,37.966037735849,"Eurex EUR",Cash,1,,
BTG Global Derivatives Opportunities Fd,045621XW4,2018-08-29,71046237,,,SPX US 09/21/18 C2785,SPX Index,SPX US 09/21/18 C2785 Index,Listed Options,Stock Derivatives,62.000000000000,0,0,801350.000000000000,801350.000000000000,USD,129.250000000000,,2018-09-21,,SPX US 09/21/18 C2785,62.000000000000,,801350.000000000000,801350.000000000000,130.222535905381,,,,379750.000000000000,With coupon,,-421615.500000000000,801350.000000000000,,,UBS AG LONDON,100,0,Call,,68.000000000000,"Chicago Board Option Exchange",Cash,1,,
BTG Global Derivatives Opportunities Fd,045621XW4,2018-08-29,71046239,,,SPX US 09/21/18 P2785,SPX Index,SPX US 09/21/18 P2785 Index,Listed Options,Stock Derivatives,-62.000000000000,0,0,-26598.000000000004,-26598.000000000004,USD,4.290000000000,,2018-09-21,,SPX US 09/21/18 P2785,-62.000000000000,,-26598.000000000004,-26598.000000000004,0.995698886282,0.000000000046,,,370202.000000000000,With coupon,,396784.500000000000,-26598.000000000004,,,UBS AG LONDON,100,0,Put,,64.000000000000,"Chicago Board Option Exchange",Cash,1,,
BTG Global Derivatives Opportunities Fd,045621XW4,2018-08-29,71046389,,,BJU8 Index,SX7P Index,STOXX 600 BANK Sep18,Futures,Index Futures,-2798.000000000000,0,0,-22006270.000000004000,-25762740.289000005000,EUR,157.300000000000,,2018-09-21,,BJU8 Index,-2798.000000000000,,-22006270.000000004000,-25762740.289000005000,157.210937516790,22431512.466276031000,,,425242.466276027730,With coupon,,276456.251818632590,-22006270.000000004000,,,N/A,50,0,,,160.339617342931,"EUREX DJ Stoxx 600 & Eurostoxx SCTR 2 ",Cash,1,,
BTG Global Derivatives Opportunities Fd,045621XW4,2018-08-29,71047485,,,OMX 09/21/18 C1600,OMX Index,OMX 09/21/18 C1600 Index,Listed Options,Stock Derivatives,-180.000000000000,0,0,-1422000.000000000000,-155624.138157462730,SEK,79.000000000000,,2018-09-21,,OMX 09/21/18 C1600,-180.000000000000,,-1422000.000000000000,-155624.138157462730,79.879784705915,,,,-1143000.000000000000,With coupon,,704580.000000000000,-1422000.000000000000,,,N/A,100,0,Call,,15.500000000000,"NASDAQ OMX Stockholm",Cash,1,,
BTG Global Derivatives Opportunities Fd,045621XW4,2018-08-29,71049493,,,EEM US 09/21/18 C46,EEM US Equity,EEM US 09/21/18 C46 Equity,Listed Options,Stock Derivatives,-6000.000000000000,0,0,-90000.000000000000,-90000.000000000000,USD,0.150000000000,,2018-09-21,,EEM US 09/21/18 C46,-6000.000000000000,,-90000.000000000000,-90000.000000000000,0.173566748760,,,,-47999.999999999993,With coupon,,-24000.000000000000,-90000.000000000000,,,N/A,100,0,Call,,0.070000000000,"NYSE MKT LLC",Physical Delivery,1,,
BTG Global Derivatives Opportunities Fd,045621XW4,2018-08-29,71050596,,,EEM US 09/21/18 C45,EEM US Equity,EEM US 09/21/18 C45 Equity,Listed Options,Stock Derivatives,6000.000000000000,0,0,234000.000000000000,234000.000000000000,USD,0.390000000000,,2018-09-21,,EEM US 09/21/18 C45,6000.000000000000,,234000.000000000000,234000.000000000000,0.431187935377,,,,126000.000000000000,With coupon,,-84750.000000000000,234000.000000000000,,,N/A,100,0,Call,,0.180000000000,"NYSE MKT LLC",Physical Delivery,1,,
BTG Global Derivatives Opportunities Fd,045621XW4,2018-08-29,71050774,,,SX5E 09/21/18 P3350,SX5E Index,SX5E 09/21/18 P3350 Index,Listed Options,Stock Derivatives,36.000000000000,0,0,4032.000000000001,4720.262400000001,EUR,11.200000000000,,2018-09-21,,SX5E 09/21/18 P3350,36.000000000000,,4032.000000000001,4720.262400000001,11.366378403364,0.000000000095,,,-15462.843750000002,With coupon,,-265849.440000000060,4032.000000000001,,,N/A,10,0,Put,,54.152343750000,"Eurex EUR",Cash,1,,
BTG Global Derivatives Opportunities Fd,045621XW4,2018-08-29,71051775,,,SPX US 09/21/18 P2705,SPX Index,SPX US 09/21/18 P2705 Index,Listed Options,Stock Derivatives,22.000000000000,0,0,5258.000000000000,5258.000000000000,USD,2.390000000000,,2018-09-21,,SPX US 09/21/18 P2705,22.000000000000,,5258.000000000000,5258.000000000000,0.600038115846,0.000000000038,,,-146541.999999999970,With coupon,,-151800.000000000000,5258.000000000000,,,MORGAN STANLEY & CO INTERNATIONAL PLC,100,0,Put,,69.000000000000,"Chicago Board Option Exchange",Cash,1,,
BTG Global Derivatives Opportunities Fd,045621XW4,2018-08-29,71051777,,,SPX US 09/21/18 C2705,SPX Index,SPX US 09/21/18 C2705 Index,Listed Options,Stock Derivatives,-22.000000000000,0,0,-383900.000000000000,-383900.000000000000,USD,174.500000000000,,2018-09-21,,SPX US 09/21/18 C2705,-22.000000000000,,-383900.000000000000,-383900.000000000000,209.714221818581,,,,-225500.000000000000,With coupon,,158400.000000000000,-383900.000000000000,,,MORGAN STANLEY & CO INTERNATIONAL PLC,100,0,Call,,72.000000000000,"Chicago Board Option Exchange",Cash,1,,
BTG Global Derivatives Opportunities Fd,045621XW4,2018-08-29,71053532,,,SPX US 09/21/18 P2775,SPX Index,SPX US 09/21/18 P2775 Index,Listed Options,Stock Derivatives,-18.000000000000,0,0,-7200.000000000001,-7200.000000000001,USD,4.000000000000,,2018-09-21,,SPX US 09/21/18 P2775,-18.000000000000,,-7200.000000000001,-7200.000000000001,1.191357827534,0.000000000027,,,90000.000000000015,With coupon,,97195.500000000000,-7200.000000000001,,,MORGAN STANLEY & CO INTERNATIONAL PLC,100,0,Put,,54.000000000000,"Chicago Board Option Exchange",Cash,1,,
BTG Global Derivatives Opportunities Fd,045621XW4,2018-08-29,71053534,,,SPX US 09/21/18 C2775,SPX Index,SPX US 09/21/18 C2775 Index,Listed Options,Stock Derivatives,18.000000000000,0,0,253800.000000000030,253800.000000000030,USD,141.000000000000,,2018-09-21,,SPX US 09/21/18 C2775,18.000000000000,,253800.000000000030,253800.000000000030,140.404113182089,-0.000000000028,,,149400.000000000030,With coupon,,-104404.500000000000,253800.000000000030,,,MORGAN STANLEY & CO INTERNATIONAL PLC,100,0,Call,,58.000000000000,"Chicago Board Option Exchange",Cash,1,,
BTG Global Derivatives Opportunities Fd,045621XW4,2018-08-29,71053745,,,SMI 09/21/18 C8800,SMI Index,SMI 09/21/18 C8800 Index,Listed Options,Stock Derivatives,-60.000000000000,0,0,-175680.000000000000,-181020.092735703220,CHF,292.800000000000,,2018-09-21,,SMI 09/21/18 C8800,-60.000000000000,,-175680.000000000000,-181020.092735703220,296.411335436741,,,,-86700.000000000000,With coupon,,88882.800000000003,-175680.000000000000,,,EXANE DERIVATIVES SNC,10,0,Call,,148.300000000000,"EUREX",Cash,1,,
BTG Global Derivatives Opportunities Fd,045621XW4,2018-08-29,71053752,,,SX5E 09/21/18 C3475,SX5E Index,SX5E 09/21/18 C3475 Index,Listed Options,Stock Derivatives,36.000000000000,0,0,9540.000000000002,11168.478000000003,EUR,26.500000000000,,2018-09-21,,SX5E 09/21/18 C3475,36.000000000000,,9540.000000000002,11168.478000000003,26.350022539612,-0.000000000005,,,-15372.000000000004,With coupon,,-24945.119999999999,9540.000000000002,,,EXANE DERIVATIVES SNC,10,0,Call,,69.200000000000,"Eurex EUR",Cash,1,,
BTG Global Derivatives Opportunities Fd,045621XW4,2018-08-29,71055819,,,,DEDZ8 Index,DEDZ8P 125 Index,Dividend Options,Stock Derivatives,-1500.000000000000,0,0,-1500.000000000000,-1756.050000000000,EUR,0.010000000000,,2018-12-21,,DEDZ8P 125 Index,-1500.000000000000,,-1500.000000000000,-1756.050000000000,0.033067181905,0.000000000002,,,9000.000000000002,With coupon,,8520.000000000000,-1500.000000000000,,,SQUARE GLOBAL LIMITED,100,0,Put,,0.070000000000,"Eurex EUR",Cash,100,,
BTG Global Derivatives Opportunities Fd,045621XW4,2018-08-29,71057088,,,SPX US 09/21/18 C2830,SPX Index,SPX US 09/21/18 C2830 Index,Listed Options,Stock Derivatives,-144.000000000000,0,0,-1318320.000000000200,-1318320.000000000200,USD,91.550000000000,,2018-09-21,,SPX US 09/21/18 C2830,-144.000000000000,,-1318320.000000000200,-1318320.000000000200,88.576617916855,,,,-706320.000000000000,With coupon,,611964.000000000000,-1318320.000000000200,,,BARCLAYS BANK PLC,100,0,Call,,42.500000000000,"Chicago Board Option Exchange",Cash,1,,
BTG Global Derivatives Opportunities Fd,045621XW4,2018-08-29,71057090,,,SPX US 09/21/18 P2830,SPX Index,SPX US 09/21/18 P2830 Index,Listed Options,Stock Derivatives,144.000000000000,0,0,95760.000000000015,95760.000000000015,USD,6.650000000000,,2018-09-21,,SPX US 09/21/18 P2830,144.000000000000,,95760.000000000015,95760.000000000015,4.286413407301,-0.000000000028,,,-545040.000000000120,With coupon,,-640836.000000000000,95760.000000000015,,,BARCLAYS BANK PLC,100,0,Put,,44.500000000000,"Chicago Board Option Exchange",Cash,1,,
BTG Global Derivatives Opportunities Fd,045621XW4,2018-08-29,71057133,,,SX7E 12/21/18 P110,SX7E Index,SX7E 12/21/18 P110 Index,Listed Options,Stock Derivatives,12000.000000000000,0,0,4050000.000000000000,4741335.000000000000,EUR,6.750000000000,,2018-12-21,,SX7E 12/21/18 P110,12000.000000000000,,4050000.000000000000,4741335.000000000000,6.942220619896,,,,1470000.000000000000,With coupon,,-2589840.000000000000,4050000.000000000000,,,SQUARE GLOBAL LIMITED,50,0,Put,,4.300000000000,"Eurex EUR",Cash,1,,
BTG Global Derivatives Opportunities Fd,045621XW4,2018-08-29,71057135,,,SX7E 09/21/18 P110,SX7E Index,SX7E 09/21/18 P110 Index,Listed Options,Stock Derivatives,-12000.000000000000,0,0,-2310000.000000000000,-2704317.000000000000,EUR,3.850000000000,,2018-09-21,,SX7E 09/21/18 P110,-12000.000000000000,,-2310000.000000000000,-2704317.000000000000,4.000002265491,,,,-1110000.000000000000,With coupon,,1194960.000000000000,-2310000.000000000000,,,SQUARE GLOBAL LIMITED,50,0,Put,,2.000000000000,"Eurex EUR",Cash,1,,
BTG Global Derivatives Opportunities Fd,045621XW4,2018-08-29,71057794,,,FIA5 GR 03/14/19 C16,FCA IM Equity,FIA5 GR 03/14/19 C16 Equity,Listed Options,Stock Derivatives,360.000000000000,0,0,183690.000000000000,215045.883000000000,EUR,1.020500000000,,2019-03-14,,FIA5 GR 03/14/19 C16,360.000000000000,,183690.000000000000,215045.883000000000,1.018914656141,0.000000000028,,,10620.000000000004,With coupon,,-173329.200000000010,183690.000000000000,,,EXANE DERIVATIVES SNC,500,0,Call,,0.961500000000,"Eurex EUR",Physical Delivery,1,,
BTG Global Derivatives Opportunities Fd,045621XW4,2018-08-29,71057796,,,FIA5 GR 03/14/19 P14,FCA IM Equity,FIA5 GR 03/14/19 P14 Equity,Listed Options,Stock Derivatives,360.000000000000,0,0,179730.000000000030,210409.911000000050,EUR,0.998500000000,,2019-03-14,,FIA5 GR 03/14/19 P14,360.000000000000,,179730.000000000030,210409.911000000050,0.993395015500,0.000000000028,,,-50399.999999999978,With coupon,,-230389.200000000010,179730.000000000030,,,EXANE DERIVATIVES SNC,500,0,Put,,1.278500000000,"Eurex EUR",Physical Delivery,1,,
BTG Global Derivatives Opportunities Fd,045621XW4,2018-08-29,71057895,,,SX5E 12/21/18 C3800,SX5E Index,SX5E 12/21/18 C3800 Index,Listed Options,Stock Derivatives,900.000000000000,0,0,27900.000000000004,32662.530000000006,EUR,3.100000000000,,2018-12-21,,SX5E 12/21/18 C3800,900.000000000000,,27900.000000000004,32662.530000000006,3.078980022216,0.000000000004,,,-44099.999999999993,With coupon,,-72738.000000000000,27900.000000000004,,,BGC BROKERS LP,10,0,Call,,8.000000000000,"Eurex EUR",Cash,1,,
BTG Global Derivatives Opportunities Fd,045621XW4,2018-08-29,71057899,,,FIA5 GR 06/20/19 C15,FCA IM Equity,FIA5 GR 06/20/19 C15 Equity,Listed Options,Stock Derivatives,300.000000000000,0,0,248550.000000000000,290977.485000000040,EUR,1.657000000000,,2019-06-20,,FIA5 GR 06/20/19 C15,300.000000000000,,248550.000000000000,290977.485000000040,1.654678637284,-0.000000000028,,,15824.999999999989,With coupon,,-232911.000000000000,248550.000000000000,,,SOCIETE GENERALE SA,500,0,Call,,1.551500000000,"Eurex EUR",Physical Delivery,1,,
BTG Global Derivatives Opportunities Fd,045621XW4,2018-08-29,71057901,,,FIA5 GR 06/20/19 P14,FCA IM Equity,FIA5 GR 06/20/19 P14 Equity,Listed Options,Stock Derivatives,300.000000000000,0,0,213450.000000000030,249885.915000000040,EUR,1.423000000000,,2019-06-20,,FIA5 GR 06/20/19 P14,300.000000000000,,213450.000000000030,249885.915000000040,1.433936738051,0.000000000028,,,-45824.999999999964,With coupon,,-259461.000000000000,213450.000000000030,,,SOCIETE GENERALE SA,500,0,Put,,1.728500000000,"Eurex EUR",Physical Delivery,1,,
BTG Global Derivatives Opportunities Fd,045621XW4,2018-08-29,71057972,,,FIA5 GR 06/20/19 C16,FCA IM Equity,FIA5 GR 06/20/19 C16 Equity,Listed Options,Stock Derivatives,150.000000000000,0,0,94425.000000000015,110543.347500000020,EUR,1.259000000000,,2019-06-20,,FIA5 GR 06/20/19 C16,150.000000000000,,94425.000000000015,110543.347500000020,1.255678884557,-0.000000000014,,,9937.500000000000,With coupon,,-84595.500000000000,94425.000000000015,,,EXANE DERIVATIVES SNC,500,0,Call,,1.126500000000,"Eurex EUR",Physical Delivery,1,,
BTG Global Derivatives Opportunities Fd,045621XW4,2018-08-29,71057974,,,FIA5 GR 06/20/19 P13,FCA IM Equity,FIA5 GR 06/20/19 P13 Equity,Listed Options,Stock Derivatives,150.000000000000,0,0,74362.500000000000,87056.178750000006,EUR,0.991500000000,,2019-06-20,,FIA5 GR 06/20/19 P13,150.000000000000,,74362.500000000000,87056.178750000006,0.995747857373,,,,-21150.000000000007,With coupon,,-95620.500000000000,74362.500000000000,,,EXANE DERIVATIVES SNC,500,0,Put,,1.273500000000,"Eurex EUR",Physical Delivery,1,,
BTG Global Derivatives Opportunities Fd,045621XW4,2018-08-29,71059590,,,HAL US 01/18/19 P42,HAL US Equity,HAL US 01/18/19 P42 Equity,Listed Options,Stock Derivatives,-450.000000000000,0,0,-150299.999999999970,-150299.999999999970,USD,3.340000000000,,2019-01-18,,HAL US 01/18/19 P42,-450.000000000000,,-150299.999999999970,-150299.999999999970,3.225798215080,,,,-22949.999999999975,With coupon,,127012.500000000000,-150299.999999999970,,,EXANE INC,100,0,Put,,2.830000000000,"NYSE MKT LLC",Physical Delivery,1,,
BTG Global Derivatives Opportunities Fd,045621XW4,2018-08-29,71060305,,,FTSEMIB 06/21/19 C20000,FTSEMIB Index,FTSEMIB 06/21/19 C20000 Index,Listed Options,Stock Derivatives,840.000000000000,0,0,2866500.000000000000,3355811.550000000300,EUR,1365.000000000000,,2019-06-21,,FTSEMIB 06/21/19 C20000,840.000000000000,,2866500.000000000000,3355811.550000000300,1370.152759263027,-0.000000000909,,,-1276900.000000000500,With coupon,,-4144088.799999999300,2866500.000000000000,,,N/A,2.5,0,Call,,1973.047619047619,"Borsa Italiana (IDEM)",Cash,1,,
BTG Global Derivatives Opportunities Fd,045621XW4,2018-08-29,71060307,,,FTSEMIB 06/21/19 P20000,FTSEMIB Index,FTSEMIB 06/21/19 P20000 Index,Listed Options,Stock Derivatives,840.000000000000,0,0,2904300.000000000000,3400064.010000000200,EUR,1383.000000000000,,2019-06-21,,FTSEMIB 06/21/19 P20000,840.000000000000,,2904300.000000000000,3400064.010000000200,1357.597336132273,0.000000000455,,,444300.000000000170,With coupon,,-2460451.200000000700,2904300.000000000000,,,N/A,2.5,0,Put,,1171.428571428571,"Borsa Italiana (IDEM)",Cash,1,,
BTG Global Derivatives Opportunities Fd,045621XW4,2018-08-29,71060409,,,SX5E 06/21/19 P3200,SX5E Index,SX5E 06/21/19 P3200 Index,Listed Options,Stock Derivatives,-1350.000000000000,0,0,-1599750.000000000000,-1872827.325000000200,EUR,118.500000000000,,2019-06-21,,SX5E 06/21/19 P3200,-1350.000000000000,,-1599750.000000000000,-1872827.325000000200,119.428364371461,,,,128250.000000000000,With coupon,,1726893.000000000000,-1599750.000000000000,,,MORGAN STANLEY & CO INTERNATIONAL PLC,10,0,Put,,128.000000000000,"Eurex EUR",Cash,1,,
BTG Global Derivatives Opportunities Fd,045621XW4,2018-08-29,71060411,,,SX5E 06/21/19 C3200,SX5E Index,SX5E 06/21/19 C3200 Index,Listed Options,Stock Derivatives,-1350.000000000000,0,0,-3512700.000000000000,-4112317.890000000100,EUR,260.200000000000,,2019-06-21,,SX5E 06/21/19 C3200,-1350.000000000000,,-3512700.000000000000,-4112317.890000000100,258.775584157445,0.000000000455,,,410400.000000000520,With coupon,,3922533.000000000000,-3512700.000000000000,,,MORGAN STANLEY & CO INTERNATIONAL PLC,10,0,Call,,290.600000000000,"Eurex EUR",Cash,1,,
BTG Global Derivatives Opportunities Fd,045621XW4,2018-08-29,71062545,,,SDF GR 12/21/18 P20,SDF GY Equity,SDF GR 12/21/18 P20 Equity,Listed Options,Stock Derivatives,1200.000000000000,0,0,183600.000000000000,214940.520000000020,EUR,1.530000000000,,2018-12-21,,SDF GR 12/21/18 P20,1200.000000000000,,183600.000000000000,214940.520000000020,1.561948337302,,,,45599.999999999993,With coupon,,-138804.000000000000,183600.000000000000,,,BNP PARIBAS LONDON BRANCH,100,0,Put,,1.150000000000,"Eurex EUR",Physical Delivery,1,,
BTG Global Derivatives Opportunities Fd,045621XW4,2018-08-29,71062619,,,BAY GR 06/21/19 C84,BAYN GY Equity,BAY GR 06/21/19 C84 Equity,Listed Options,Stock Derivatives,240.000000000000,0,0,134400.000000000000,157342.080000000020,EUR,5.600000000000,,2019-06-21,,BAY GR 06/21/19 C84,240.000000000000,,134400.000000000000,157342.080000000020,5.615473854148,0.000000000057,,,2960.000000000008,With coupon,,-109402.800000000050,134400.000000000000,,,N/A,100,0,Call,,5.476666666667,"Eurex EUR",Physical Delivery,1,,
BTG Global Derivatives Opportunities Fd,045621XW4,2018-08-29,71062621,,,BAY GR 06/21/19 P80,BAYN GY Equity,BAY GR 06/21/19 P80 Equity,Listed Options,Stock Derivatives,240.000000000000,0,0,159840.000000000000,187124.688000000020,EUR,6.660000000000,,2019-06-21,,BAY GR 06/21/19 P80,240.000000000000,,159840.000000000000,187124.688000000020,6.630646850390,0.000000000057,,,3200.000000000017,With coupon,,-155002.800000000050,159840.000000000000,,,N/A,100,0,Put,,6.526666666667,"Eurex EUR",Physical Delivery,1,,
BTG Global Derivatives Opportunities Fd,045621XW4,2018-08-29,71062813,,,SDF GR 12/21/18 C22,SDF GY Equity,SDF GR 12/21/18 C22 Equity,Listed Options,Stock Derivatives,600.000000000000,0,0,19800.000000000000,23179.860000000001,EUR,0.330000000000,,2018-12-21,,SDF GR 12/21/18 C22,600.000000000000,,19800.000000000000,23179.860000000001,0.369193603165,-0.000000000007,,,-12600.000000000005,With coupon,,-32802.000000000000,19800.000000000000,,,BNP PARIBAS LONDON BRANCH,100,0,Call,,0.540000000000,"Eurex EUR",Physical Delivery,1,,
BTG Global Derivatives Opportunities Fd,045621XW4,2018-08-29,71063300,,,SPX US 09/21/18 C2810,SPX Index,SPX US 09/21/18 C2810 Index,Listed Options,Stock Derivatives,27.000000000000,0,0,294300.000000000000,294300.000000000000,USD,109.000000000000,,2018-09-21,,SPX US 09/21/18 C2810,27.000000000000,,294300.000000000000,294300.000000000000,106.598196013806,,,,187650.000000000000,With coupon,,-106710.750000000000,294300.000000000000,,,GOLDMAN SACHS INTERNATIONAL,100,0,Call,,39.500000000000,"Chicago Board Option Exchange",Cash,1,,
BTG Global Derivatives Opportunities Fd,045621XW4,2018-08-29,71063302,,,SPX US 09/21/18 P2810,SPX Index,SPX US 09/21/18 P2810 Index,Listed Options,Stock Derivatives,-27.000000000000,0,0,-13797.000000000002,-13797.000000000002,USD,5.110000000000,,2018-09-21,,SPX US 09/21/18 P2810,-27.000000000000,,-13797.000000000002,-13797.000000000002,2.336154833343,0.000000000005,,,106353.000000000010,With coupon,,120143.250000000010,-13797.000000000002,,,GOLDMAN SACHS INTERNATIONAL,100,0,Put,,44.500000000000,"Chicago Board Option Exchange",Cash,1,,
BTG Global Derivatives Opportunities Fd,045621XW4,2018-08-29,71063604,,,SX5E 12/21/18 P2850,SX5E Index,SX5E 12/21/18 P2850 Index,Listed Options,Stock Derivatives,3000.000000000000,0,0,330000.000000000000,386331.000000000000,EUR,11.000000000000,,2018-12-21,,SX5E 12/21/18 P2850,3000.000000000000,,330000.000000000000,386331.000000000000,10.944662693903,0.000000000171,,,-306599.999999999880,With coupon,,-639060.000000000120,330000.000000000000,,,VANTAGE CAPITAL MARKETS LLP,10,0,Put,,21.220000000000,"Eurex EUR",Cash,1,,
BTG Global Derivatives Opportunities Fd,045621XW4,2018-08-29,71063884,,,GLD US 03/15/19 C116,GLD US Equity,GLD US 03/15/19 C116 Equity,Listed Options,Stock Derivatives,300.000000000000,0,0,99000.000000000015,99000.000000000015,USD,3.300000000000,,2019-03-15,,GLD US 03/15/19 C116,300.000000000000,,99000.000000000015,99000.000000000015,3.410924912924,,,,19500.000000000015,With coupon,,-80175.000000000000,99000.000000000015,,,CITIGROUP GLOBAL MARKETS INC,100,0,Call,,2.650000000000,"NYSE MKT LLC",Physical Delivery,1,,
BTG Global Derivatives Opportunities Fd,045621XW4,2018-08-29,71063886,,,GLD US 03/15/19 P110,GLD US Equity,GLD US 03/15/19 P110 Equity,Listed Options,Stock Derivatives,300.000000000000,0,0,43500.000000000000,43500.000000000000,USD,1.450000000000,,2019-03-15,,GLD US 03/15/19 P110,300.000000000000,,43500.000000000000,43500.000000000000,1.391264487641,,,,-28800.000000000007,With coupon,,-72975.000000000015,43500.000000000000,,,CITIGROUP GLOBAL MARKETS INC,100,0,Put,,2.410000000000,"NYSE MKT LLC",Physical Delivery,1,,
BTG Global Derivatives Opportunities Fd,045621XW4,2018-08-29,71065442,,,CON GR 12/21/18 C165,CON GY Equity,CON GR 12/21/18 C165 Equity,Listed Options,Stock Derivatives,240.000000000000,0,0,143760.000000000000,168299.832000000020,EUR,5.990000000000,,2018-12-21,,CON GR 12/21/18 C165,240.000000000000,,143760.000000000000,168299.832000000020,5.983376316527,,,,2159.999999999968,With coupon,,-141760.800000000020,143760.000000000000,,,CREDIT SUISSE INTERNATIONAL,100,0,Call,,5.900000000000,"Eurex EUR",Physical Delivery,1,,
BTG Global Derivatives Opportunities Fd,045621XW4,2018-08-29,71065444,,,CON GR 12/21/18 P155,CON GY Equity,CON GR 12/21/18 P155 Equity,Listed Options,Stock Derivatives,240.000000000000,0,0,139920.000000000030,163804.344000000040,EUR,5.830000000000,,2018-12-21,,CON GR 12/21/18 P155,240.000000000000,,139920.000000000030,163804.344000000040,5.857301691329,0.000000000028,,,-38879.999999999993,With coupon,,-178960.800000000050,139920.000000000030,,,CREDIT SUISSE INTERNATIONAL,100,0,Put,,7.450000000000,"Eurex EUR",Physical Delivery,1,,
BTG Global Derivatives Opportunities Fd,045621XW4,2018-08-29,71065722,,,CON GR 06/21/19 C160,CON GY Equity,CON GR 06/21/19 C160 Equity,Listed Options,Stock Derivatives,150.000000000000,0,0,183450.000000000030,214764.915000000040,EUR,12.230000000000,,2019-06-21,,CON GR 06/21/19 C160,150.000000000000,,183450.000000000030,214764.915000000040,12.284556002993,,,,37200.000000000015,With coupon,,-146350.500000000000,183450.000000000030,,,CITIGROUP GLOBAL MARKETS LTD,100,0,Call,,9.750000000000,"Eurex EUR",Physical Delivery,1,,
BTG Global Derivatives Opportunities Fd,045621XW4,2018-08-29,71065724,,,CON GR 06/21/19 P150,CON GY Equity,CON GR 06/21/19 P150 Equity,Listed Options,Stock Derivatives,300.000000000000,0,0,297900.000000000000,348751.530000000030,EUR,9.930000000000,,2019-06-21,,CON GR 06/21/19 P150,300.000000000000,,297900.000000000000,348751.530000000030,9.970915003007,-159100.499999999970,,,-56850.000000000015,With coupon,,-195850.500000000000,297900.000000000000,,,N/A,100,0,Put,,11.825000000000,"Eurex EUR",Physical Delivery,1,,
BTG Global Derivatives Opportunities Fd,045621XW4,2018-08-29,71066005,,,CON GR 06/21/19 C170,CON GY Equity,CON GR 06/21/19 C170 Equity,Listed Options,Stock Derivatives,150.000000000000,0,0,121649.999999999990,142415.655000000000,EUR,8.110000000000,,2019-06-21,,CON GR 06/21/19 C170,150.000000000000,,121649.999999999990,142415.655000000000,8.093163767908,-117850.500000000000,,,3899.999999999991,With coupon,,,121649.999999999990,,,NATIXIS SA,100,0,Call,,7.850000000000,"Eurex EUR",Physical Delivery,1,,
BTG Global Derivatives Opportunities Fd,045621XW4,2018-08-29,71066309,,,SPX US 09/21/18 C2975,SPX Index,SPX US 09/21/18 C2975 Index,Listed Options,Stock Derivatives,300.000000000000,0,0,135000.000000000000,135000.000000000000,USD,4.500000000000,,2018-09-21,,SPX US 09/21/18 C2975,300.000000000000,,135000.000000000000,135000.000000000000,4.982228422207,,,,30059.999999999989,With coupon,,-105615.000000000010,135000.000000000000,,,UBS SWISSKEY EXEC,100,0,Call,,3.498000000000,"Chicago Board Option Exchange",Cash,1,,