<?xml version="1.0" encoding="UTF-8" standalone="no" ?>
<ns0:vacationsFile xmlns:ns0="http://www.sophis.net/vacationsFile" xmlns:ns1="http://www.sophis.net/Instrument" xmlns:ns2="http://sophis.net/sophis/common" xmlns:ns3="http://www.sophis.net/trade" xmlns:ns4="http://www.sophis.net/party" xmlns:ns5="http://www.sophis.net/folio">

  <ns0:Header>
    <ns0:GenerationDate>2017-11-13</ns0:GenerationDate>
    <ns0:GenerationStartTime>19:16:22</ns0:GenerationStartTime>
    <ns0:ExternalSystem>UnaVista MiFIR GAM Trade</ns0:ExternalSystem>
  </ns0:Header>

  <ns0:AllocatedVacations>
    <ns0:AllocatedVacation>
      <ns0:AllocatedInstrument>
        <ns0:BasicInstrument>
          <ns0:InstrumentInternalCode>70738779</ns0:InstrumentInternalCode>
          <ns0:InstrumentReference>DEDZ0_120_Z7_C107</ns0:InstrumentReference>
          <ns0:InstrumentName>DEDZ0_120_Z7_C107</ns0:InstrumentName>
          <ns0:InstrumentCCY>EUR</ns0:InstrumentCCY>
          <ns0:InstrumentPriceFactor>1.000000000000</ns0:InstrumentPriceFactor>
          <ns0:Quotity>1.000000000000</ns0:Quotity>
          <ns0:InstrumentAllotment>Packages</ns0:InstrumentAllotment>
          <ns0:InstrumentType>Clause Builder</ns0:InstrumentType>
          <ns0:Notional>1.000000000000</ns0:Notional>
          <ns0:IssueDate>2017-01-20</ns0:IssueDate>
          <ns0:ExpiryDate>2017-12-15</ns0:ExpiryDate>
          <ns0:Strike>0.000000000000</ns0:Strike>
          <ns0:CallPut>Call</ns0:CallPut>
          <ns0:OptionStyle>American</ns0:OptionStyle>
          <ns0:Reference>
            <ns0:SOPHISREF>DEDZ0_120_Z7_C107</ns0:SOPHISREF>
            <ns0:TICKER>DEDZ0_120_Z7_C107</ns0:TICKER>
            <ns0:MARKIT>DEDZ0_120_Z7_C107</ns0:MARKIT>
          </ns0:Reference>
          <ns0:UnderlyingReference>
            <ns0:SOPHISREF>SX5E Index</ns0:SOPHISREF>
            <ns0:ISIN>EU0009658145</ns0:ISIN>
            <ns0:TICKER>SX5E Index</ns0:TICKER>
            <ns0:BLOOMBERG>SX5E Index</ns0:BLOOMBERG>
            <ns0:MARKIT>SX5E Index</ns0:MARKIT>
            <ns0:ID_BB>EI09SX5E</ns0:ID_BB>
            <ns0:ID_BB_CPNY>8965589</ns0:ID_BB_CPNY>
          </ns0:UnderlyingReference>
        </ns0:BasicInstrument>
        <ns0:CompleteInstrument>
          <ns0:Description>
            <ns0:clauseBuilderOption>
              <ns1:productType>Clause-Builder|EQU-Stock Derivatives</ns1:productType>
              <ns1:feature>Average-No Average|Barrier-None|Option Style-American|SABR Compatible|Vanilla|Without Market</ns1:feature>
              <ns1:identifier>
                <ns1:sophis>70738779</ns1:sophis>
                <ns1:reference ns1:modifiable="UniqueNotPrioritary" ns1:name="Markit">DEDZ0_120_Z7_C107</ns1:reference>
                <ns1:reference ns1:modifiable="UniqueNotPrioritary" ns1:name="Sophisref">DEDZ0_120_Z7_C107</ns1:reference>
                <ns1:reference ns1:modifiable="UniqueNotPrioritary" ns1:name="Ticker">DEDZ0_120_Z7_C107</ns1:reference>
              </ns1:identifier>
              <ns1:name>DEDZ0_120_Z7_C107</ns1:name>
              <ns1:currency>EUR</ns1:currency>
              <ns1:sectors>
                <ns1:sector ns1:provider="Finance Potential">
                  <ns1:code></ns1:code>
                  <ns1:name>Level 1</ns1:name>
                  <ns1:comment>Assets with readily observable price and good liquidity</ns1:comment>
                </ns1:sector>
              </ns1:sectors>
              <ns1:businessCenters>
                <ns2:businessCenter ns2:businessCenterScheme="http://www.fpml.org/spec/2000/business-center-1-0">EUTA TARGET</ns2:businessCenter>
              </ns1:businessCenters>
              <ns1:pointValue>
                <ns1:quotationType>InPrice</ns1:quotationType>
                <ns1:averagePrice>1.000000000000</ns1:averagePrice>
                <ns1:unrealized>1.000000000000</ns1:unrealized>
                <ns1:realized>1.000000000000</ns1:realized>
                <ns1:inAmount>1.000000000000</ns1:inAmount>
                <ns1:inAnotherCurrency>1.000000000000</ns1:inAnotherCurrency>
                <ns1:inPercent>0.010000000000</ns1:inPercent>
              </ns1:pointValue>
              <ns1:allotment>Packages</ns1:allotment>
              <ns1:status>Available</ns1:status>
              <ns1:notional>
                <ns1:currency>EUR</ns1:currency>
                <ns1:amount>1.000000000000</ns1:amount>
              </ns1:notional>
              <ns1:pricing>
                <ns1:nature>D</ns1:nature>
                <ns1:model>Clause Builder</ns1:model>
                <ns1:optimisation>Simple</ns1:optimisation>
                <ns1:underlyingModel>Nmu</ns1:underlyingModel>
                <ns1:numberOfPoints>5</ns1:numberOfPoints>
                <ns1:dialog>General</ns1:dialog>
              </ns1:pricing>
              <ns1:extraFields>
                <ns1:MC_BROWNIAN_METHOD_STR>Forward construction</ns1:MC_BROWNIAN_METHOD_STR>
                <ns1:MC_STEPSIZE>0</ns1:MC_STEPSIZE>
                <ns1:MC_SAMPLINGCOUNT>70</ns1:MC_SAMPLINGCOUNT>
                <ns1:MC_CORRELATION_METHOD_STR>Cholesky at Maturity</ns1:MC_CORRELATION_METHOD_STR>
                <ns1:MC_NORMAL_METHOD_STR>Box Muller</ns1:MC_NORMAL_METHOD_STR>
                <ns1:MC_UNIFORM_METHOD_STR>Sobol using Ran2 for direction</ns1:MC_UNIFORM_METHOD_STR>
                <ns1:MC_PATHGENERATOR_METHOD_STR>PieceWise NMU</ns1:MC_PATHGENERATOR_METHOD_STR>
                <ns1:MC_SEQUENCESHIFT>0</ns1:MC_SEQUENCESHIFT>
                <ns1:MC_IR_PATHGENERATOR_METHOD_STR>Deterministic Interest Rate</ns1:MC_IR_PATHGENERATOR_METHOD_STR>
                <ns1:CPT_STDDEV>false</ns1:CPT_STDDEV>
                <ns1:CPT_UNDERLYING_FORWARD>false</ns1:CPT_UNDERLYING_FORWARD>
                <ns1:MC_LOCALVOL_SIMULATIONTYPE>1</ns1:MC_LOCALVOL_SIMULATIONTYPE>
                <ns1:MC_LOCALVOL_GRIDTYPE>false</ns1:MC_LOCALVOL_GRIDTYPE>
                <ns1:MC_LOCALVOL_POINTCOUNT>0</ns1:MC_LOCALVOL_POINTCOUNT>
                <ns1:MC_LOCALVOL_MINPOINTCOUNT>20</ns1:MC_LOCALVOL_MINPOINTCOUNT>
                <ns1:MC_LOCALVOL_MAXPOINTCOUNT>150</ns1:MC_LOCALVOL_MAXPOINTCOUNT>
                <ns1:MC_LOCALVOL_GROWFACTOR>250</ns1:MC_LOCALVOL_GROWFACTOR>
                <ns1:MC_LOCALVOL_EXTREMEMIN>5</ns1:MC_LOCALVOL_EXTREMEMIN>
                <ns1:MC_LOCALVOL_EXTREMEMAX>8</ns1:MC_LOCALVOL_EXTREMEMAX>
                <ns1:MC_LOCALVOL_EXTREMEPOINTMODULO>8</ns1:MC_LOCALVOL_EXTREMEPOINTMODULO>
                <ns1:H_MAX_ITER>100</ns1:H_MAX_ITER>
                <ns1:H_VEGA_CRIT>0.100000000000</ns1:H_VEGA_CRIT>
                <ns1:H_LEAST3STRIKES>false</ns1:H_LEAST3STRIKES>
                <ns1:H_FFT_POWER>9</ns1:H_FFT_POWER>
                <ns1:H_MAX_GLOB_ITER>100</ns1:H_MAX_GLOB_ITER>
                <ns1:H_GOAL_FUNCTION>1</ns1:H_GOAL_FUNCTION>
                <ns1:H_VOL_TYPE>1</ns1:H_VOL_TYPE>
                <ns1:H_USE_QUADRATURE>false</ns1:H_USE_QUADRATURE>
                <ns1:H_QUADRATURE_STEPS>64</ns1:H_QUADRATURE_STEPS>
                <ns1:HESTON_CALIBRATIONs/>
              </ns1:extraFields>
              <ns1:strike>
                <ns1:strikeValue>
                  <ns1:strikePrice>
                    <ns1:currency>EUR</ns1:currency>
                    <ns1:amount>0.000000000000</ns1:amount>
                  </ns1:strikePrice>
                </ns1:strikeValue>
                <ns1:fixingType>Last</ns1:fixingType>
              </ns1:strike>
              <ns1:optionType>Call</ns1:optionType>
              <ns1:exercise>
                <ns1:americanExercise>
                  <ns1:expirationDate>
                    <ns2:adjustableDate>
                      <ns2:unadjustedDate>2017-12-15</ns2:unadjustedDate>
                      <ns2:dateAdjustments>
                        <ns2:businessDayConvention>NONE</ns2:businessDayConvention>
                      </ns2:dateAdjustments>
                    </ns2:adjustableDate>
                  </ns1:expirationDate>
                </ns1:americanExercise>
                <ns1:settlementDate>
                  <ns2:adjustableDate>
                    <ns2:unadjustedDate>2017-12-19</ns2:unadjustedDate>
                    <ns2:dateAdjustments>
                      <ns2:businessDayConvention>NONE</ns2:businessDayConvention>
                    </ns2:dateAdjustments>
                  </ns2:adjustableDate>
                </ns1:settlementDate>
                <ns1:settlementCurrency>EUR</ns1:settlementCurrency>
              </ns1:exercise>
              <ns1:settlementType>Cash</ns1:settlementType>
              <ns1:issueDate>2017-01-20</ns1:issueDate>
              <ns1:optionFeatures/>
              <ns1:fixedIncome>
                <ns1:creditSpread>0.000000000000</ns1:creditSpread>
                <ns1:spreadType>Undefined</ns1:spreadType>
                <ns1:couponFrequency>
                  <ns1:periodMultiplier>0</ns1:periodMultiplier>
                  <ns1:periodEnum>Day</ns1:periodEnum>
                </ns1:couponFrequency>
                <ns1:impliedType>Undefined</ns1:impliedType>
              </ns1:fixedIncome>
              <ns1:UnderlyingList>
                <ns1:UnderlyingData>
                  <ns1:LineId>1</ns1:LineId>
                  <ns1:UnderlyingCode>
                    <ns1:sophis>70738733</ns1:sophis>
                    <ns1:reference ns1:modifiable="UniqueNotPrioritary" ns1:name="Bloomberg">DEDZ0 Index</ns1:reference>
                    <ns1:reference ns1:modifiable="UniqueNotPrioritary" ns1:name="Markit">DEDZ0 dummy</ns1:reference>
                    <ns1:reference ns1:modifiable="UniqueNotPrioritary" ns1:name="Sophisref">DEDZ0 dummy</ns1:reference>
                    <ns1:reference ns1:modifiable="UniqueNotPrioritary" ns1:name="Ticker">DEDZ0 dummy</ns1:reference>
                  </ns1:UnderlyingCode>
                  <ns1:MgtFees>0.000000000000</ns1:MgtFees>
                </ns1:UnderlyingData>
                <ns1:UnderlyingData>
                  <ns1:LineId>2</ns1:LineId>
                  <ns1:UnderlyingCode>
                    <ns1:sophis>67603246</ns1:sophis>
                    <ns1:reference ns1:modifiable="UniqueNotPrioritary" ns1:name="Bloomberg">SX5E Index</ns1:reference>
                    <ns1:reference ns1:modifiable="UniqueNotPrioritary" ns1:name="IdBb">EI09SX5E</ns1:reference>
                    <ns1:reference ns1:modifiable="UniqueNotPrioritary" ns1:name="IdBbCpny">8965589</ns1:reference>
                    <ns1:reference ns1:modifiable="UniqueNotPrioritary" ns1:name="Isin">EU0009658145</ns1:reference>
                    <ns1:reference ns1:modifiable="UniqueNotPrioritary" ns1:name="Markit">SX5E Index</ns1:reference>
                    <ns1:reference ns1:modifiable="UniqueNotPrioritary" ns1:name="Sophisref">SX5E Index</ns1:reference>
                    <ns1:reference ns1:modifiable="UniqueNotPrioritary" ns1:name="Ticker">SX5E Index</ns1:reference>
                  </ns1:UnderlyingCode>
                  <ns1:MgtFees>0.000000000000</ns1:MgtFees>
                </ns1:UnderlyingData>
              </ns1:UnderlyingList>
              <ns1:BasketCompositionList/>
              <ns1:BasketClauseList/>
              <ns1:FixingClauseList>
                <ns1:FixingClauseData>
                  <ns1:Id>1</ns1:Id>
                  <ns1:Type>Fixing</ns1:Type>
                  <ns1:Date>2017-12-15</ns1:Date>
                  <ns1:FixingType>1279349588</ns1:FixingType>
                </ns1:FixingClauseData>
                <ns1:FixingClauseData>
                  <ns1:Id>2</ns1:Id>
                  <ns1:Type>Fixing</ns1:Type>
                  <ns1:Date>2017-01-20</ns1:Date>
                  <ns1:FixingType>1279349588</ns1:FixingType>
                </ns1:FixingClauseData>
              </ns1:FixingClauseList>
              <ns1:OptionClauseList>
                <ns1:OptionClauseData>
                  <ns1:Id>1</ns1:Id>
                  <ns1:Name>Cliquet</ns1:Name>
                  <ns1:Value></ns1:Value>
                  <ns1:Type></ns1:Type>
                  <ns1:Child></ns1:Child>
                  <ns1:Properties></ns1:Properties>
                  <ns1:Underlying>1</ns1:Underlying>
                  <ns1:PaymentDate>1904-01-01</ns1:PaymentDate>
                  <ns1:Coupon>0.000000000000</ns1:Coupon>
                  <ns1:Factor>1.000000000000</ns1:Factor>
                  <ns1:Strike>1.200000000000</ns1:Strike>
                  <ns1:Floor>-10000000000.000000000000</ns1:Floor>
                  <ns1:Cap>10000000000.000000000000</ns1:Cap>
                  <ns1:StartIds></ns1:StartIds>
                  <ns1:EndIds>1</ns1:EndIds>
                  <ns1:Comments>Payoff is Up</ns1:Comments>
                  <ns1:MinAge>0</ns1:MinAge>
                  <ns1:MaxAge>0</ns1:MaxAge>
                  <ns1:StartDate>0</ns1:StartDate>
                  <ns1:EndDate>0</ns1:EndDate>
                  <ns1:DataType_Flag>0</ns1:DataType_Flag>
                  <ns1:ReferenceId>0</ns1:ReferenceId>
                  <ns1:Continuation></ns1:Continuation>
                  <ns1:IsAbsolute>true</ns1:IsAbsolute>
                </ns1:OptionClauseData>
                <ns1:OptionClauseData>
                  <ns1:Id>2</ns1:Id>
                  <ns1:Name>Constant</ns1:Name>
                  <ns1:Value>0</ns1:Value>
                  <ns1:Type></ns1:Type>
                  <ns1:Child></ns1:Child>
                  <ns1:Properties></ns1:Properties>
                  <ns1:Underlying></ns1:Underlying>
                  <ns1:PaymentDate>1904-01-01</ns1:PaymentDate>
                  <ns1:Coupon>0.000000000000</ns1:Coupon>
                  <ns1:Factor>1.000000000000</ns1:Factor>
                  <ns1:Strike>0.000000000000</ns1:Strike>
                  <ns1:Floor>-10000000000.000000000000</ns1:Floor>
                  <ns1:Cap>10000000000.000000000000</ns1:Cap>
                  <ns1:StartIds></ns1:StartIds>
                  <ns1:EndIds></ns1:EndIds>
                  <ns1:Comments>Payoff if down</ns1:Comments>
                  <ns1:MinAge>0</ns1:MinAge>
                  <ns1:MaxAge>0</ns1:MaxAge>
                  <ns1:StartDate>0</ns1:StartDate>
                  <ns1:EndDate>0</ns1:EndDate>
                  <ns1:DataType_Flag>0</ns1:DataType_Flag>
                  <ns1:ReferenceId>0</ns1:ReferenceId>
                  <ns1:Continuation></ns1:Continuation>
                  <ns1:IsAbsolute>false</ns1:IsAbsolute>
                </ns1:OptionClauseData>
                <ns1:OptionClauseData>
                  <ns1:Id>3</ns1:Id>
                  <ns1:Name>Switch</ns1:Name>
                  <ns1:Value></ns1:Value>
                  <ns1:Type></ns1:Type>
                  <ns1:Child>2,1</ns1:Child>
                  <ns1:Properties></ns1:Properties>
                  <ns1:Underlying>2</ns1:Underlying>
                  <ns1:PaymentDate>2017-12-19</ns1:PaymentDate>
                  <ns1:Coupon>0.000000000000</ns1:Coupon>
                  <ns1:Factor>1.000000000000</ns1:Factor>
                  <ns1:Strike>1.070000000000</ns1:Strike>
                  <ns1:Floor>-10000000000.000000000000</ns1:Floor>
                  <ns1:Cap>10000000000.000000000000</ns1:Cap>
                  <ns1:StartIds>2</ns1:StartIds>
                  <ns1:EndIds>1</ns1:EndIds>
                  <ns1:Comments></ns1:Comments>
                  <ns1:MinAge>0</ns1:MinAge>
                  <ns1:MaxAge>0</ns1:MaxAge>
                  <ns1:StartDate>0</ns1:StartDate>
                  <ns1:EndDate>0</ns1:EndDate>
                  <ns1:DataType_Flag>0</ns1:DataType_Flag>
                  <ns1:ReferenceId>0</ns1:ReferenceId>
                  <ns1:Continuation></ns1:Continuation>
                  <ns1:IsAbsolute>false</ns1:IsAbsolute>
                </ns1:OptionClauseData>
              </ns1:OptionClauseList>
              <ns1:FixingValueList>
                <ns1:FixingValueData>
                  <ns1:Underlying>
                    <ns1:sophis>67603246</ns1:sophis>
                    <ns1:reference ns1:modifiable="UniqueNotPrioritary" ns1:name="Bloomberg">SX5E Index</ns1:reference>
                    <ns1:reference ns1:modifiable="UniqueNotPrioritary" ns1:name="IdBb">EI09SX5E</ns1:reference>
                    <ns1:reference ns1:modifiable="UniqueNotPrioritary" ns1:name="IdBbCpny">8965589</ns1:reference>
                    <ns1:reference ns1:modifiable="UniqueNotPrioritary" ns1:name="Isin">EU0009658145</ns1:reference>
                    <ns1:reference ns1:modifiable="UniqueNotPrioritary" ns1:name="Markit">SX5E Index</ns1:reference>
                    <ns1:reference ns1:modifiable="UniqueNotPrioritary" ns1:name="Sophisref">SX5E Index</ns1:reference>
                    <ns1:reference ns1:modifiable="UniqueNotPrioritary" ns1:name="Ticker">SX5E Index</ns1:reference>
                  </ns1:Underlying>
                  <ns1:Date>2017-01-20</ns1:Date>
                  <ns1:Value>3326.150000000000</ns1:Value>
                  <ns1:Status>0</ns1:Status>
                  <ns1:FixingType>1279349588</ns1:FixingType>
                </ns1:FixingValueData>
              </ns1:FixingValueList>
              <ns1:PayOff>Generic Clause Builder</ns1:PayOff>
              <ns1:GapRisk>false</ns1:GapRisk>
              <ns1:Termsheet></ns1:Termsheet>
              <ns1:IsRateLegPaid>false</ns1:IsRateLegPaid>
              <ns1:IsNotDeliverable>false</ns1:IsNotDeliverable>
              <ns1:ExoticMask>
                <ns1:MaskName></ns1:MaskName>
              </ns1:ExoticMask>
            </ns0:clauseBuilderOption>
          </ns0:Description>
          <ns0:UnderlyingsSet>
            <ns0:Underlying>
              <ns0:CompleteInstrument>
                <ns0:Description/>
              </ns0:CompleteInstrument>
            </ns0:Underlying>
          </ns0:UnderlyingsSet>
        </ns0:CompleteInstrument>
      </ns0:AllocatedInstrument>
      <ns0:AllocatedTransaction>
        <ns0:OrginalBlockID>505297445</ns0:OrginalBlockID>
        <ns0:VacationInfos>
          <ns0:AccountID>N/A</ns0:AccountID>
          <ns0:GenerationType>Creation</ns0:GenerationType>
          <ns0:TransactionType>Buy</ns0:TransactionType>
          <ns0:PositionQuantityBefore>0.000000000000</ns0:PositionQuantityBefore>
          <ns0:ESBrokerReference>BNP</ns0:ESBrokerReference>
          <ns0:ESDepositaryReference>EXECUTION ETD VOICE</ns0:ESDepositaryReference>
          <ns0:ESCashDepositaryReference>EXECUTION ETD VOICE</ns0:ESCashDepositaryReference>
          <ns0:ESCounterpartyReference>BNP</ns0:ESCounterpartyReference>
          <ns0:ESEntityReference>EQ Execution Entity</ns0:ESEntityReference>
        </ns0:VacationInfos>
        <ns0:BasicTransaction>
          <ns0:BusinessEvent>Full Unwind</ns0:BusinessEvent>
          <ns0:TransactionInternalCode>505297445</ns0:TransactionInternalCode>
          <ns0:InstrumentInternalCode>70738779</ns0:InstrumentInternalCode>
          <ns0:Quantity>50000.000000000000</ns0:Quantity>
          <ns0:Notional>50000.000000000000</ns0:Notional>
          <ns0:PriceInLocalCCY>5.000000000000</ns0:PriceInLocalCCY>
          <ns0:PriceInSettlementCCY>5.000000000000</ns0:PriceInSettlementCCY>
          <ns0:PrincipalInLocalCCY>250000.000000000000</ns0:PrincipalInLocalCCY>
          <ns0:PrincipalInSettlementCCY>250000.000000000000</ns0:PrincipalInSettlementCCY>
          <ns0:NetAmount>250000.000000000000</ns0:NetAmount>
          <ns0:CounterpartFees>0.000000000000</ns0:CounterpartFees>
          <ns0:BrokerFees>0.000000000000</ns0:BrokerFees>
          <ns0:MarketFees>0.000000000000</ns0:MarketFees>
          <ns0:FORemarks></ns0:FORemarks>
          <ns0:BORemarks></ns0:BORemarks>
          <ns0:AccruedAmount>0.000000000000</ns0:AccruedAmount>
          <ns0:AccruedInterest>0.000000000000</ns0:AccruedInterest>
          <ns0:AccruedInterestDate>1904-01-01</ns0:AccruedInterestDate>
          <ns0:Operator>Alfred Mallol</ns0:Operator>
          <ns0:Portfolio>Voice_Mallol</ns0:Portfolio>
          <ns0:EntryDate>2017-10-31</ns0:EntryDate>
          <ns0:TradeDate>2017-10-31</ns0:TradeDate>
          <ns0:PaymentDate>2017-10-31</ns0:PaymentDate>
        </ns0:BasicTransaction>
        <ns0:CompleteTransaction>
          <ns0:trade>
            <ns3:tradeHeader>
              <ns3:partyTradeIdentifier>
                <ns4:partyReference>
                  <ns4:partyId ns4:partyIdScheme="http://www.sophis.net/party/partyId/id">10012566</ns4:partyId>
                  <ns4:partyId ns4:partyIdScheme="http://www.sophis.net/party/partyId/name">EQ Execution Entity</ns4:partyId>
                  <ns4:partyId ns4:partyIdScheme="http://www.sophis.net/party/partyId/reference">EQ Execution Entity</ns4:partyId>
                </ns4:partyReference>
                <ns3:tradeId ns3:tradeIdScheme="http://www.sophis.net/trade/tradeId/id">505297445</ns3:tradeId>
                <ns3:tradeId ns3:tradeIdScheme="http://www.sophis.net/trade/tradeId/version">5</ns3:tradeId>
                <ns3:linkId ns3:linkIdScheme="http://www.sophis.net/trade/linkId/positionId">5358404</ns3:linkId>
                <ns3:allocationTradeId>
                  <ns4:partyReference>
                    <ns4:partyId ns4:partyIdScheme="http://www.sophis.net/party/partyId/id">10012566</ns4:partyId>
                    <ns4:partyId ns4:partyIdScheme="http://www.sophis.net/party/partyId/name">EQ Execution Entity</ns4:partyId>
                    <ns4:partyId ns4:partyIdScheme="http://www.sophis.net/party/partyId/reference">EQ Execution Entity</ns4:partyId>
                  </ns4:partyReference>
                  <ns3:tradeId ns3:tradeIdScheme="http://www.sophis.net/trade/tradeId/id">505300630</ns3:tradeId>
                  <ns3:tradeId ns3:tradeIdScheme="http://www.sophis.net/trade/tradeId/version">6</ns3:tradeId>
                </ns3:allocationTradeId>
              </ns3:partyTradeIdentifier>
              <ns3:extendedPartyTradeInformation>
                <ns3:partyReference>
                  <ns4:partyId ns4:partyIdScheme="http://www.sophis.net/party/partyId/id">10012566</ns4:partyId>
                  <ns4:partyId ns4:partyIdScheme="http://www.sophis.net/party/partyId/name">EQ Execution Entity</ns4:partyId>
                  <ns4:partyId ns4:partyIdScheme="http://www.sophis.net/party/partyId/reference">EQ Execution Entity</ns4:partyId>
                </ns3:partyReference>
                <ns3:trader ns3:traderScheme="http://www.sophis.net/user/userId/id">15889</ns3:trader>
                <ns3:trader ns3:traderScheme="http://www.sophis.net/user/userId/name">Alfred Mallol</ns3:trader>
                <ns5:identifierAllocationRule>
                  <ns5:folio>
                    <ns5:portfolioName ns5:portfolioNameScheme="http://www.sophis.net/folio/portfolioName/fullName">ROOT:BTG - Portfolio Structure:BTG - Execution Book:Execution Book:Strategies:Equity London EXEC:Alfred Mallol EXEC:Voice_Mallol</ns5:portfolioName>
                    <ns5:portfolioName ns5:portfolioNameScheme="http://www.sophis.net/folio/portfolioName/id">131002</ns5:portfolioName>
                    <ns5:portfolioName ns5:portfolioNameScheme="http://www.sophis.net/folio/portfolioName/name">Voice_Mallol</ns5:portfolioName>
                  </ns5:folio>
                </ns5:identifierAllocationRule>
                <ns3:businessEvent>Full Unwind</ns3:businessEvent>
                <ns3:origin>Manual</ns3:origin>
                <ns3:backofficeStatus>Allocated OK</ns3:backofficeStatus>
                <ns3:intentToClear>false</ns3:intentToClear>
                <ns3:largeSizeTrade>false</ns3:largeSizeTrade>
                <ns3:executionVenueType>EQ Execution Entity</ns3:executionVenueType>
                <ns3:originatingEvent>Trade</ns3:originatingEvent>
                <ns3:extraFields>
                  <BTG_HEDGING>false</BTG_HEDGING>
                </ns3:extraFields>
              </ns3:extendedPartyTradeInformation>
              <ns3:tradeDate>2017-10-31</ns3:tradeDate>
              <ns3:pnLDate>2017-10-31</ns3:pnLDate>
              <ns3:settlementDate>2017-10-31</ns3:settlementDate>
              <ns3:tradeTime>18:59:28</ns3:tradeTime>
              <ns3:paymentDate>2017-10-31</ns3:paymentDate>
            </ns3:tradeHeader>
            <ns3:tradeProduct>
              <ns3:instrument>
                <ns1:sophis>70738779</ns1:sophis>
                <ns1:reference ns1:modifiable="UniqueNotPrioritary" ns1:name="Markit">DEDZ0_120_Z7_C107</ns1:reference>
                <ns1:reference ns1:modifiable="UniqueNotPrioritary" ns1:name="Sophisref">DEDZ0_120_Z7_C107</ns1:reference>
                <ns1:reference ns1:modifiable="UniqueNotPrioritary" ns1:name="Ticker">DEDZ0_120_Z7_C107</ns1:reference>
              </ns3:instrument>
              <ns3:principalPayment>
                <ns3:buyerPartyReference>
                  <ns4:partyId ns4:partyIdScheme="http://www.sophis.net/party/partyId/id">10012566</ns4:partyId>
                  <ns4:partyId ns4:partyIdScheme="http://www.sophis.net/party/partyId/name">EQ Execution Entity</ns4:partyId>
                  <ns4:partyId ns4:partyIdScheme="http://www.sophis.net/party/partyId/reference">EQ Execution Entity</ns4:partyId>
                </ns3:buyerPartyReference>
                <ns3:sellerPartyReference>
                  <ns4:partyId ns4:partyIdScheme="http://www.sophis.net/party/partyId/externalReference">350989</ns4:partyId>
                  <ns4:partyId ns4:partyIdScheme="http://www.sophis.net/party/partyId/id">10003556</ns4:partyId>
                  <ns4:partyId ns4:partyIdScheme="http://www.sophis.net/party/partyId/name">BNP PARIBAS LONDON BRANCH</ns4:partyId>
                  <ns4:partyId ns4:partyIdScheme="http://www.sophis.net/party/partyId/reference">BNP</ns4:partyId>
                  <ns4:partyId ns4:partyIdScheme="http://www.sophis.net/party/partyId/swiftCode">BNPAGB22</ns4:partyId>
                  <ns4:customPartyId ns4:name="AEXEO CODE" ns4:partyIdScheme="http://www.sophis.net/party/partyId/custom">BNP</ns4:customPartyId>
                  <ns4:customPartyId ns4:name="BBG_ALLQ" ns4:partyIdScheme="http://www.sophis.net/party/partyId/custom">1189</ns4:customPartyId>
                  <ns4:customPartyId ns4:name="BBG_VCON" ns4:partyIdScheme="http://www.sophis.net/party/partyId/custom">1189</ns4:customPartyId>
                  <ns4:customPartyId ns4:name="BOAML FI CODE" ns4:partyIdScheme="http://www.sophis.net/party/partyId/custom">FIPD</ns4:customPartyId>
                  <ns4:customPartyId ns4:name="BOAML PB CODE" ns4:partyIdScheme="http://www.sophis.net/party/partyId/custom">BNP</ns4:customPartyId>
                  <ns4:customPartyId ns4:name="BOAML REPO CODE" ns4:partyIdScheme="http://www.sophis.net/party/partyId/custom">FIPD</ns4:customPartyId>
                  <ns4:customPartyId ns4:name="CITI CODE" ns4:partyIdScheme="http://www.sophis.net/party/partyId/custom">FIPD</ns4:customPartyId>
                  <ns4:customPartyId ns4:name="CS CODE" ns4:partyIdScheme="http://www.sophis.net/party/partyId/custom">BNP</ns4:customPartyId>
                  <ns4:customPartyId ns4:name="EMSX" ns4:partyIdScheme="http://www.sophis.net/party/partyId/custom">BNPP</ns4:customPartyId>
                  <ns4:customPartyId ns4:name="EMSX_Equity" ns4:partyIdScheme="http://www.sophis.net/party/partyId/custom">BNPP</ns4:customPartyId>
                  <ns4:customPartyId ns4:name="FRN CODE" ns4:partyIdScheme="http://www.sophis.net/party/partyId/custom">124605</ns4:customPartyId>
                  <ns4:customPartyId ns4:name="JPM FX CODE" ns4:partyIdScheme="http://www.sophis.net/party/partyId/custom">BNPLDN</ns4:customPartyId>
                  <ns4:customPartyId ns4:name="MS PB CODE" ns4:partyIdScheme="http://www.sophis.net/party/partyId/custom">BNP</ns4:customPartyId>
                  <ns4:customPartyId ns4:name="MarkIT CODE" ns4:partyIdScheme="http://www.sophis.net/party/partyId/custom">BNP</ns4:customPartyId>
                  <ns4:customPartyId ns4:name="MarketAxess" ns4:partyIdScheme="http://www.sophis.net/party/partyId/custom">BNP Paribas Securities Corp.</ns4:customPartyId>
                  <ns4:customPartyId ns4:name="MiFID (Y/N)" ns4:partyIdScheme="http://www.sophis.net/party/partyId/custom">Y</ns4:customPartyId>
                  <ns4:customPartyId ns4:name="RS_CODE" ns4:partyIdScheme="http://www.sophis.net/party/partyId/custom">BNP</ns4:customPartyId>
                  <ns4:customPartyId ns4:name="TRAIANA CODE" ns4:partyIdScheme="http://www.sophis.net/party/partyId/custom">BNP</ns4:customPartyId>
                  <ns4:customPartyId ns4:name="TW_CODE" ns4:partyIdScheme="http://www.sophis.net/party/partyId/custom">BNABUS31</ns4:customPartyId>
                  <ns4:customPartyId ns4:name="UBS CODE" ns4:partyIdScheme="http://www.sophis.net/party/partyId/custom">BNP</ns4:customPartyId>
                  <ns4:customPartyId ns4:name="UBS ETD CODE" ns4:partyIdScheme="http://www.sophis.net/party/partyId/custom">BNP</ns4:customPartyId>
                  <ns4:customPartyId ns4:name="UBS FI CODE" ns4:partyIdScheme="http://www.sophis.net/party/partyId/custom">BNP</ns4:customPartyId>
                  <ns4:customPartyId ns4:name="UBS FX CODE" ns4:partyIdScheme="http://www.sophis.net/party/partyId/custom">BNP</ns4:customPartyId>
                  <ns4:customPartyId ns4:name="UBS REPO CODE" ns4:partyIdScheme="http://www.sophis.net/party/partyId/custom">BNPF</ns4:customPartyId>
                  <ns4:customPartyId ns4:name="UBS Settle Location" ns4:partyIdScheme="http://www.sophis.net/party/partyId/custom">EC</ns4:customPartyId>
                  <ns4:customPartyId ns4:name="triResolve CODE" ns4:partyIdScheme="http://www.sophis.net/party/partyId/custom">BNP</ns4:customPartyId>
                </ns3:sellerPartyReference>
                <ns3:principalSettlement>
                  <ns3:numberOfSecurities>50000.000000000000</ns3:numberOfSecurities>
                  <ns3:notional>50000.000000000000</ns3:notional>
                  <ns3:spot ns3:inSettlementCurrency="false" ns3:type="InAmount">5.000000000000</ns3:spot>
                  <ns3:paymentMethod></ns3:paymentMethod>
                  <ns3:SMDT>NA / N/A</ns3:SMDT>
                  <ns3:amount>
                    <ns3:currency>EUR</ns3:currency>
                    <ns3:amount>250000.000000000000</ns3:amount>
                  </ns3:amount>
                  <ns3:valueDate>
                    <ns2:unadjustedDate>2017-10-31</ns2:unadjustedDate>
                    <ns2:dateAdjustments>
                      <ns2:businessDayConvention>NONE</ns2:businessDayConvention>
                    </ns2:dateAdjustments>
                  </ns3:valueDate>
                </ns3:principalSettlement>
              </ns3:principalPayment>
            </ns3:tradeProduct>
            <ns3:entityPartyReference>
              <ns4:partyId ns4:partyIdScheme="http://www.sophis.net/party/partyId/id">10012566</ns4:partyId>
              <ns4:partyId ns4:partyIdScheme="http://www.sophis.net/party/partyId/name">EQ Execution Entity</ns4:partyId>
              <ns4:partyId ns4:partyIdScheme="http://www.sophis.net/party/partyId/reference">EQ Execution Entity</ns4:partyId>
            </ns3:entityPartyReference>
            <ns3:extendedTradeSide>
              <ns3:orderer>
                <ns4:party>
                  <ns4:partyId ns4:partyIdScheme="http://www.sophis.net/party/partyId/id">10012566</ns4:partyId>
                  <ns4:partyId ns4:partyIdScheme="http://www.sophis.net/party/partyId/name">EQ Execution Entity</ns4:partyId>
                  <ns4:partyId ns4:partyIdScheme="http://www.sophis.net/party/partyId/reference">EQ Execution Entity</ns4:partyId>
                </ns4:party>
              </ns3:orderer>
              <ns3:introducer>
                <ns4:party>
                  <ns4:partyId ns4:partyIdScheme="http://www.sophis.net/party/partyId/externalReference">350989</ns4:partyId>
                  <ns4:partyId ns4:partyIdScheme="http://www.sophis.net/party/partyId/id">10003556</ns4:partyId>
                  <ns4:partyId ns4:partyIdScheme="http://www.sophis.net/party/partyId/name">BNP PARIBAS LONDON BRANCH</ns4:partyId>
                  <ns4:partyId ns4:partyIdScheme="http://www.sophis.net/party/partyId/reference">BNP</ns4:partyId>
                  <ns4:partyId ns4:partyIdScheme="http://www.sophis.net/party/partyId/swiftCode">BNPAGB22</ns4:partyId>
                  <ns4:customPartyId ns4:name="AEXEO CODE" ns4:partyIdScheme="http://www.sophis.net/party/partyId/custom">BNP</ns4:customPartyId>
                  <ns4:customPartyId ns4:name="BBG_ALLQ" ns4:partyIdScheme="http://www.sophis.net/party/partyId/custom">1189</ns4:customPartyId>
                  <ns4:customPartyId ns4:name="BBG_VCON" ns4:partyIdScheme="http://www.sophis.net/party/partyId/custom">1189</ns4:customPartyId>
                  <ns4:customPartyId ns4:name="BOAML FI CODE" ns4:partyIdScheme="http://www.sophis.net/party/partyId/custom">FIPD</ns4:customPartyId>
                  <ns4:customPartyId ns4:name="BOAML PB CODE" ns4:partyIdScheme="http://www.sophis.net/party/partyId/custom">BNP</ns4:customPartyId>
                  <ns4:customPartyId ns4:name="BOAML REPO CODE" ns4:partyIdScheme="http://www.sophis.net/party/partyId/custom">FIPD</ns4:customPartyId>
                  <ns4:customPartyId ns4:name="CITI CODE" ns4:partyIdScheme="http://www.sophis.net/party/partyId/custom">FIPD</ns4:customPartyId>
                  <ns4:customPartyId ns4:name="CS CODE" ns4:partyIdScheme="http://www.sophis.net/party/partyId/custom">BNP</ns4:customPartyId>
                  <ns4:customPartyId ns4:name="EMSX" ns4:partyIdScheme="http://www.sophis.net/party/partyId/custom">BNPP</ns4:customPartyId>
                  <ns4:customPartyId ns4:name="EMSX_Equity" ns4:partyIdScheme="http://www.sophis.net/party/partyId/custom">BNPP</ns4:customPartyId>
                  <ns4:customPartyId ns4:name="FRN CODE" ns4:partyIdScheme="http://www.sophis.net/party/partyId/custom">124605</ns4:customPartyId>
                  <ns4:customPartyId ns4:name="JPM FX CODE" ns4:partyIdScheme="http://www.sophis.net/party/partyId/custom">BNPLDN</ns4:customPartyId>
                  <ns4:customPartyId ns4:name="MS PB CODE" ns4:partyIdScheme="http://www.sophis.net/party/partyId/custom">BNP</ns4:customPartyId>
                  <ns4:customPartyId ns4:name="MarkIT CODE" ns4:partyIdScheme="http://www.sophis.net/party/partyId/custom">BNP</ns4:customPartyId>
                  <ns4:customPartyId ns4:name="MarketAxess" ns4:partyIdScheme="http://www.sophis.net/party/partyId/custom">BNP Paribas Securities Corp.</ns4:customPartyId>
                  <ns4:customPartyId ns4:name="MiFID (Y/N)" ns4:partyIdScheme="http://www.sophis.net/party/partyId/custom">Y</ns4:customPartyId>
                  <ns4:customPartyId ns4:name="RS_CODE" ns4:partyIdScheme="http://www.sophis.net/party/partyId/custom">BNP</ns4:customPartyId>
                  <ns4:customPartyId ns4:name="TRAIANA CODE" ns4:partyIdScheme="http://www.sophis.net/party/partyId/custom">BNP</ns4:customPartyId>
                  <ns4:customPartyId ns4:name="TW_CODE" ns4:partyIdScheme="http://www.sophis.net/party/partyId/custom">BNABUS31</ns4:customPartyId>
                  <ns4:customPartyId ns4:name="UBS CODE" ns4:partyIdScheme="http://www.sophis.net/party/partyId/custom">BNP</ns4:customPartyId>
                  <ns4:customPartyId ns4:name="UBS ETD CODE" ns4:partyIdScheme="http://www.sophis.net/party/partyId/custom">BNP</ns4:customPartyId>
                  <ns4:customPartyId ns4:name="UBS FI CODE" ns4:partyIdScheme="http://www.sophis.net/party/partyId/custom">BNP</ns4:customPartyId>
                  <ns4:customPartyId ns4:name="UBS FX CODE" ns4:partyIdScheme="http://www.sophis.net/party/partyId/custom">BNP</ns4:customPartyId>
                  <ns4:customPartyId ns4:name="UBS REPO CODE" ns4:partyIdScheme="http://www.sophis.net/party/partyId/custom">BNPF</ns4:customPartyId>
                  <ns4:customPartyId ns4:name="UBS Settle Location" ns4:partyIdScheme="http://www.sophis.net/party/partyId/custom">EC</ns4:customPartyId>
                  <ns4:customPartyId ns4:name="triResolve CODE" ns4:partyIdScheme="http://www.sophis.net/party/partyId/custom">BNP</ns4:customPartyId>
                </ns4:party>
              </ns3:introducer>
              <ns3:creditor>
                <ns4:party>
                  <ns4:partyId ns4:partyIdScheme="http://www.sophis.net/party/partyId/id">10010632</ns4:partyId>
                  <ns4:partyId ns4:partyIdScheme="http://www.sophis.net/party/partyId/name">EXECUTION ETD VOICE</ns4:partyId>
                  <ns4:partyId ns4:partyIdScheme="http://www.sophis.net/party/partyId/reference">EXECUTION ETD VOICE</ns4:partyId>
                  <ns4:customPartyId ns4:name="BOAML PB CODE" ns4:partyIdScheme="http://www.sophis.net/party/partyId/custom">04F858304</ns4:customPartyId>
                  <ns4:customPartyId ns4:name="MS PB CODE" ns4:partyIdScheme="http://www.sophis.net/party/partyId/custom">04F858304</ns4:customPartyId>
                </ns4:party>
              </ns3:creditor>
              <ns3:entity>
                <ns4:party>
                  <ns4:partyId ns4:partyIdScheme="http://www.sophis.net/party/partyId/id">10012566</ns4:partyId>
                  <ns4:partyId ns4:partyIdScheme="http://www.sophis.net/party/partyId/name">EQ Execution Entity</ns4:partyId>
                  <ns4:partyId ns4:partyIdScheme="http://www.sophis.net/party/partyId/reference">EQ Execution Entity</ns4:partyId>
                </ns4:party>
              </ns3:entity>
              <ns3:counterparty>
                <ns4:party>
                  <ns4:partyId ns4:partyIdScheme="http://www.sophis.net/party/partyId/externalReference">350989</ns4:partyId>
                  <ns4:partyId ns4:partyIdScheme="http://www.sophis.net/party/partyId/id">10003556</ns4:partyId>
                  <ns4:partyId ns4:partyIdScheme="http://www.sophis.net/party/partyId/name">BNP PARIBAS LONDON BRANCH</ns4:partyId>
                  <ns4:partyId ns4:partyIdScheme="http://www.sophis.net/party/partyId/reference">BNP</ns4:partyId>
                  <ns4:partyId ns4:partyIdScheme="http://www.sophis.net/party/partyId/swiftCode">BNPAGB22</ns4:partyId>
                  <ns4:customPartyId ns4:name="AEXEO CODE" ns4:partyIdScheme="http://www.sophis.net/party/partyId/custom">BNP</ns4:customPartyId>
                  <ns4:customPartyId ns4:name="BBG_ALLQ" ns4:partyIdScheme="http://www.sophis.net/party/partyId/custom">1189</ns4:customPartyId>
                  <ns4:customPartyId ns4:name="BBG_VCON" ns4:partyIdScheme="http://www.sophis.net/party/partyId/custom">1189</ns4:customPartyId>
                  <ns4:customPartyId ns4:name="BOAML FI CODE" ns4:partyIdScheme="http://www.sophis.net/party/partyId/custom">FIPD</ns4:customPartyId>
                  <ns4:customPartyId ns4:name="BOAML PB CODE" ns4:partyIdScheme="http://www.sophis.net/party/partyId/custom">BNP</ns4:customPartyId>
                  <ns4:customPartyId ns4:name="BOAML REPO CODE" ns4:partyIdScheme="http://www.sophis.net/party/partyId/custom">FIPD</ns4:customPartyId>
                  <ns4:customPartyId ns4:name="CITI CODE" ns4:partyIdScheme="http://www.sophis.net/party/partyId/custom">FIPD</ns4:customPartyId>
                  <ns4:customPartyId ns4:name="CS CODE" ns4:partyIdScheme="http://www.sophis.net/party/partyId/custom">BNP</ns4:customPartyId>
                  <ns4:customPartyId ns4:name="EMSX" ns4:partyIdScheme="http://www.sophis.net/party/partyId/custom">BNPP</ns4:customPartyId>
                  <ns4:customPartyId ns4:name="EMSX_Equity" ns4:partyIdScheme="http://www.sophis.net/party/partyId/custom">BNPP</ns4:customPartyId>
                  <ns4:customPartyId ns4:name="FRN CODE" ns4:partyIdScheme="http://www.sophis.net/party/partyId/custom">124605</ns4:customPartyId>
                  <ns4:customPartyId ns4:name="JPM FX CODE" ns4:partyIdScheme="http://www.sophis.net/party/partyId/custom">BNPLDN</ns4:customPartyId>
                  <ns4:customPartyId ns4:name="MS PB CODE" ns4:partyIdScheme="http://www.sophis.net/party/partyId/custom">BNP</ns4:customPartyId>
                  <ns4:customPartyId ns4:name="MarkIT CODE" ns4:partyIdScheme="http://www.sophis.net/party/partyId/custom">BNP</ns4:customPartyId>
                  <ns4:customPartyId ns4:name="MarketAxess" ns4:partyIdScheme="http://www.sophis.net/party/partyId/custom">BNP Paribas Securities Corp.</ns4:customPartyId>
                  <ns4:customPartyId ns4:name="MiFID (Y/N)" ns4:partyIdScheme="http://www.sophis.net/party/partyId/custom">Y</ns4:customPartyId>
                  <ns4:customPartyId ns4:name="RS_CODE" ns4:partyIdScheme="http://www.sophis.net/party/partyId/custom">BNP</ns4:customPartyId>
                  <ns4:customPartyId ns4:name="TRAIANA CODE" ns4:partyIdScheme="http://www.sophis.net/party/partyId/custom">BNP</ns4:customPartyId>
                  <ns4:customPartyId ns4:name="TW_CODE" ns4:partyIdScheme="http://www.sophis.net/party/partyId/custom">BNABUS31</ns4:customPartyId>
                  <ns4:customPartyId ns4:name="UBS CODE" ns4:partyIdScheme="http://www.sophis.net/party/partyId/custom">BNP</ns4:customPartyId>
                  <ns4:customPartyId ns4:name="UBS ETD CODE" ns4:partyIdScheme="http://www.sophis.net/party/partyId/custom">BNP</ns4:customPartyId>
                  <ns4:customPartyId ns4:name="UBS FI CODE" ns4:partyIdScheme="http://www.sophis.net/party/partyId/custom">BNP</ns4:customPartyId>
                  <ns4:customPartyId ns4:name="UBS FX CODE" ns4:partyIdScheme="http://www.sophis.net/party/partyId/custom">BNP</ns4:customPartyId>
                  <ns4:customPartyId ns4:name="UBS REPO CODE" ns4:partyIdScheme="http://www.sophis.net/party/partyId/custom">BNPF</ns4:customPartyId>
                  <ns4:customPartyId ns4:name="UBS Settle Location" ns4:partyIdScheme="http://www.sophis.net/party/partyId/custom">EC</ns4:customPartyId>
                  <ns4:customPartyId ns4:name="triResolve CODE" ns4:partyIdScheme="http://www.sophis.net/party/partyId/custom">BNP</ns4:customPartyId>
                </ns4:party>
              </ns3:counterparty>
              <ns3:depositary>
                <ns4:party>
                  <ns4:partyId ns4:partyIdScheme="http://www.sophis.net/party/partyId/id">10010632</ns4:partyId>
                  <ns4:partyId ns4:partyIdScheme="http://www.sophis.net/party/partyId/name">EXECUTION ETD VOICE</ns4:partyId>
                  <ns4:partyId ns4:partyIdScheme="http://www.sophis.net/party/partyId/reference">EXECUTION ETD VOICE</ns4:partyId>
                  <ns4:customPartyId ns4:name="BOAML PB CODE" ns4:partyIdScheme="http://www.sophis.net/party/partyId/custom">04F858304</ns4:customPartyId>
                  <ns4:customPartyId ns4:name="MS PB CODE" ns4:partyIdScheme="http://www.sophis.net/party/partyId/custom">04F858304</ns4:customPartyId>
                </ns4:party>
              </ns3:depositary>
              <ns3:broker>
                <ns4:party>
                  <ns4:partyId ns4:partyIdScheme="http://www.sophis.net/party/partyId/externalReference">350989</ns4:partyId>
                  <ns4:partyId ns4:partyIdScheme="http://www.sophis.net/party/partyId/id">10003556</ns4:partyId>
                  <ns4:partyId ns4:partyIdScheme="http://www.sophis.net/party/partyId/name">BNP PARIBAS LONDON BRANCH</ns4:partyId>
                  <ns4:partyId ns4:partyIdScheme="http://www.sophis.net/party/partyId/reference">BNP</ns4:partyId>
                  <ns4:partyId ns4:partyIdScheme="http://www.sophis.net/party/partyId/swiftCode">BNPAGB22</ns4:partyId>
                  <ns4:customPartyId ns4:name="AEXEO CODE" ns4:partyIdScheme="http://www.sophis.net/party/partyId/custom">BNP</ns4:customPartyId>
                  <ns4:customPartyId ns4:name="BBG_ALLQ" ns4:partyIdScheme="http://www.sophis.net/party/partyId/custom">1189</ns4:customPartyId>
                  <ns4:customPartyId ns4:name="BBG_VCON" ns4:partyIdScheme="http://www.sophis.net/party/partyId/custom">1189</ns4:customPartyId>
                  <ns4:customPartyId ns4:name="BOAML FI CODE" ns4:partyIdScheme="http://www.sophis.net/party/partyId/custom">FIPD</ns4:customPartyId>
                  <ns4:customPartyId ns4:name="BOAML PB CODE" ns4:partyIdScheme="http://www.sophis.net/party/partyId/custom">BNP</ns4:customPartyId>
                  <ns4:customPartyId ns4:name="BOAML REPO CODE" ns4:partyIdScheme="http://www.sophis.net/party/partyId/custom">FIPD</ns4:customPartyId>
                  <ns4:customPartyId ns4:name="CITI CODE" ns4:partyIdScheme="http://www.sophis.net/party/partyId/custom">FIPD</ns4:customPartyId>
                  <ns4:customPartyId ns4:name="CS CODE" ns4:partyIdScheme="http://www.sophis.net/party/partyId/custom">BNP</ns4:customPartyId>
                  <ns4:customPartyId ns4:name="EMSX" ns4:partyIdScheme="http://www.sophis.net/party/partyId/custom">BNPP</ns4:customPartyId>
                  <ns4:customPartyId ns4:name="EMSX_Equity" ns4:partyIdScheme="http://www.sophis.net/party/partyId/custom">BNPP</ns4:customPartyId>
                  <ns4:customPartyId ns4:name="FRN CODE" ns4:partyIdScheme="http://www.sophis.net/party/partyId/custom">124605</ns4:customPartyId>
                  <ns4:customPartyId ns4:name="JPM FX CODE" ns4:partyIdScheme="http://www.sophis.net/party/partyId/custom">BNPLDN</ns4:customPartyId>
                  <ns4:customPartyId ns4:name="MS PB CODE" ns4:partyIdScheme="http://www.sophis.net/party/partyId/custom">BNP</ns4:customPartyId>
                  <ns4:customPartyId ns4:name="MarkIT CODE" ns4:partyIdScheme="http://www.sophis.net/party/partyId/custom">BNP</ns4:customPartyId>
                  <ns4:customPartyId ns4:name="MarketAxess" ns4:partyIdScheme="http://www.sophis.net/party/partyId/custom">BNP Paribas Securities Corp.</ns4:customPartyId>
                  <ns4:customPartyId ns4:name="MiFID (Y/N)" ns4:partyIdScheme="http://www.sophis.net/party/partyId/custom">Y</ns4:customPartyId>
                  <ns4:customPartyId ns4:name="RS_CODE" ns4:partyIdScheme="http://www.sophis.net/party/partyId/custom">BNP</ns4:customPartyId>
                  <ns4:customPartyId ns4:name="TRAIANA CODE" ns4:partyIdScheme="http://www.sophis.net/party/partyId/custom">BNP</ns4:customPartyId>
                  <ns4:customPartyId ns4:name="TW_CODE" ns4:partyIdScheme="http://www.sophis.net/party/partyId/custom">BNABUS31</ns4:customPartyId>
                  <ns4:customPartyId ns4:name="UBS CODE" ns4:partyIdScheme="http://www.sophis.net/party/partyId/custom">BNP</ns4:customPartyId>
                  <ns4:customPartyId ns4:name="UBS ETD CODE" ns4:partyIdScheme="http://www.sophis.net/party/partyId/custom">BNP</ns4:customPartyId>
                  <ns4:customPartyId ns4:name="UBS FI CODE" ns4:partyIdScheme="http://www.sophis.net/party/partyId/custom">BNP</ns4:customPartyId>
                  <ns4:customPartyId ns4:name="UBS FX CODE" ns4:partyIdScheme="http://www.sophis.net/party/partyId/custom">BNP</ns4:customPartyId>
                  <ns4:customPartyId ns4:name="UBS REPO CODE" ns4:partyIdScheme="http://www.sophis.net/party/partyId/custom">BNPF</ns4:customPartyId>
                  <ns4:customPartyId ns4:name="UBS Settle Location" ns4:partyIdScheme="http://www.sophis.net/party/partyId/custom">EC</ns4:customPartyId>
                  <ns4:customPartyId ns4:name="triResolve CODE" ns4:partyIdScheme="http://www.sophis.net/party/partyId/custom">BNP</ns4:customPartyId>
                </ns4:party>
              </ns3:broker>
            </ns3:extendedTradeSide>
            <ns3:documentation/>
          </ns0:trade>
        </ns0:CompleteTransaction>
        <ns0:Allocations>
          <ns0:AllocatedTransaction>
            <ns0:OrginalBlockID>505300630</ns0:OrginalBlockID>
            <ns0:VacationInfos>
              <ns0:ParentID>505297445</ns0:ParentID>
              <ns0:AccountID>BNP- OTC- GEMM</ns0:AccountID>
              <ns0:GenerationType>Creation</ns0:GenerationType>
              <ns0:TransactionType>Buy</ns0:TransactionType>
              <ns0:PositionQuantityBefore>0.000000000000</ns0:PositionQuantityBefore>
              <ns0:ESBrokerReference>BNP</ns0:ESBrokerReference>
              <ns0:ESDepositaryReference>BNP- OTC- GEMM</ns0:ESDepositaryReference>
              <ns0:ESCashDepositaryReference>BNP- OTC- GEMM</ns0:ESCashDepositaryReference>
              <ns0:ESCounterpartyReference>BNP</ns0:ESCounterpartyReference>
              <ns0:ESEntityReference>GEMM MASTER Fund</ns0:ESEntityReference>
            </ns0:VacationInfos>
            <ns0:BasicTransaction>
              <ns0:BusinessEvent>Full Unwind</ns0:BusinessEvent>
              <ns0:TransactionInternalCode>505300630</ns0:TransactionInternalCode>
              <ns0:InstrumentInternalCode>70738779</ns0:InstrumentInternalCode>
              <ns0:Quantity>50000.000000000000</ns0:Quantity>
              <ns0:Notional>50000.000000000000</ns0:Notional>
              <ns0:PriceInLocalCCY>5.000000000000</ns0:PriceInLocalCCY>
              <ns0:PriceInSettlementCCY>5.000000000000</ns0:PriceInSettlementCCY>
              <ns0:PrincipalInLocalCCY>250000.000000000000</ns0:PrincipalInLocalCCY>
              <ns0:PrincipalInSettlementCCY>250000.000000000000</ns0:PrincipalInSettlementCCY>
              <ns0:NetAmount>250000.000000000000</ns0:NetAmount>
              <ns0:CounterpartFees>0.000000000000</ns0:CounterpartFees>
              <ns0:BrokerFees>0.000000000000</ns0:BrokerFees>
              <ns0:MarketFees>0.000000000000</ns0:MarketFees>
              <ns0:FORemarks></ns0:FORemarks>
              <ns0:BORemarks></ns0:BORemarks>
              <ns0:AccruedAmount>0.000000000000</ns0:AccruedAmount>
              <ns0:AccruedInterest>0.000000000000</ns0:AccruedInterest>
              <ns0:AccruedInterestDate>1904-01-01</ns0:AccruedInterestDate>
              <ns0:Operator>Alfred Mallol</ns0:Operator>
              <ns0:Portfolio>Dividends</ns0:Portfolio>
              <ns0:EntryDate>2017-10-31</ns0:EntryDate>
              <ns0:TradeDate>2017-10-31</ns0:TradeDate>
              <ns0:PaymentDate>2017-10-31</ns0:PaymentDate>
            </ns0:BasicTransaction>
            <ns0:CompleteTransaction>
              <ns0:trade>
                <ns3:tradeHeader>
                  <ns3:partyTradeIdentifier>
                    <ns4:partyReference>
                      <ns4:partyId ns4:partyIdScheme="http://www.sophis.net/party/partyId/id">10003512</ns4:partyId>
                      <ns4:partyId ns4:partyIdScheme="http://www.sophis.net/party/partyId/name">GEMM MASTER Fund</ns4:partyId>
                      <ns4:partyId ns4:partyIdScheme="http://www.sophis.net/party/partyId/reference">GEMM MASTER Fund</ns4:partyId>
                    </ns4:partyReference>
                    <ns3:tradeId ns3:tradeIdScheme="http://www.sophis.net/trade/tradeId/id">505300630</ns3:tradeId>
                    <ns3:tradeId ns3:tradeIdScheme="http://www.sophis.net/trade/tradeId/version">6</ns3:tradeId>
                    <ns3:linkId ns3:linkIdScheme="http://www.sophis.net/trade/linkId/positionId">5195696</ns3:linkId>
                    <ns3:blockTradeId>
                      <ns3:tradeId ns3:tradeIdScheme="http://www.sophis.net/trade/tradeId/id">505297445</ns3:tradeId>
                      <ns3:tradeId ns3:tradeIdScheme="http://www.sophis.net/trade/tradeId/version">5</ns3:tradeId>
                    </ns3:blockTradeId>
                  </ns3:partyTradeIdentifier>
                  <ns3:extendedPartyTradeInformation>
                    <ns3:partyReference>
                      <ns4:partyId ns4:partyIdScheme="http://www.sophis.net/party/partyId/id">10003512</ns4:partyId>
                      <ns4:partyId ns4:partyIdScheme="http://www.sophis.net/party/partyId/name">GEMM MASTER Fund</ns4:partyId>
                      <ns4:partyId ns4:partyIdScheme="http://www.sophis.net/party/partyId/reference">GEMM MASTER Fund</ns4:partyId>
                    </ns3:partyReference>
                    <ns3:trader ns3:traderScheme="http://www.sophis.net/user/userId/id">15889</ns3:trader>
                    <ns3:trader ns3:traderScheme="http://www.sophis.net/user/userId/name">Alfred Mallol</ns3:trader>
                    <ns5:identifierAllocationRule>
                      <ns5:folio>
                        <ns5:portfolioName ns5:portfolioNameScheme="http://www.sophis.net/folio/portfolioName/fullName">ROOT:BTG - Portfolio Structure:BTG - Funds:Primary Funds:GEMM MASTER Fund:Strategies:EQ Volatility:Dir:Dividends</ns5:portfolioName>
                        <ns5:portfolioName ns5:portfolioNameScheme="http://www.sophis.net/folio/portfolioName/id">68440</ns5:portfolioName>
                        <ns5:portfolioName ns5:portfolioNameScheme="http://www.sophis.net/folio/portfolioName/name">Dividends</ns5:portfolioName>
                      </ns5:folio>
                    </ns5:identifierAllocationRule>
                    <ns3:businessEvent>Full Unwind</ns3:businessEvent>
                    <ns3:origin>Manual</ns3:origin>
                    <ns3:backofficeStatus>TA Accepted / Checked MO</ns3:backofficeStatus>
                    <ns3:intentToClear>false</ns3:intentToClear>
                    <ns3:largeSizeTrade>false</ns3:largeSizeTrade>
                    <ns3:executionVenueType>GEMM MASTER Fund</ns3:executionVenueType>
                    <ns3:originatingEvent>Trade</ns3:originatingEvent>
                    <ns3:extraFields>
                      <BTG_HEDGING>false</BTG_HEDGING>
                    </ns3:extraFields>
                  </ns3:extendedPartyTradeInformation>
                  <ns3:tradeDate>2017-10-31</ns3:tradeDate>
                  <ns3:pnLDate>2017-10-31</ns3:pnLDate>
                  <ns3:settlementDate>2017-10-31</ns3:settlementDate>
                  <ns3:tradeTime>18:59:28</ns3:tradeTime>
                  <ns3:paymentDate>2017-10-31</ns3:paymentDate>
                </ns3:tradeHeader>
                <ns3:tradeProduct>
                  <ns3:instrument>
                    <ns1:sophis>70738779</ns1:sophis>
                    <ns1:reference ns1:modifiable="UniqueNotPrioritary" ns1:name="Markit">DEDZ0_120_Z7_C107</ns1:reference>
                    <ns1:reference ns1:modifiable="UniqueNotPrioritary" ns1:name="Sophisref">DEDZ0_120_Z7_C107</ns1:reference>
                    <ns1:reference ns1:modifiable="UniqueNotPrioritary" ns1:name="Ticker">DEDZ0_120_Z7_C107</ns1:reference>
                  </ns3:instrument>
                  <ns3:principalPayment>
                    <ns3:buyerPartyReference>
                      <ns4:partyId ns4:partyIdScheme="http://www.sophis.net/party/partyId/id">10003512</ns4:partyId>
                      <ns4:partyId ns4:partyIdScheme="http://www.sophis.net/party/partyId/name">GEMM MASTER Fund</ns4:partyId>
                      <ns4:partyId ns4:partyIdScheme="http://www.sophis.net/party/partyId/reference">GEMM MASTER Fund</ns4:partyId>
                    </ns3:buyerPartyReference>
                    <ns3:sellerPartyReference>
                      <ns4:partyId ns4:partyIdScheme="http://www.sophis.net/party/partyId/externalReference">350989</ns4:partyId>
                      <ns4:partyId ns4:partyIdScheme="http://www.sophis.net/party/partyId/id">10003556</ns4:partyId>
                      <ns4:partyId ns4:partyIdScheme="http://www.sophis.net/party/partyId/name">BNP PARIBAS LONDON BRANCH</ns4:partyId>
                      <ns4:partyId ns4:partyIdScheme="http://www.sophis.net/party/partyId/reference">BNP</ns4:partyId>
                      <ns4:partyId ns4:partyIdScheme="http://www.sophis.net/party/partyId/swiftCode">BNPAGB22</ns4:partyId>
                      <ns4:customPartyId ns4:name="AEXEO CODE" ns4:partyIdScheme="http://www.sophis.net/party/partyId/custom">BNP</ns4:customPartyId>
                      <ns4:customPartyId ns4:name="BBG_ALLQ" ns4:partyIdScheme="http://www.sophis.net/party/partyId/custom">1189</ns4:customPartyId>
                      <ns4:customPartyId ns4:name="BBG_VCON" ns4:partyIdScheme="http://www.sophis.net/party/partyId/custom">1189</ns4:customPartyId>
                      <ns4:customPartyId ns4:name="BOAML FI CODE" ns4:partyIdScheme="http://www.sophis.net/party/partyId/custom">FIPD</ns4:customPartyId>
                      <ns4:customPartyId ns4:name="BOAML PB CODE" ns4:partyIdScheme="http://www.sophis.net/party/partyId/custom">BNP</ns4:customPartyId>
                      <ns4:customPartyId ns4:name="BOAML REPO CODE" ns4:partyIdScheme="http://www.sophis.net/party/partyId/custom">FIPD</ns4:customPartyId>
                      <ns4:customPartyId ns4:name="CITI CODE" ns4:partyIdScheme="http://www.sophis.net/party/partyId/custom">FIPD</ns4:customPartyId>
                      <ns4:customPartyId ns4:name="CS CODE" ns4:partyIdScheme="http://www.sophis.net/party/partyId/custom">BNP</ns4:customPartyId>
                      <ns4:customPartyId ns4:name="EMSX" ns4:partyIdScheme="http://www.sophis.net/party/partyId/custom">BNPP</ns4:customPartyId>
                      <ns4:customPartyId ns4:name="EMSX_Equity" ns4:partyIdScheme="http://www.sophis.net/party/partyId/custom">BNPP</ns4:customPartyId>
                      <ns4:customPartyId ns4:name="FRN CODE" ns4:partyIdScheme="http://www.sophis.net/party/partyId/custom">124605</ns4:customPartyId>
                      <ns4:customPartyId ns4:name="JPM FX CODE" ns4:partyIdScheme="http://www.sophis.net/party/partyId/custom">BNPLDN</ns4:customPartyId>
                      <ns4:customPartyId ns4:name="MS PB CODE" ns4:partyIdScheme="http://www.sophis.net/party/partyId/custom">BNP</ns4:customPartyId>
                      <ns4:customPartyId ns4:name="MarkIT CODE" ns4:partyIdScheme="http://www.sophis.net/party/partyId/custom">BNP</ns4:customPartyId>
                      <ns4:customPartyId ns4:name="MarketAxess" ns4:partyIdScheme="http://www.sophis.net/party/partyId/custom">BNP Paribas Securities Corp.</ns4:customPartyId>
                      <ns4:customPartyId ns4:name="MiFID (Y/N)" ns4:partyIdScheme="http://www.sophis.net/party/partyId/custom">Y</ns4:customPartyId>
                      <ns4:customPartyId ns4:name="RS_CODE" ns4:partyIdScheme="http://www.sophis.net/party/partyId/custom">BNP</ns4:customPartyId>
                      <ns4:customPartyId ns4:name="TRAIANA CODE" ns4:partyIdScheme="http://www.sophis.net/party/partyId/custom">BNP</ns4:customPartyId>
                      <ns4:customPartyId ns4:name="TW_CODE" ns4:partyIdScheme="http://www.sophis.net/party/partyId/custom">BNABUS31</ns4:customPartyId>
                      <ns4:customPartyId ns4:name="UBS CODE" ns4:partyIdScheme="http://www.sophis.net/party/partyId/custom">BNP</ns4:customPartyId>
                      <ns4:customPartyId ns4:name="UBS ETD CODE" ns4:partyIdScheme="http://www.sophis.net/party/partyId/custom">BNP</ns4:customPartyId>
                      <ns4:customPartyId ns4:name="UBS FI CODE" ns4:partyIdScheme="http://www.sophis.net/party/partyId/custom">BNP</ns4:customPartyId>
                      <ns4:customPartyId ns4:name="UBS FX CODE" ns4:partyIdScheme="http://www.sophis.net/party/partyId/custom">BNP</ns4:customPartyId>
                      <ns4:customPartyId ns4:name="UBS REPO CODE" ns4:partyIdScheme="http://www.sophis.net/party/partyId/custom">BNPF</ns4:customPartyId>
                      <ns4:customPartyId ns4:name="UBS Settle Location" ns4:partyIdScheme="http://www.sophis.net/party/partyId/custom">EC</ns4:customPartyId>
                      <ns4:customPartyId ns4:name="triResolve CODE" ns4:partyIdScheme="http://www.sophis.net/party/partyId/custom">BNP</ns4:customPartyId>
                    </ns3:sellerPartyReference>
                    <ns3:principalSettlement>
                      <ns3:numberOfSecurities>50000.000000000000</ns3:numberOfSecurities>
                      <ns3:notional>50000.000000000000</ns3:notional>
                      <ns3:spot ns3:inSettlementCurrency="false" ns3:type="InAmount">5.000000000000</ns3:spot>
                      <ns3:paymentMethod></ns3:paymentMethod>
                      <ns3:SMDT>NA / N/A</ns3:SMDT>
                      <ns3:amount>
                        <ns3:currency>EUR</ns3:currency>
                        <ns3:amount>250000.000000000000</ns3:amount>
                      </ns3:amount>
                      <ns3:valueDate>
                        <ns2:unadjustedDate>2017-10-31</ns2:unadjustedDate>
                        <ns2:dateAdjustments>
                          <ns2:businessDayConvention>NONE</ns2:businessDayConvention>
                        </ns2:dateAdjustments>
                      </ns3:valueDate>
                    </ns3:principalSettlement>
                  </ns3:principalPayment>
                </ns3:tradeProduct>
                <ns3:entityPartyReference>
                  <ns4:partyId ns4:partyIdScheme="http://www.sophis.net/party/partyId/id">10003512</ns4:partyId>
                  <ns4:partyId ns4:partyIdScheme="http://www.sophis.net/party/partyId/name">GEMM MASTER Fund</ns4:partyId>
                  <ns4:partyId ns4:partyIdScheme="http://www.sophis.net/party/partyId/reference">GEMM MASTER Fund</ns4:partyId>
                </ns3:entityPartyReference>
                <ns3:extendedTradeSide>
                  <ns3:orderer>
                    <ns4:party>
                      <ns4:partyId ns4:partyIdScheme="http://www.sophis.net/party/partyId/id">10003512</ns4:partyId>
                      <ns4:partyId ns4:partyIdScheme="http://www.sophis.net/party/partyId/name">GEMM MASTER Fund</ns4:partyId>
                      <ns4:partyId ns4:partyIdScheme="http://www.sophis.net/party/partyId/reference">GEMM MASTER Fund</ns4:partyId>
                    </ns4:party>
                  </ns3:orderer>
                  <ns3:introducer>
                    <ns4:party>
                      <ns4:partyId ns4:partyIdScheme="http://www.sophis.net/party/partyId/externalReference">350989</ns4:partyId>
                      <ns4:partyId ns4:partyIdScheme="http://www.sophis.net/party/partyId/id">10003556</ns4:partyId>
                      <ns4:partyId ns4:partyIdScheme="http://www.sophis.net/party/partyId/name">BNP PARIBAS LONDON BRANCH</ns4:partyId>
                      <ns4:partyId ns4:partyIdScheme="http://www.sophis.net/party/partyId/reference">BNP</ns4:partyId>
                      <ns4:partyId ns4:partyIdScheme="http://www.sophis.net/party/partyId/swiftCode">BNPAGB22</ns4:partyId>
                      <ns4:customPartyId ns4:name="AEXEO CODE" ns4:partyIdScheme="http://www.sophis.net/party/partyId/custom">BNP</ns4:customPartyId>
                      <ns4:customPartyId ns4:name="BBG_ALLQ" ns4:partyIdScheme="http://www.sophis.net/party/partyId/custom">1189</ns4:customPartyId>
                      <ns4:customPartyId ns4:name="BBG_VCON" ns4:partyIdScheme="http://www.sophis.net/party/partyId/custom">1189</ns4:customPartyId>
                      <ns4:customPartyId ns4:name="BOAML FI CODE" ns4:partyIdScheme="http://www.sophis.net/party/partyId/custom">FIPD</ns4:customPartyId>
                      <ns4:customPartyId ns4:name="BOAML PB CODE" ns4:partyIdScheme="http://www.sophis.net/party/partyId/custom">BNP</ns4:customPartyId>
                      <ns4:customPartyId ns4:name="BOAML REPO CODE" ns4:partyIdScheme="http://www.sophis.net/party/partyId/custom">FIPD</ns4:customPartyId>
                      <ns4:customPartyId ns4:name="CITI CODE" ns4:partyIdScheme="http://www.sophis.net/party/partyId/custom">FIPD</ns4:customPartyId>
                      <ns4:customPartyId ns4:name="CS CODE" ns4:partyIdScheme="http://www.sophis.net/party/partyId/custom">BNP</ns4:customPartyId>
                      <ns4:customPartyId ns4:name="EMSX" ns4:partyIdScheme="http://www.sophis.net/party/partyId/custom">BNPP</ns4:customPartyId>
                      <ns4:customPartyId ns4:name="EMSX_Equity" ns4:partyIdScheme="http://www.sophis.net/party/partyId/custom">BNPP</ns4:customPartyId>
                      <ns4:customPartyId ns4:name="FRN CODE" ns4:partyIdScheme="http://www.sophis.net/party/partyId/custom">124605</ns4:customPartyId>
                      <ns4:customPartyId ns4:name="JPM FX CODE" ns4:partyIdScheme="http://www.sophis.net/party/partyId/custom">BNPLDN</ns4:customPartyId>
                      <ns4:customPartyId ns4:name="MS PB CODE" ns4:partyIdScheme="http://www.sophis.net/party/partyId/custom">BNP</ns4:customPartyId>
                      <ns4:customPartyId ns4:name="MarkIT CODE" ns4:partyIdScheme="http://www.sophis.net/party/partyId/custom">BNP</ns4:customPartyId>
                      <ns4:customPartyId ns4:name="MarketAxess" ns4:partyIdScheme="http://www.sophis.net/party/partyId/custom">BNP Paribas Securities Corp.</ns4:customPartyId>
                      <ns4:customPartyId ns4:name="MiFID (Y/N)" ns4:partyIdScheme="http://www.sophis.net/party/partyId/custom">Y</ns4:customPartyId>
                      <ns4:customPartyId ns4:name="RS_CODE" ns4:partyIdScheme="http://www.sophis.net/party/partyId/custom">BNP</ns4:customPartyId>
                      <ns4:customPartyId ns4:name="TRAIANA CODE" ns4:partyIdScheme="http://www.sophis.net/party/partyId/custom">BNP</ns4:customPartyId>
                      <ns4:customPartyId ns4:name="TW_CODE" ns4:partyIdScheme="http://www.sophis.net/party/partyId/custom">BNABUS31</ns4:customPartyId>
                      <ns4:customPartyId ns4:name="UBS CODE" ns4:partyIdScheme="http://www.sophis.net/party/partyId/custom">BNP</ns4:customPartyId>
                      <ns4:customPartyId ns4:name="UBS ETD CODE" ns4:partyIdScheme="http://www.sophis.net/party/partyId/custom">BNP</ns4:customPartyId>
                      <ns4:customPartyId ns4:name="UBS FI CODE" ns4:partyIdScheme="http://www.sophis.net/party/partyId/custom">BNP</ns4:customPartyId>
                      <ns4:customPartyId ns4:name="UBS FX CODE" ns4:partyIdScheme="http://www.sophis.net/party/partyId/custom">BNP</ns4:customPartyId>
                      <ns4:customPartyId ns4:name="UBS REPO CODE" ns4:partyIdScheme="http://www.sophis.net/party/partyId/custom">BNPF</ns4:customPartyId>
                      <ns4:customPartyId ns4:name="UBS Settle Location" ns4:partyIdScheme="http://www.sophis.net/party/partyId/custom">EC</ns4:customPartyId>
                      <ns4:customPartyId ns4:name="triResolve CODE" ns4:partyIdScheme="http://www.sophis.net/party/partyId/custom">BNP</ns4:customPartyId>
                    </ns4:party>
                  </ns3:introducer>
                  <ns3:creditor>
                    <ns4:party>
                      <ns4:partyId ns4:partyIdScheme="http://www.sophis.net/party/partyId/id">10008002</ns4:partyId>
                      <ns4:partyId ns4:partyIdScheme="http://www.sophis.net/party/partyId/name">BNP- OTC- GEMM</ns4:partyId>
                      <ns4:partyId ns4:partyIdScheme="http://www.sophis.net/party/partyId/reference">BNP- OTC- GEMM</ns4:partyId>
                      <ns4:customPartyId ns4:name="AEXEO CODE" ns4:partyIdScheme="http://www.sophis.net/party/partyId/custom">BNP</ns4:customPartyId>
                      <ns4:customPartyId ns4:name="MarkIT CODE" ns4:partyIdScheme="http://www.sophis.net/party/partyId/custom">BNP</ns4:customPartyId>
                      <ns4:customPartyId ns4:name="triResolve CODE" ns4:partyIdScheme="http://www.sophis.net/party/partyId/custom">BNP</ns4:customPartyId>
                    </ns4:party>
                  </ns3:creditor>
                  <ns3:entity>
                    <ns4:party>
                      <ns4:partyId ns4:partyIdScheme="http://www.sophis.net/party/partyId/id">10003512</ns4:partyId>
                      <ns4:partyId ns4:partyIdScheme="http://www.sophis.net/party/partyId/name">GEMM MASTER Fund</ns4:partyId>
                      <ns4:partyId ns4:partyIdScheme="http://www.sophis.net/party/partyId/reference">GEMM MASTER Fund</ns4:partyId>
                    </ns4:party>
                  </ns3:entity>
                  <ns3:counterparty>
                    <ns4:party>
                      <ns4:partyId ns4:partyIdScheme="http://www.sophis.net/party/partyId/externalReference">350989</ns4:partyId>
                      <ns4:partyId ns4:partyIdScheme="http://www.sophis.net/party/partyId/id">10003556</ns4:partyId>
                      <ns4:partyId ns4:partyIdScheme="http://www.sophis.net/party/partyId/name">BNP PARIBAS LONDON BRANCH</ns4:partyId>
                      <ns4:partyId ns4:partyIdScheme="http://www.sophis.net/party/partyId/reference">BNP</ns4:partyId>
                      <ns4:partyId ns4:partyIdScheme="http://www.sophis.net/party/partyId/swiftCode">BNPAGB22</ns4:partyId>
                      <ns4:customPartyId ns4:name="AEXEO CODE" ns4:partyIdScheme="http://www.sophis.net/party/partyId/custom">BNP</ns4:customPartyId>
                      <ns4:customPartyId ns4:name="BBG_ALLQ" ns4:partyIdScheme="http://www.sophis.net/party/partyId/custom">1189</ns4:customPartyId>
                      <ns4:customPartyId ns4:name="BBG_VCON" ns4:partyIdScheme="http://www.sophis.net/party/partyId/custom">1189</ns4:customPartyId>
                      <ns4:customPartyId ns4:name="BOAML FI CODE" ns4:partyIdScheme="http://www.sophis.net/party/partyId/custom">FIPD</ns4:customPartyId>
                      <ns4:customPartyId ns4:name="BOAML PB CODE" ns4:partyIdScheme="http://www.sophis.net/party/partyId/custom">BNP</ns4:customPartyId>
                      <ns4:customPartyId ns4:name="BOAML REPO CODE" ns4:partyIdScheme="http://www.sophis.net/party/partyId/custom">FIPD</ns4:customPartyId>
                      <ns4:customPartyId ns4:name="CITI CODE" ns4:partyIdScheme="http://www.sophis.net/party/partyId/custom">FIPD</ns4:customPartyId>
                      <ns4:customPartyId ns4:name="CS CODE" ns4:partyIdScheme="http://www.sophis.net/party/partyId/custom">BNP</ns4:customPartyId>
                      <ns4:customPartyId ns4:name="EMSX" ns4:partyIdScheme="http://www.sophis.net/party/partyId/custom">BNPP</ns4:customPartyId>
                      <ns4:customPartyId ns4:name="EMSX_Equity" ns4:partyIdScheme="http://www.sophis.net/party/partyId/custom">BNPP</ns4:customPartyId>
                      <ns4:customPartyId ns4:name="FRN CODE" ns4:partyIdScheme="http://www.sophis.net/party/partyId/custom">124605</ns4:customPartyId>
                      <ns4:customPartyId ns4:name="JPM FX CODE" ns4:partyIdScheme="http://www.sophis.net/party/partyId/custom">BNPLDN</ns4:customPartyId>
                      <ns4:customPartyId ns4:name="MS PB CODE" ns4:partyIdScheme="http://www.sophis.net/party/partyId/custom">BNP</ns4:customPartyId>
                      <ns4:customPartyId ns4:name="MarkIT CODE" ns4:partyIdScheme="http://www.sophis.net/party/partyId/custom">BNP</ns4:customPartyId>
                      <ns4:customPartyId ns4:name="MarketAxess" ns4:partyIdScheme="http://www.sophis.net/party/partyId/custom">BNP Paribas Securities Corp.</ns4:customPartyId>
                      <ns4:customPartyId ns4:name="MiFID (Y/N)" ns4:partyIdScheme="http://www.sophis.net/party/partyId/custom">Y</ns4:customPartyId>
                      <ns4:customPartyId ns4:name="RS_CODE" ns4:partyIdScheme="http://www.sophis.net/party/partyId/custom">BNP</ns4:customPartyId>
                      <ns4:customPartyId ns4:name="TRAIANA CODE" ns4:partyIdScheme="http://www.sophis.net/party/partyId/custom">BNP</ns4:customPartyId>
                      <ns4:customPartyId ns4:name="TW_CODE" ns4:partyIdScheme="http://www.sophis.net/party/partyId/custom">BNABUS31</ns4:customPartyId>
                      <ns4:customPartyId ns4:name="UBS CODE" ns4:partyIdScheme="http://www.sophis.net/party/partyId/custom">BNP</ns4:customPartyId>
                      <ns4:customPartyId ns4:name="UBS ETD CODE" ns4:partyIdScheme="http://www.sophis.net/party/partyId/custom">BNP</ns4:customPartyId>
                      <ns4:customPartyId ns4:name="UBS FI CODE" ns4:partyIdScheme="http://www.sophis.net/party/partyId/custom">BNP</ns4:customPartyId>
                      <ns4:customPartyId ns4:name="UBS FX CODE" ns4:partyIdScheme="http://www.sophis.net/party/partyId/custom">BNP</ns4:customPartyId>
                      <ns4:customPartyId ns4:name="UBS REPO CODE" ns4:partyIdScheme="http://www.sophis.net/party/partyId/custom">BNPF</ns4:customPartyId>
                      <ns4:customPartyId ns4:name="UBS Settle Location" ns4:partyIdScheme="http://www.sophis.net/party/partyId/custom">EC</ns4:customPartyId>
                      <ns4:customPartyId ns4:name="triResolve CODE" ns4:partyIdScheme="http://www.sophis.net/party/partyId/custom">BNP</ns4:customPartyId>
                    </ns4:party>
                  </ns3:counterparty>
                  <ns3:depositary>
                    <ns4:party>
                      <ns4:partyId ns4:partyIdScheme="http://www.sophis.net/party/partyId/id">10008002</ns4:partyId>
                      <ns4:partyId ns4:partyIdScheme="http://www.sophis.net/party/partyId/name">BNP- OTC- GEMM</ns4:partyId>
                      <ns4:partyId ns4:partyIdScheme="http://www.sophis.net/party/partyId/reference">BNP- OTC- GEMM</ns4:partyId>
                      <ns4:customPartyId ns4:name="AEXEO CODE" ns4:partyIdScheme="http://www.sophis.net/party/partyId/custom">BNP</ns4:customPartyId>
                      <ns4:customPartyId ns4:name="MarkIT CODE" ns4:partyIdScheme="http://www.sophis.net/party/partyId/custom">BNP</ns4:customPartyId>
                      <ns4:customPartyId ns4:name="triResolve CODE" ns4:partyIdScheme="http://www.sophis.net/party/partyId/custom">BNP</ns4:customPartyId>
                    </ns4:party>
                  </ns3:depositary>
                  <ns3:broker>
                    <ns4:party>
                      <ns4:partyId ns4:partyIdScheme="http://www.sophis.net/party/partyId/externalReference">350989</ns4:partyId>
                      <ns4:partyId ns4:partyIdScheme="http://www.sophis.net/party/partyId/id">10003556</ns4:partyId>
                      <ns4:partyId ns4:partyIdScheme="http://www.sophis.net/party/partyId/name">BNP PARIBAS LONDON BRANCH</ns4:partyId>
                      <ns4:partyId ns4:partyIdScheme="http://www.sophis.net/party/partyId/reference">BNP</ns4:partyId>
                      <ns4:partyId ns4:partyIdScheme="http://www.sophis.net/party/partyId/swiftCode">BNPAGB22</ns4:partyId>
                      <ns4:customPartyId ns4:name="AEXEO CODE" ns4:partyIdScheme="http://www.sophis.net/party/partyId/custom">BNP</ns4:customPartyId>
                      <ns4:customPartyId ns4:name="BBG_ALLQ" ns4:partyIdScheme="http://www.sophis.net/party/partyId/custom">1189</ns4:customPartyId>
                      <ns4:customPartyId ns4:name="BBG_VCON" ns4:partyIdScheme="http://www.sophis.net/party/partyId/custom">1189</ns4:customPartyId>
                      <ns4:customPartyId ns4:name="BOAML FI CODE" ns4:partyIdScheme="http://www.sophis.net/party/partyId/custom">FIPD</ns4:customPartyId>
                      <ns4:customPartyId ns4:name="BOAML PB CODE" ns4:partyIdScheme="http://www.sophis.net/party/partyId/custom">BNP</ns4:customPartyId>
                      <ns4:customPartyId ns4:name="BOAML REPO CODE" ns4:partyIdScheme="http://www.sophis.net/party/partyId/custom">FIPD</ns4:customPartyId>
                      <ns4:customPartyId ns4:name="CITI CODE" ns4:partyIdScheme="http://www.sophis.net/party/partyId/custom">FIPD</ns4:customPartyId>
                      <ns4:customPartyId ns4:name="CS CODE" ns4:partyIdScheme="http://www.sophis.net/party/partyId/custom">BNP</ns4:customPartyId>
                      <ns4:customPartyId ns4:name="EMSX" ns4:partyIdScheme="http://www.sophis.net/party/partyId/custom">BNPP</ns4:customPartyId>
                      <ns4:customPartyId ns4:name="EMSX_Equity" ns4:partyIdScheme="http://www.sophis.net/party/partyId/custom">BNPP</ns4:customPartyId>
                      <ns4:customPartyId ns4:name="FRN CODE" ns4:partyIdScheme="http://www.sophis.net/party/partyId/custom">124605</ns4:customPartyId>
                      <ns4:customPartyId ns4:name="JPM FX CODE" ns4:partyIdScheme="http://www.sophis.net/party/partyId/custom">BNPLDN</ns4:customPartyId>
                      <ns4:customPartyId ns4:name="MS PB CODE" ns4:partyIdScheme="http://www.sophis.net/party/partyId/custom">BNP</ns4:customPartyId>
                      <ns4:customPartyId ns4:name="MarkIT CODE" ns4:partyIdScheme="http://www.sophis.net/party/partyId/custom">BNP</ns4:customPartyId>
                      <ns4:customPartyId ns4:name="MarketAxess" ns4:partyIdScheme="http://www.sophis.net/party/partyId/custom">BNP Paribas Securities Corp.</ns4:customPartyId>
                      <ns4:customPartyId ns4:name="MiFID (Y/N)" ns4:partyIdScheme="http://www.sophis.net/party/partyId/custom">Y</ns4:customPartyId>
                      <ns4:customPartyId ns4:name="RS_CODE" ns4:partyIdScheme="http://www.sophis.net/party/partyId/custom">BNP</ns4:customPartyId>
                      <ns4:customPartyId ns4:name="TRAIANA CODE" ns4:partyIdScheme="http://www.sophis.net/party/partyId/custom">BNP</ns4:customPartyId>
                      <ns4:customPartyId ns4:name="TW_CODE" ns4:partyIdScheme="http://www.sophis.net/party/partyId/custom">BNABUS31</ns4:customPartyId>
                      <ns4:customPartyId ns4:name="UBS CODE" ns4:partyIdScheme="http://www.sophis.net/party/partyId/custom">BNP</ns4:customPartyId>
                      <ns4:customPartyId ns4:name="UBS ETD CODE" ns4:partyIdScheme="http://www.sophis.net/party/partyId/custom">BNP</ns4:customPartyId>
                      <ns4:customPartyId ns4:name="UBS FI CODE" ns4:partyIdScheme="http://www.sophis.net/party/partyId/custom">BNP</ns4:customPartyId>
                      <ns4:customPartyId ns4:name="UBS FX CODE" ns4:partyIdScheme="http://www.sophis.net/party/partyId/custom">BNP</ns4:customPartyId>
                      <ns4:customPartyId ns4:name="UBS REPO CODE" ns4:partyIdScheme="http://www.sophis.net/party/partyId/custom">BNPF</ns4:customPartyId>
                      <ns4:customPartyId ns4:name="UBS Settle Location" ns4:partyIdScheme="http://www.sophis.net/party/partyId/custom">EC</ns4:customPartyId>
                      <ns4:customPartyId ns4:name="triResolve CODE" ns4:partyIdScheme="http://www.sophis.net/party/partyId/custom">BNP</ns4:customPartyId>
                    </ns4:party>
                  </ns3:broker>
                </ns3:extendedTradeSide>
                <ns3:documentation/>
              </ns0:trade>
            </ns0:CompleteTransaction>
          </ns0:AllocatedTransaction>
        </ns0:Allocations>
      </ns0:AllocatedTransaction>
    </ns0:AllocatedVacation>
  </ns0:AllocatedVacations>

  <ns0:Footer>
    <ns0:GenerationEndTime>19:16:23</ns0:GenerationEndTime>
    <ns0:NbVacations>2</ns0:NbVacations>
  </ns0:Footer>

</ns0:vacationsFile>

