record type (1),reporting firm,reporting firm code (B),TD,TT,b/s,Trading Capacity (A),instr id,instr type,instr descrip,underlying instr,instr type,expiry date,deriv type,call/put,strike p,p multiplier,unit p,price notation,Q,counterparty,counterparty code,venue,TRN,report status,client cpty 2,client code type,venue type code,unit price type
1,BPULGB21XXX,B,05/10/2017,17:33:55,S,A,SPX,A,,,,15/12/2017,O,P,2545,,37.8,USD,185,SBNYUS33XXX,B,XCBO,496986758,N,BPGTBMH1XXX,B,M,C
1,BPULGB21XXX,B,05/10/2017,17:33:55,S,A,SPX,A,,,,15/12/2017,O,P,2545,,37.8,USD,185,SBNYUS33XXX,B,XCBO,496986756,N,BPGTBMH1XXX,B,M,C
1,BPULGB21XXX,B,05/10/2017,17:34:02,B,A,SPX,A,,,,15/12/2017,O,C,2545,,38.8,USD,185,SBNYUS33XXX,B,XCBO,496986752,N,BPGTBMH1XXX,B,M,C
1,BPULGB21XXX,B,05/10/2017,17:34:02,B,A,SPX,A,,,,15/12/2017,O,C,2545,,38.8,USD,185,SBNYUS33XXX,B,XCBO,496986750,N,BPGTBMH1XXX,B,M,C
1,BPULGB21XXX,B,05/10/2017,17:33:48,B,A,SPX,A,,,,17/11/2017,O,P,2550,,26.3,USD,500,SBNYUS33XXX,B,XCBO,496986746,N,BPGTBMH1XXX,B,M,C
1,BPULGB21XXX,B,05/10/2017,17:33:48,B,A,SPX,A,,,,17/11/2017,O,P,2550,,26.3,USD,500,SBNYUS33XXX,B,XCBO,496986744,N,BPGTBMH1XXX,B,M,C
1,BPULGB21XXX,B,05/10/2017,17:33:38,S,A,SPX,A,,,,20/10/2017,O,P,2500,,3.5,USD,500,SBNYUS33XXX,B,XCBO,496986740,N,BPGTBMH1XXX,B,M,C
1,BPULGB21XXX,B,05/10/2017,17:33:38,S,A,SPX,A,,,,20/10/2017,O,P,2500,,3.5,USD,500,SBNYUS33XXX,B,XCBO,496986738,N,BPGTBMH1XXX,B,M,C
1,BPULGB21XXX,B,05/10/2017,17:39:00,S,A,US78467X1090,I,,,,,,,,,227.1,USD,840,SBNYUS33XXX,B,XOFF,496986678,N,BPGTBMH1XXX,B,,
1,BPULGB21XXX,B,05/10/2017,17:39:00,S,A,US78467X1090,I,,,,,,,,,227.1,USD,840,SBNYUS33XXX,B,XOFF,496986676,N,BPGTBMH1XXX,B,,
1,BPULGB21XXX,B,05/10/2017,17:39:00,S,A,US78467X1090,I,,,,,,,,,227.1,USD,1680,SBNYUS33XXX,B,XOFF,496986674,N,BPGTBMH1XXX,B,,
1,BPULGB21XXX,B,05/10/2017,17:38:53,B,A,DIA,A,,,,19/01/2018,O,P,225,,3.85,USD,60,SBNYUS33XXX,B,XASE,496986670,N,BPGTBMH1XXX,B,M,C
1,BPULGB21XXX,B,05/10/2017,17:38:53,B,A,DIA,A,,,,19/01/2018,O,P,225,,3.85,USD,60,SBNYUS33XXX,B,XASE,496986668,N,BPGTBMH1XXX,B,M,C
1,BPULGB21XXX,B,05/10/2017,17:38:53,B,A,DIA,A,,,,19/01/2018,O,P,225,,3.85,USD,120,SBNYUS33XXX,B,XASE,496986666,N,BPGTBMH1XXX,B,M,C
1,BPULGB21XXX,B,05/10/2017,17:38:44,B,A,DIA,A,,,,19/01/2018,O,C,225,,5.57,USD,60,SBNYUS33XXX,B,XASE,496986662,N,BPGTBMH1XXX,B,M,C
1,BPULGB21XXX,B,05/10/2017,17:38:44,B,A,DIA,A,,,,19/01/2018,O,C,225,,5.57,USD,60,SBNYUS33XXX,B,XASE,496986660,N,BPGTBMH1XXX,B,M,C
1,BPULGB21XXX,B,05/10/2017,17:38:44,B,A,DIA,A,,,,19/01/2018,O,C,225,,5.57,USD,120,SBNYUS33XXX,B,XASE,496986658,N,BPGTBMH1XXX,B,M,C
1,BPULGB21XXX,B,04/10/2017,14:16:24,S,A,OESX,A,,,,15/12/2017,O,C,3550,,97.6,EUR,1200,GOLDUS33XXX,B,XEUR,496581464,U,BPGTBMH1XXX,B,M,C
1,BPULGB21XXX,B,04/10/2017,14:16:24,S,A,OESX,A,,,,15/12/2017,O,C,3550,,97.6,EUR,1200,GOLDUS33XXX,B,XEUR,496581462,U,BPGTBMH1XXX,B,M,C
1,BPULGB21XXX,B,03/10/2017,14:43:44,B,A,IWM,A,,,,17/11/2017,O,P,145,,1.23,USD,400,GOLDUS33XXX,B,XASE,496180593,U,BPGTBMH1XXX,B,M,C
1,BPULGB21XXX,B,03/10/2017,14:43:44,B,A,IWM,A,,,,17/11/2017,O,P,145,,1.23,USD,400,GOLDUS33XXX,B,XASE,496180591,U,BPGTBMH1XXX,B,M,C
1,BPULGB21XXX,B,05/10/2017,15:07:02,S,A,,,SCOR SE CFD,FR0010411983,A,,D,,0,1,35.8242,EUR,2963,INTSITM1XXX,B,XXXX,496984358,N,BPGTBMH1XXX,B,,
1,BPULGB21XXX,B,05/10/2017,15:07:02,S,A,,,SCOR SE CFD,FR0010411983,A,,D,,0,1,35.8242,EUR,2962,INTSITM1XXX,B,XXXX,496984360,N,BPGTBMH1XXX,B,,
1,BPULGB21XXX,B,04/10/2017,14:18:47,B,A,FESX,A,,,,15/12/2017,F,,0,,3583,EUR,675,GOLDUS33XXX,B,XEUR,496581457,U,BPGTBMH1XXX,B,M,C
1,BPULGB21XXX,B,04/10/2017,14:18:47,B,A,FESX,A,,,,15/12/2017,F,,0,,3583,EUR,675,GOLDUS33XXX,B,XEUR,496581455,U,BPGTBMH1XXX,B,M,C
,,,,,,,,,,,,,,,,,,,,,,,,,,,,
,,,,,,,,,,,,,,,,,,,,,,,,,,,,
,,,,,,,,,,,,,,,,,,,,,,,,,,,,
,,,,,,,,,,,,,,,,,,,,,,,,,,,,
,,,,,,,,,,,,,,,,,XLIF,XBRD,,,,,,,,,,
,,,,,,,,,,,,,,,,,XEUR,XMON,,,,,,,,,,
,,,,,,,,,,,,,,,,,IFLL,XADE,,,,,,,,,,
,,,,,,,,,,,,,,,,,XEUE,IFLO,,,,,,,,,,
