 ACK/NACK Report 
 OCODE, 0BTG 
  Batch Date, 2018-04-03 
  User ID, thirzah.paixao1@btgpactual.com 
  Report Date  2018-04-03 Report Run Date  2018-04-03 
Status,Reporting Obligation,Submitted For Party,Error Code,Error Description,Action,Message Type,Message Format,Message Channel,Message Received Timestamp,Processed Timestamp,Message ID,Transaction Type,Lifecycle Event,Primary Asset Class,Secondary Asset Class,Submitting Party ID Type,Submitting Party ID,Trade Party 1 - ID Type,Trade Party 1 - ID,Trade Party 2 - ID Type,Trade Party 2 - ID,UTI ID Prefix,UTI ID,USI ID Prefix,USI ID,Trade Party 1- Transaction ID,Trade Party 2- Transaction ID,Trade Party 1- Event ID,Trade Party 2- Event ID,Trade Party 1- Executing Agent ID Type,Trade Party 1- Executing Agent ID,Trade Party 2- Executing Agent ID Type,Trade Party 2- Executing Agent ID,Trade Party 1- Action Type,Trade Party 2- Action Type,Trade Party 1 - Reporting Obligation,Trade Party 2 - Reporting Obligation,Trade ID,Collateral Portfolio Code
"ACK","ESMA","5493005O3T2SC05CRT85","","","New","CollateralValue","CSV","Web Upload","2018-04-03T09:06:25Z","2018-04-03T09:07:15Z","","","","","","","5493005O3T2SC05CRT85","","5493005O3T2SC05CRT85","LEI","549300CO4Q7A6U0PDU26","","","","","","","","","","","","","V","","ESMA","","","52SICAVBRAZILXPINVEST"
