,New,EULITE1.0,Trade State,5493005O3T2SC05CRT85,5493005O3T2SC05CRT85,LEI,5493005O3T2SC05CRT85,LEI,549300CO4Q7A6U0PDU26,ESMA,,549300N1ZEIDDPHUXL14,,,,ETD,,BR,U,,F,,,,,,LEI,5493005O3T2SC05CRT85,,,P,,B,,,,,,52SICAVBRAZILXPINVEST,,OP,EQ,C,OPESPS,,,I,BRGGBR4P0DZ8,BRL,,,66548642,,,BVMF,Y,1.09,U,BRL,4360,1,4000,,C,2018-03-06T19:15:35Z,2018-03-06,2018-04-16,,,,,2018-03-06T19:15:35Z,E,N,Y,2018-03-06T19:15:35Z,4GTK5S46E6H318LMDS44,N,,,,,,,,,,,,,,,,,,,,,,,,,,,,,,,,,,,,,,,,P,E,17.45,U,,,BR,,,,,,,,,N,,T,,,,,,,,,,,,,,,,,OC,,Y
,New,EULITE1.0,Trade State,5493005O3T2SC05CRT85,5493005O3T2SC05CRT85,LEI,5493005O3T2SC05CRT85,LEI,549300CO4Q7A6U0PDU26,ESMA,,549300N1ZEIDDPHUXL14,,,,ETD,,BR,U,,F,,,,,,LEI,5493005O3T2SC05CRT85,,,P,,S,,,,,,52SICAVBRAZILXPINVEST,,OP,EQ,C,OPESPS,,,I,BRGGBR4P0DW5,BRL,,,66548643,,,BVMF,Y,0.49,U,BRL,7840,1,16000,,C,2018-03-06T19:16:42Z,2018-03-06,2018-04-16,,,,,2018-03-06T19:16:42Z,E,N,Y,2018-03-06T19:16:42Z,4GTK5S46E6H318LMDS44,N,,,,,,,,,,,,,,,,,,,,,,,,,,,,,,,,,,,,,,,,P,E,15.95,U,,,BR,,,,,,,,,N,,T,,,,,,,,,,,,,,,,,OC,,Y
,New,EULITE1.0,Trade State,5493005O3T2SC05CRT85,5493005O3T2SC05CRT85,LEI,5493005O3T2SC05CRT85,LEI,549300CO4Q7A6U0PDU26,ESMA,,549300N1ZEIDDPHUXL14,,,,ETD,,BR,U,,F,,,,,,LEI,5493005O3T2SC05CRT85,,,P,,S,,,,,,52SICAVBRAZILXPINVEST,,OP,EQ,C,OCASPS,,,I,BRGGBR4D0E62,BRL,,,66548644,,,BVMF,Y,0.52,U,BRL,8320,1,16000,,C,2018-03-06T19:16:58Z,2018-03-06,2018-04-16,,,,,2018-03-06T19:16:58Z,E,N,Y,2018-03-06T19:16:58Z,4GTK5S46E6H318LMDS44,N,,,,,,,,,,,,,,,,,,,,,,,,,,,,,,,,,,,,,,,,C,A,18.95,U,,,BR,,,,,,,,,N,,T,,,,,,,,,,,,,,,,,OC,,Y
,New,EULITE1.0,Trade State,5493005O3T2SC05CRT85,5493005O3T2SC05CRT85,LEI,5493005O3T2SC05CRT85,LEI,549300CO4Q7A6U0PDU26,ESMA,,549300N1ZEIDDPHUXL14,,,,ETD,,BR,U,,F,,,,,,LEI,5493005O3T2SC05CRT85,,,P,,B,,,,,,52SICAVBRAZILXPINVEST,,OP,EQ,C,OPESPS,,,I,BRGGBR4P0DZ8,BRL,,,66548625,,,BVMF,Y,1.1,U,BRL,13200,1,12000,,C,2018-03-06T19:17:55Z,2018-03-06,2018-04-16,,,,,2018-03-06T19:17:55Z,E,N,Y,2018-03-06T19:17:55Z,4GTK5S46E6H318LMDS44,N,,,,,,,,,,,,,,,,,,,,,,,,,,,,,,,,,,,,,,,,P,E,17.45,U,,,BR,,,,,,,,,N,,T,,,,,,,,,,,,,,,,,OC,,Y
,New,EULITE1.0,Trade State,5493005O3T2SC05CRT85,5493005O3T2SC05CRT85,LEI,5493005O3T2SC05CRT85,LEI,549300CO4Q7A6U0PDU26,ESMA,,549300N1ZEIDDPHUXL14,,,,ETD,,BR,U,,F,,,,,,LEI,5493005O3T2SC05CRT85,,,P,,B,,,,,,52SICAVBRAZILXPINVEST,,OP,EQ,C,OPESPS,,,I,BRIBOV9R0J84,BRL,,,66548680,,,BVMF,Y,2496,U,BRL,99840,1,40,,C,2018-03-16T19:15:35Z,2018-03-16,2018-06-13,,,,,2018-03-16T19:15:35Z,E,N,Y,2018-03-16T19:15:35Z,4GTK5S46E6H318LMDS44,N,,,,,,,,,,,,,,,,,,,,,,,,,,,,,,,,,,,,,,,,P,E,84000,U,,,BR,,,,,,,,,N,,T,,,,,,,,,,,,,,,,,OC,,Y
,New,EULITE1.0,Trade State,5493005O3T2SC05CRT85,5493005O3T2SC05CRT85,LEI,5493005O3T2SC05CRT85,LEI,549300CO4Q7A6U0PDU26,ESMA,,549300N1ZEIDDPHUXL14,,,,ETD,,BR,U,,F,,,,,,LEI,5493005O3T2SC05CRT85,,,P,,S,,,,,,52SICAVBRAZILXPINVEST,,OP,EQ,C,OPESPS,,,I,BRIBOV9R0HH2,BRL,,,66548681,,,BVMF,Y,1247,U,BRL,12470,1,10,,C,2018-03-16T19:18:31Z,2018-03-16,2018-06-13,,,,,2018-03-16T19:18:31Z,E,N,Y,2018-03-16T19:18:31Z,4GTK5S46E6H318LMDS44,N,,,,,,,,,,,,,,,,,,,,,,,,,,,,,,,,,,,,,,,,P,E,79000,U,,,BR,,,,,,,,,N,,T,,,,,,,,,,,,,,,,,OC,,Y
,New,EULITE1.0,Trade State,5493005O3T2SC05CRT85,5493005O3T2SC05CRT85,LEI,5493005O3T2SC05CRT85,LEI,549300CO4Q7A6U0PDU26,ESMA,,549300N1ZEIDDPHUXL14,,,,ETD,,BR,U,,F,,,,,,LEI,5493005O3T2SC05CRT85,,,P,,S,,,,,,52SICAVBRAZILXPINVEST,,OP,EQ,C,OPESPS,,,I,BRIBOV9R0HH2,BRL,,,66548682,,,BVMF,Y,1246,U,BRL,37380,1,30,,C,2018-03-16T19:19:10Z,2018-03-16,2018-06-13,,,,,2018-03-16T19:19:10Z,E,N,Y,2018-03-16T19:19:10Z,4GTK5S46E6H318LMDS44,N,,,,,,,,,,,,,,,,,,,,,,,,,,,,,,,,,,,,,,,,P,E,79000,U,,,BR,,,,,,,,,N,,T,,,,,,,,,,,,,,,,,OC,,Y
