,New,EULITE1.0,Valuation,5493005O3T2SC05CRT85,5493005O3T2SC05CRT85,LEI,5493005O3T2SC05CRT85,LEI,549300CO4Q7A6U0PDU26,ESMA,,,,,,ETD,,,,5200.5425,BRL,2018-04-06T23:59:00Z,C,,,,,66548642,Y,V,,,,,,,EQ
,New,EULITE1.0,Valuation,5493005O3T2SC05CRT85,5493005O3T2SC05CRT85,LEI,5493005O3T2SC05CRT85,LEI,549300CO4Q7A6U0PDU26,ESMA,,,,,,ETD,,,,-3462.19,BRL,2018-04-06T23:59:00Z,C,,,,,66548643,Y,V,,,,,,,EQ
,New,EULITE1.0,Valuation,5493005O3T2SC05CRT85,5493005O3T2SC05CRT85,LEI,5493005O3T2SC05CRT85,LEI,549300CO4Q7A6U0PDU26,ESMA,,,,,,ETD,,,,-30.93,BRL,2018-04-06T23:59:00Z,C,,,,,66548644,Y,V,,,,,,,EQ
,New,EULITE1.0,Valuation,5493005O3T2SC05CRT85,5493005O3T2SC05CRT85,LEI,5493005O3T2SC05CRT85,LEI,549300CO4Q7A6U0PDU26,ESMA,,,,,,ETD,,,,15601.6275,BRL,2018-04-06T23:59:00Z,C,,,,,66548625,Y,V,,,,,,,EQ
,New,EULITE1.0,Valuation,5493005O3T2SC05CRT85,5493005O3T2SC05CRT85,LEI,5493005O3T2SC05CRT85,LEI,549300CO4Q7A6U0PDU26,ESMA,,,,,,ETD,,,,91662.86,BRL,2018-04-06T23:59:00Z,C,,,,,66548680,Y,V,,,,,,,EQ
,New,EULITE1.0,Valuation,5493005O3T2SC05CRT85,5493005O3T2SC05CRT85,LEI,5493005O3T2SC05CRT85,LEI,549300CO4Q7A6U0PDU26,ESMA,,,,,,ETD,,,,-13054.83333,BRL,2018-04-06T23:59:00Z,C,,,,,66548681,Y,V,,,,,,,EQ
,New,EULITE1.0,Valuation,5493005O3T2SC05CRT85,5493005O3T2SC05CRT85,LEI,5493005O3T2SC05CRT85,LEI,549300CO4Q7A6U0PDU26,ESMA,,,,,,ETD,,,,-26109.66667,BRL,2018-04-06T23:59:00Z,C,,,,,66548682,Y,V,,,,,,,EQ
