,New,EULITE1.0,Valuation,5493005O3T2SC05CRT85,5493005O3T2SC05CRT85,LEI,5493005O3T2SC05CRT85,LEI,549300CO4Q7A6U0PDU26,ESMA,,,,,,ETD,,,,4400.9375,BRL,2018-04-05T23:59:00Z,C,,,,,66548642,Y,V,,,,,,,EQ
,New,EULITE1.0,Valuation,5493005O3T2SC05CRT85,5493005O3T2SC05CRT85,LEI,5493005O3T2SC05CRT85,LEI,549300CO4Q7A6U0PDU26,ESMA,,,,,,ETD,,,,-2879.93,BRL,2018-04-05T23:59:00Z,C,,,,,66548643,Y,V,,,,,,,EQ
,New,EULITE1.0,Valuation,5493005O3T2SC05CRT85,5493005O3T2SC05CRT85,LEI,5493005O3T2SC05CRT85,LEI,549300CO4Q7A6U0PDU26,ESMA,,,,,,ETD,,,,-132.3,BRL,2018-04-05T23:59:00Z,C,,,,,66548644,Y,V,,,,,,,EQ
,New,EULITE1.0,Valuation,5493005O3T2SC05CRT85,5493005O3T2SC05CRT85,LEI,5493005O3T2SC05CRT85,LEI,549300CO4Q7A6U0PDU26,ESMA,,,,,,ETD,,,,13202.8125,BRL,2018-04-05T23:59:00Z,C,,,,,66548625,Y,V,,,,,,,EQ
,New,EULITE1.0,Valuation,5493005O3T2SC05CRT85,5493005O3T2SC05CRT85,LEI,5493005O3T2SC05CRT85,LEI,549300CO4Q7A6U0PDU26,ESMA,,,,,,ETD,,,,83975.17,BRL,2018-04-05T23:59:00Z,C,,,,,66548680,Y,V,,,,,,,EQ
,New,EULITE1.0,Valuation,5493005O3T2SC05CRT85,5493005O3T2SC05CRT85,LEI,5493005O3T2SC05CRT85,LEI,549300CO4Q7A6U0PDU26,ESMA,,,,,,ETD,,,,-8744.8525,BRL,2018-04-05T23:59:00Z,C,,,,,66548681,Y,V,,,,,,,EQ
,New,EULITE1.0,Valuation,5493005O3T2SC05CRT85,5493005O3T2SC05CRT85,LEI,5493005O3T2SC05CRT85,LEI,549300CO4Q7A6U0PDU26,ESMA,,,,,,ETD,,,,-26234.5575,BRL,2018-04-05T23:59:00Z,C,,,,,66548682,Y,V,,,,,,,EQ
