,New,EULITE1.0,Valuation,5493005O3T2SC05CRT85,5493005O3T2SC05CRT85,LEI,5493005O3T2SC05CRT85,LEI,549300CO4Q7A6U0PDU26,ESMA,,,,,,ETD,,,,2473.9,BRL,2018-04-04T23:59:00Z,C,,,,,66548642,Y,V,,,,,,,EQ
,New,EULITE1.0,Valuation,5493005O3T2SC05CRT85,5493005O3T2SC05CRT85,LEI,5493005O3T2SC05CRT85,LEI,549300CO4Q7A6U0PDU26,ESMA,,,,,,ETD,,,,-3671.06,BRL,2018-04-04T23:59:00Z,C,,,,,66548643,Y,V,,,,,,,EQ
,New,EULITE1.0,Valuation,5493005O3T2SC05CRT85,5493005O3T2SC05CRT85,LEI,5493005O3T2SC05CRT85,LEI,549300CO4Q7A6U0PDU26,ESMA,,,,,,ETD,,,,-24.11,BRL,2018-04-04T23:59:00Z,C,,,,,66548644,Y,V,,,,,,,EQ
,New,EULITE1.0,Valuation,5493005O3T2SC05CRT85,5493005O3T2SC05CRT85,LEI,5493005O3T2SC05CRT85,LEI,549300CO4Q7A6U0PDU26,ESMA,,,,,,ETD,,,,7421.7,BRL,2018-04-04T23:59:00Z,C,,,,,66548625,Y,V,,,,,,,EQ
,New,EULITE1.0,Valuation,5493005O3T2SC05CRT85,5493005O3T2SC05CRT85,LEI,5493005O3T2SC05CRT85,LEI,549300CO4Q7A6U0PDU26,ESMA,,,,,,ETD,,,,32101.96,BRL,2018-04-04T23:59:00Z,C,,,,,66548680,Y,V,,,,,,,EQ
,New,EULITE1.0,Valuation,5493005O3T2SC05CRT85,5493005O3T2SC05CRT85,LEI,5493005O3T2SC05CRT85,LEI,549300CO4Q7A6U0PDU26,ESMA,,,,,,ETD,,,,-3663.1925,BRL,2018-04-04T23:59:00Z,C,,,,,66548681,Y,V,,,,,,,EQ
,New,EULITE1.0,Valuation,5493005O3T2SC05CRT85,5493005O3T2SC05CRT85,LEI,5493005O3T2SC05CRT85,LEI,549300CO4Q7A6U0PDU26,ESMA,,,,,,ETD,,,,-10989.5775,BRL,2018-04-04T23:59:00Z,C,,,,,66548682,Y,V,,,,,,,EQ
