,New,EULITE1.0,Valuation,5493005O3T2SC05CRT85,5493005O3T2SC05CRT85,LEI,5493005O3T2SC05CRT85,LEI,549300CO4Q7A6U0PDU26,ESMA,,,,,,ETD,,,,6856.8825,BRL,2018-04-03T23:59:00Z,C,,,,,66548642,Y,V,,,,,,,EQ
,New,EULITE1.0,Valuation,5493005O3T2SC05CRT85,5493005O3T2SC05CRT85,LEI,5493005O3T2SC05CRT85,LEI,549300CO4Q7A6U0PDU26,ESMA,,,,,,ETD,,,,-8585.68,BRL,2018-04-03T23:59:00Z,C,,,,,66548643,Y,V,,,,,,,EQ
,New,EULITE1.0,Valuation,5493005O3T2SC05CRT85,5493005O3T2SC05CRT85,LEI,5493005O3T2SC05CRT85,LEI,549300CO4Q7A6U0PDU26,ESMA,,,,,,ETD,,,,-129.3,BRL,2018-04-03T23:59:00Z,C,,,,,66548644,Y,V,,,,,,,EQ
,New,EULITE1.0,Valuation,5493005O3T2SC05CRT85,5493005O3T2SC05CRT85,LEI,5493005O3T2SC05CRT85,LEI,549300CO4Q7A6U0PDU26,ESMA,,,,,,ETD,,,,20570.6475,BRL,2018-04-03T23:59:00Z,C,,,,,66548625,Y,V,,,,,,,EQ
,New,EULITE1.0,Valuation,5493005O3T2SC05CRT85,5493005O3T2SC05CRT85,LEI,5493005O3T2SC05CRT85,LEI,549300CO4Q7A6U0PDU26,ESMA,,,,,,ETD,,,,104187.93,BRL,2018-04-03T23:59:00Z,C,,,,,66548680,Y,V,,,,,,,EQ
,New,EULITE1.0,Valuation,5493005O3T2SC05CRT85,5493005O3T2SC05CRT85,LEI,5493005O3T2SC05CRT85,LEI,549300CO4Q7A6U0PDU26,ESMA,,,,,,ETD,,,,-12061.8525,BRL,2018-04-03T23:59:00Z,C,,,,,66548681,Y,V,,,,,,,EQ
,New,EULITE1.0,Valuation,5493005O3T2SC05CRT85,5493005O3T2SC05CRT85,LEI,5493005O3T2SC05CRT85,LEI,549300CO4Q7A6U0PDU26,ESMA,,,,,,ETD,,,,-36185.5575,BRL,2018-04-03T23:59:00Z,C,,,,,66548682,Y,V,,,,,,,EQ
