OCODE,7BTG
Batch Date,2018-04-03
Batch Id,17488959
User ID,thirzah.paixao1@btgpactual.com
"Status","Response Obligation","Submitted For Party","Error Code","Error Description","Action","Message Type","Message Format","Message Channel","Message Received Timestamp","Processed Timestamp","Message ID","Transaction Type","Lifecycle Event","Primary Asset Class","Secondary Asset Class","Submitting Party - ID Type","Submitting Party - ID","Trade Party 1 - ID Type","Trade Party 1 - ID","Trade Party 2 - ID Type","Trade Party 2 - ID","UTI ID Prefix","UTI ID","USI ID Prefix","USI ID","Trade Party 1 - Transaction ID","Trade Party 2 - Transaction ID","Trade Party 1 - Event ID","Trade Party 2 - Event ID","Trade Party 1 - Execution Agent ID Type","Trade Party 1 - Execution Agent ID","Trade Party 2 - Execution Agent ID Type","Trade Party 2 - Execution Agent ID","Trade Party 1 - Action Type","Trade Party 2 - Action Type","Trade Party 1 - Reporting Obligation","Trade Party 2 - Reporting Obligation","Trade ID","Collateral Portfolio Code"
"ACK","ESMA","Party1","","","New","Valuation","CSV","WEB","2018-04-03T16:53:15Z","2018-04-03T16:53:17Z","","Trade","","EQUITY","","LEI","5493005O3T2SC05CRT85","LEI","5493005O3T2SC05CRT85","LEI","549300CO4Q7A6U0PDU26","","66548643","","","","","","","LEI","","LEI","","V","","ESMA","","66548643",""
"ACK","ESMA","Party1","","","New","Valuation","CSV","WEB","2018-04-03T16:53:15Z","2018-04-03T16:53:17Z","","Trade","","EQUITY","","LEI","5493005O3T2SC05CRT85","LEI","5493005O3T2SC05CRT85","LEI","549300CO4Q7A6U0PDU26","","66548682","","","","","","","LEI","","LEI","","V","","ESMA","","66548682",""
"ACK","ESMA","Party1","","","New","Valuation","CSV","WEB","2018-04-03T16:53:15Z","2018-04-03T16:53:17Z","","Trade","","EQUITY","","LEI","5493005O3T2SC05CRT85","LEI","5493005O3T2SC05CRT85","LEI","549300CO4Q7A6U0PDU26","","66548681","","","","","","","LEI","","LEI","","V","","ESMA","","66548681",""
"ACK","ESMA","Party1","","","New","Valuation","CSV","WEB","2018-04-03T16:53:15Z","2018-04-03T16:53:17Z","","Trade","","EQUITY","","LEI","5493005O3T2SC05CRT85","LEI","5493005O3T2SC05CRT85","LEI","549300CO4Q7A6U0PDU26","","66548625","","","","","","","LEI","","LEI","","V","","ESMA","","66548625",""
"ACK","ESMA","Party1","","","New","Valuation","CSV","WEB","2018-04-03T16:53:15Z","2018-04-03T16:53:17Z","","Trade","","EQUITY","","LEI","5493005O3T2SC05CRT85","LEI","5493005O3T2SC05CRT85","LEI","549300CO4Q7A6U0PDU26","","66548680","","","","","","","LEI","","LEI","","V","","ESMA","","66548680",""
"ACK","ESMA","Party1","","","New","Valuation","CSV","WEB","2018-04-03T16:53:15Z","2018-04-03T16:53:17Z","","Trade","","EQUITY","","LEI","5493005O3T2SC05CRT85","LEI","5493005O3T2SC05CRT85","LEI","549300CO4Q7A6U0PDU26","","66548644","","","","","","","LEI","","LEI","","V","","ESMA","","66548644",""
"ACK","ESMA","Party1","","","New","Valuation","CSV","WEB","2018-04-03T16:53:15Z","2018-04-03T16:53:17Z","","Trade","","EQUITY","","LEI","5493005O3T2SC05CRT85","LEI","5493005O3T2SC05CRT85","LEI","549300CO4Q7A6U0PDU26","","66548642","","","","","","","LEI","","LEI","","V","","ESMA","","66548642",""
