,New,EULITE1.0,Valuation,5493005O3T2SC05CRT85,5493005O3T2SC05CRT85,LEI,5493005O3T2SC05CRT85,LEI,549300CO4Q7A6U0PDU26,ESMA,,,,,,ETD,,,,6495.9975,BRL,2018-04-09T23:59:00Z,C,,,,,66548642,Y,V,,,,,,,EQ
,New,EULITE1.0,Valuation,5493005O3T2SC05CRT85,5493005O3T2SC05CRT85,LEI,5493005O3T2SC05CRT85,LEI,549300CO4Q7A6U0PDU26,ESMA,,,,,,ETD,,,,-6496.56,BRL,2018-04-09T23:59:00Z,C,,,,,66548643,Y,V,,,,,,,EQ
,New,EULITE1.0,Valuation,5493005O3T2SC05CRT85,5493005O3T2SC05CRT85,LEI,5493005O3T2SC05CRT85,LEI,549300CO4Q7A6U0PDU26,ESMA,,,,,,ETD,,,,-53.38,BRL,2018-04-09T23:59:00Z,C,,,,,66548644,Y,V,,,,,,,EQ
,New,EULITE1.0,Valuation,5493005O3T2SC05CRT85,5493005O3T2SC05CRT85,LEI,5493005O3T2SC05CRT85,LEI,549300CO4Q7A6U0PDU26,ESMA,,,,,,ETD,,,,19487.9925,BRL,2018-04-09T23:59:00Z,C,,,,,66548625,Y,V,,,,,,,EQ
,New,EULITE1.0,Valuation,5493005O3T2SC05CRT85,5493005O3T2SC05CRT85,LEI,5493005O3T2SC05CRT85,LEI,549300CO4Q7A6U0PDU26,ESMA,,,,,,ETD,,,,118994.51,BRL,2018-04-09T23:59:00Z,C,,,,,66548680,Y,V,,,,,,,EQ
,New,EULITE1.0,Valuation,5493005O3T2SC05CRT85,5493005O3T2SC05CRT85,LEI,5493005O3T2SC05CRT85,LEI,549300CO4Q7A6U0PDU26,ESMA,,,,,,ETD,,,,-17925.13,BRL,2018-04-09T23:59:00Z,C,,,,,66548681,Y,V,,,,,,,EQ
,New,EULITE1.0,Valuation,5493005O3T2SC05CRT85,5493005O3T2SC05CRT85,LEI,5493005O3T2SC05CRT85,LEI,549300CO4Q7A6U0PDU26,ESMA,,,,,,ETD,,,,-35850.26,BRL,2018-04-09T23:59:00Z,C,,,,,66548682,Y,V,,,,,,,EQ
