Client Reference,Trade Type,Previous Client Reference,Buy / Sell,Trade Date,Settlement Date,Securities Acount,Security ID Type,Security ID,Security Description,Product Type,Quantity Type,Quantity,Settlement Currency,Free or against payment,Price Type,Price In Instrument Currency,Net Amount In Instrument Currency,Principal In Instrument Currency,Commission In Instrument Currency,Tax / other fees In Instrument Currency,Interest In Instrument Currency,Instrument Currency,Net Amount In Settlement Currency,Counterparty Code,Counterparty Name,Counterparty BIC,Counterparty Clearer Name,Counterparty Clearer BIC,Safe Account for markets,Safe Account requirements for principal counterparties,Place of Settlement,Sicovam
310102367,NEWM,,S,20151218,20151222,80215,ISIN,RU000A0JREQ7,RFLB 7.6 04/14/21,B,FAMT,17000000.00,USD,,PRCT,90.770000000000,15650370,15430900,0.000000000000,0.000000000000,219470,RUB,220427.75,,JPMSL,JPMSGB2LXXX,,ECLR/95724,,,MGTCBEBE,68536976
310102619,NEWM,,S,20151218,20151222,80215,ISIN,TRT050220T17,TURKGB 7.4 02/05/20,B,FAMT,1700000.00,TRY,,PRCT,89.500000000000,1567119.78,1521500,0.000000000000,0.000000000000,45619.78,TRY,1567119.78,,JPMSL,JPMSGB2LXXX,,DEUTTRISCUS,19714,,,70339695
310102961,NEWM,,S,20151218,20151222,80215,ISIN,USP78024AB57,PERU 5.7 08/12/24,B,FAMT,320.00,USD,,PRCT,92.066200000000,301154.45,294611.84,0.000000000000,0.000000000000,6542.610000000001,PEN,89046.26,,CG,SBNYUS33XXX,,ECLR/93201,,,MGTCBEBE,70031988
310102321,NEWM,,S,20151218,20151222,80215,ISIN,HU0000402524,HGB 7 06/24/22,B,FAMT,36000000.00,USD,,PRCT,121.974800000000,45157157.51,43910928,0.000000000000,0.000000000000,1246229.51,HUF,156145.08000000002,,JPMSL,JPMSGB2LXXX,,ECLR/95724,,,MGTCBEBE,68745962
310102790,NEWM,,S,20151218,20151222,80215,ISIN,ZAG000016320,R186,B,FAMT,5000000.00,USD,,PRCT,107.724910158000,5387684.0079,5386245.5079,0.000000000000,0.000000000000,1438.5,ZAR,358104.62,,JPMSL,JPMSGB2LXXX,,ECLR/95724,,,MGTCBEBE,67713625
310102360,NEWM,,S,20151218,20151222,80215,ISIN,PL0000108510,POLGB 1 1/2 04/25/20,B,FAMT,1850000.00,USD,,PRCT,96.800000000000,1809078,1790800,0.000000000000,0.000000000000,18278,PLN,457936.46,,CGML,SBILGB2LXXX,,ECLR/90895,,,MGTCBEBE,70396155
310102356,NEWM,,S,20151218,20151222,80215,ISIN,RO1419DBN014,ROMGB 4 3/4 06/24/19,B,FAMT,460000.00,USD,,PRCT,109.280630696000,513496.50120159995,502690.9012016,0.000000000000,0.000000000000,10805.6,RON,123170.18000000001,,CGML,SBILGB2LXXX,,ECLR/90895,,,MGTCBEBE,70191288
310104254,NEWM,,S,20151218,20151222,80215,ISIN,MX0MGO0000Q0,MBONO 6 1/2 06/09/22,B,FAMT,78000.00,USD,,PRCT,103.690000000000,8094861.64,8087820,0.000000000000,0.000000000000,7041.64,MXN,476308.42,,JPMSL,JPMSGB2LXXX,,ECLR/95724,,,MGTCBEBE,68749392
