Trade ID,Entity,Trade Status,Trade Date,Trade ID,Account ID,counterparty,Instrument Type,Direction,Quantoty of CCY1,CCY1,CCY2,Value Date,Rate,NDF Fixing Date,Quantity of CCY2,Sicovam,Strategy
310009378,GIVEUP,NEW,12162015,310009378,JPM FX PB,,FORWARD,SELL,4791240,BRL,USD,12182015,3.9357,12162015,1217379.37,70484815,CAS
310106912,GIVEUP,NEW,12182015,310106912,JPM FX PB,JPM,FORWARD,SELL,1862845,BRL,USD,1292016,3.953,1272016,471248.42,70578162,EMFX
310106680,GIVEUP,NEW,12182015,310106680,JPM FX PB,JPM,FORWARD,SELL,1033850000,COP,USD,1292016,3349,1272016,308704.09,70578164,EQRV
310102752,GIVEUP,NEW,12182015,310102752,JPM FX PB,JPM,FORWARD,BUY,89463.4,USD,ZAR,1292016,15.1624633,,1356485.52,67623701,EQV
310102623,GIVEUP,NEW,12182015,310102623,JPM FX PB,JPM,FORWARD,BUY,538251.68,USD,TRY,12222015,2.9115,,1567119.77,67611268,EQC
310102538,GIVEUP,NEW,12182015,310102538,JPM FX PB,JPM,FORWARD,SELL,34494.71,USD,TRY,1292016,2.943,,101517.93,67611268,EQE
310102044,GIVEUP,NEW,12182015,310102044,JPM FX PB,JPM,FORWARD,BUY,114663.58,USD,HUF,1292016,289.93,,33244411.75,67624676,CAS
310101930,GIVEUP,NEW,12182015,310101930,JPM FX PB,JPM,SPOT,BUY,15041.83,USD,MXN,12222015,17.0403,,256317.3,67601125,EMFX
310101925,GIVEUP,NEW,12182015,310101925,JPM FX PB,JPM,SPOT,BUY,68.01,USD,ZAR,12222015,15.05077,,1023.6,67623701,EQRV
310101467,GIVEUP,NEW,12182015,310101467,JPM FX PB,JPM,FORWARD,SELL,1422330,PHP,USD,2192016,47.76,2172016,29780.78,70565380,EQV
310009356,GIVEUP,NEW,12162015,310009356,JPM FX PB,,FORWARD,BUY,1838358,BRL,USD,12182015,3.9357,12162015,467098.1,70484815,EQC
310009773,GIVEUP,NEW,12162015,310009773,JPM FX PB,,FORWARD,SELL,18090160,BRL,USD,12182015,3.9357,12162015,4596427.57,70484815,EQE
310009374,GIVEUP,NEW,12162015,310009374,JPM FX PB,,FORWARD,BUY,14687790,BRL,USD,12182015,3.9357,12162015,3731938.41,70484815,CAS
310009376,GIVEUP,NEW,12162015,310009376,JPM FX PB,,FORWARD,BUY,4575000,BRL,USD,12182015,3.9357,12162015,1162436.16,70484815,EMFX
310009774,GIVEUP,NEW,12162015,310009774,JPM FX PB,,FORWARD,BUY,1032610000,COP,USD,12182015,3317.72,12162015,311240.85,70484824,EQRV
310009787,GIVEUP,NEW,12162015,310009787,JPM FX PB,,FORWARD,BUY,7873390400,COP,USD,12182015,3317.72,12162015,2373132.87,70484824,EQV
310009789,GIVEUP,NEW,12162015,310009789,JPM FX PB,,FORWARD,SELL,8658300000,COP,USD,12182015,3317.72,12162015,2609713.9,70484824,EQC
310009352,GIVEUP,NEW,12172015,310009352,JPM FX PB,,FORWARD,SELL,15206750,PHP,USD,12182015,47.285,12162015,321597.76,70483698,EQE
310009335,GIVEUP,NEW,12172015,310009335,JPM FX PB,,FORWARD,BUY,15206750,PHP,USD,12182015,47.285,12162015,321597.76,70483698,EQE
