"POSITIONVALUATIONDATE","TRADEDATE","SETTLEDATE","BUY","BUYAMOUNT","SELLAMOUNT","RATE","MARKETVALUE","COUNTERPARTY","SELL","ACCOUNT","BUYPOSITION","SELLPOSITION","NULL","CCYPAIR","TRADEID","NDFNAME","BUSINESEVENT","TRADESTATUS"
"28/01/2016","12/18/2015","02/19/2016","USD","29780.78","1422330","47.76","","JPM","PHP","80215","29780.78","-1422330","","USDPHP","310101467","PHP versus USD 2016/02/19 NDF","Currency","TA Accepted / Checked MO"
"28/01/2016","12/01/2015","02/19/2016","PHP","1422330","30000","47.4110","","MSIL","USD","80215","1422330","-30000","","PHPUSD","304760939","PHP versus USD 2016/02/19 NDF","Currency","TA Accepted / Checked MO"
"28/01/2016","01/27/2016","01/29/2016","USD","308005.12","1033850000","3356.60","","","COP","80215","308005.12","-1033850000","","USDCOP","320879267","COP versus USD 2016/01/29 NDF","Purchase/Sale","Checked FM / Checked MO"
"28/01/2016","01/27/2016","01/29/2016","COP","1033850000","308005.12","3356.60","","","USD","80215","1033850000","-308005.12","","COPUSD","320879266","COP versus USD 2016/01/29 NDF","Purchase/Sale","Checked FM / Checked MO"
"28/01/2016","12/18/2015","01/29/2016","USD","308704.09","1033850000","3349","","JPM","COP","80215","308704.09","-1033850000","","USDCOP","310106680","COP versus USD 2016/01/29 NDF","Currency","TA Accepted / Checked MO"
"28/01/2016","12/14/2015","01/29/2016","COP","1033850000","310000","3335","","CGML","USD","80215","1033850000","-310000","","COPUSD","308658819","COP versus USD 2016/01/29 NDF","Currency","TA Accepted / Checked MO"
"28/01/2016","01/27/2016","01/29/2016","USD","184.93","752","4.0663","","","BRL","80215","184.93","-752","","USDBRL","320879256","BRL versus USD 2016/01/29 NDF","Purchase/Sale","Checked FM / Checked MO"
"28/01/2016","01/27/2016","01/29/2016","USD","457933.01","1862093","4.0663","","","BRL","80215","457933.01","-1862093","","USDBRL","320879257","BRL versus USD 2016/01/29 NDF","Purchase/Sale","Checked FM / Checked MO"
"28/01/2016","01/27/2016","01/29/2016","BRL","1862845","458117.95","4.0663","","","USD","80215","1862845","-458117.95","","BRLUSD","320879258","BRL versus USD 2016/01/29 NDF","Purchase/Sale","Checked FM / Checked MO"
"28/01/2016","01/04/2016","01/29/2016","BRL","752","185.31","4.0580","","JPM","USD","80215","752","-185.31","","BRLUSD","314149307","BRL versus USD 2016/01/29 NDF","Currency","TA Accepted / Checked MO"
"28/01/2016","12/14/2015","01/29/2016","BRL","1862093","470000","3.9619","","CGML","USD","80215","1862093","-470000","","BRLUSD","314146779","BRL versus USD 2016/01/29 NDF","Currency","TA Accepted / Checked MO"
"28/01/2016","12/18/2015","01/29/2016","USD","471248.42","1862845","3.9530","","JPM","BRL","80215","471248.42","-1862845","","USDBRL","310106912","BRL versus USD 2016/01/29 NDF","Currency","TA Accepted / Checked MO"
"28/01/2016","12/14/2015","01/29/2016","BRL","1862845","470000","3.9635","","CGML","USD","80215","1862845","-470000","","BRLUSD","308658811","BRL versus USD 2016/01/29 NDF","Currency","TA Cancelled FM / Checked MO"
