Client Reference,Trade Type,Previous Client Reference,Buy / Sell,Trade Date,Settlement Date,Securities Acount,Security ID Type,Security ID,Security Description,Product Type,Quantity Type,Quantity,Settlement Currency,Free or against payment,Price Type,Price In Instrument Currency,Net Amount In Instrument Currency,Principal In Instrument Currency,Commission In Instrument Currency,Tax / other fees In Instrument Currency,Interest In Instrument Currency,Instrument Currency,Net Amount In Settlement Currency,Counterparty Code,Counterparty Name,Counterparty BIC,Counterparty Clearer Name,Counterparty Clearer BIC,Safe Account for markets,Safe Account requirements for principal counterparties,Place of Settlement,Sicovam,Strategy Code
551237116,NEWM,,B,20180426,20180430,JPM-DTCC-GMF,ISIN,US0231351067,AMAZON.COM INC,E,UNIT,400,USD,,ACTU,1556.91,622764,622764,8,0,0,USD,622772,10011315,GOLDMAN SACHS & CO,GOLDUS33,,,DTCYID/0005,,DTCYUS33,68450666,EQRV
551237112,NEWM,,B,20180426,20180430,JPM-DOMESTIC-GMF,ISIN,ES0178430E18,TELEFONICA SA,E,UNIT,3000,EUR,,ACTU,8.186,24558,24558,36.84,0,0,EUR,24594.84,10011315,GOLDMAN SACHS & CO,GOLDUS33,BNP PARIBAS SECURITIES CORP,BNPAUS3C,005-97869856,48248L,ABCTESTX,68277149,EQRV
551237301,NEWM,,B,20180426,20180430,JPM-DOMESTIC-GMF,ISIN,ARP125991090,BBVA BANCO FRANCES SA,E,UNIT,1000,ARS,,ACTU,152.2,182640,182640,0,0,0,ARS,182640,10011315,GOLDMAN SACHS & CO,GOLDUS33,DEUTSCHE,DEUTGB22EEQ,12343,,CAVLARBA,69480484,EQRV
551237301,AMEND,551237301,B,20180426,20180430,JPM-DOMESTIC-GMF,ISIN,ARP125991090,BBVA BANCO FRANCES SA,E,UNIT,1200,ARS,,ACTU,152.2,182640,182640,0,0,0,ARS,182640,10011315,GOLDMAN SACHS & CO,GOLDUS33,DEUTSCHE,DEUTGB22EEQ,12343,,CAVLARBA,69480484,EQRV
551237320,NEWM,,B,20180426,20180430,JPM-EUROCLEAR-GMF,ISIN,GB0002634946,BAE SYSTEMS PLC,E,UNIT,4500,GBP,,ACTU,5.924,26658,26658,39.99,0,0,GBP,26697.99,10011315,GOLDMAN SACHS & CO,GOLDUS33,,,ECLR/90004,,MGTCBEBE,67712046,EQRV
551237366,NEWM,,S,20180426,20180430,JPM-DTCC-GMF,ISIN,US0231351067,AMAZON.COM INC,B,FAMT,200,USD,,PRCT,1556.91,311382,311382,4,0,0,USD,311378,10011315,GOLDMAN SACHS & CO,GOLDUS33,,,DTCYID/0005,,DTCYUS33,68450666,EQRV
551237366,CANC,551237366,S,20180426,20180430,JPM-DTCC-GMF,ISIN,US0231351067,AMAZON.COM INC,B,FAMT,200,USD,,PRCT,1556.91,311382,311382,4,0,0,USD,311378,10011315,GOLDMAN SACHS & CO,GOLDUS33,,,DTCYID/0005,,DTCYUS33,68450666,EQRV
551237382,NEWM,,B,20180426,20180430,JPM-EUROCLEAR-GMF,ISIN,GB0009465807,WEIR GROUP PLC/THE,B,FAMT,200,GBP,,PRCT,22.5,4500,4500,6.75,0,0,GBP,4506.75,10011315,GOLDMAN SACHS & CO,GOLDUS33,,,ECLR/90004,,MGTCBEBE,68287716,EQRV
551237382,CANC,551237382,B,20180426,20180430,JPM-EUROCLEAR-GMF,ISIN,GB0009465807,WEIR GROUP PLC/THE,B,FAMT,200,GBP,,PRCT,22.5,4500,4500,6.75,0,0,GBP,4506.75,10011315,GOLDMAN SACHS & CO,GOLDUS33,,,ECLR/90004,,MGTCBEBE,68287716,EQRV
