Client Reference,Trade Type,Previous Client Reference,Buy / Sell,Trade Date,Settlement Date,Securities Acount,Security ID Type,Security ID,Security Description,Product Type,Quantity Type,Quantity,Settlement Currency,Free or against payment,Price Type,Price In Instrument Currency,Net Amount In Instrument Currency,Principal In Instrument Currency,Commission In Instrument Currency,Tax / other fees In Instrument Currency,Interest In Instrument Currency,Instrument Currency,Net Amount In Settlement Currency,Counterparty Code,Counterparty Name,Counterparty BIC,Counterparty Clearer Name,Counterparty Clearer BIC,Safe Account for markets,Safe Account requirements for principal counterparties,Place of Settlement,Sicovam,Strategy Code
551237128,NEWM,,B,20180426,20180427,JPM-DOMESTIC-GMF,ISIN,US912810FG86,T 5 1/4 02/15/29,B,FAMT,10000,USD,,PRCT,125.1424519,12615.76519,12514.24519,0,0,101.52,USD,12615.77,10011315,GOLDMAN SACHS & CO,GOLDUS33,,,21000018,,FRNYUS33,67603452,EQRV
551237114,NEWM,,B,20180426,20180430,JPM-DTCC-GMF,ISIN,US91911TAP84,VALEBZ 6 1/4 08/10/26,B,FAMT,10000,USD,,PRCT,124.4365713,12572.65713,12443.65713,0,0,129,USD,12572.66,10011315,GOLDMAN SACHS & CO,GOLDUS33,,,DTCYID/0005,,DTCYUS33,70757252,EQRV
551237346,NEWM,,S,20180426,20180430,JPM-DOMESTIC-GMF,ISIN,US912828ST86,T 1 1/4 04/30/19,B,FAMT,110000,USD,,PRCT,99.83690247,109820.5927,109820.5927,0,0,0,USD,109820.59,10011315,GOLDMAN SACHS & CO,GOLDUS33,,,21000018,,FRNYUS33,70777921,EQRV
551237346,AMEND,551237346,S,20180426,20180430,JPM-DOMESTIC-GMF,ISIN,US912828ST86,T 1 1/4 04/30/19,B,FAMT,110000,USD,,PRCT,99.83690247,109820.5927,109820.5927,0,0,0,USD,109820.59,10011315,GOLDMAN SACHS & CO,GOLDUS33,,,21000018,,FRNYUS33,70777921,EQRV
551237355,NEWM,,S,20180426,20180430,JPM-DOMESTIC-GMF,ISIN,US912828P873,T 1 1/8 02/28/21,B,FAMT,90000,USD,,PRCT,96.00435555,86571.75,86403.92,0,0,167.83,USD,86571.75,10011315,GOLDMAN SACHS & CO,GOLDUS33,,,21000018,,FRNYUS33,70600510,EQRV
551237355,AMEND,551237355,S,20180426,20180430,JPM-DOMESTIC-GMF,ISIN,US912828P873,T 1 1/8 02/28/21,B,FAMT,80000,USD,,PRCT,96.00435555,76952.66444,76803.48444,0,0,149.18,USD,76952.66,10011315,GOLDMAN SACHS & CO,GOLDUS33,,,21000018,,FRNYUS33,70600510,EQRV
551237355,CANC,551237355,S,20180426,20180430,JPM-DOMESTIC-GMF,ISIN,US912828P873,T 1 1/8 02/28/21,B,FAMT,80000,USD,,PRCT,96.00435555,76952.66444,76803.48444,0,0,149.18,USD,76952.66,10011315,GOLDMAN SACHS & CO,GOLDUS33,,,21000018,,FRNYUS33,70600510,EQRV
551237372,NEWM,,S,20180426,20180501,JPM-DTCC-GMF,ISIN,US91911TAP84,VALEBZ 6 1/4 08/10/26,B,FAMT,250000,USD,,PRCT,124.4130184,314357.546,311032.546,0,0,3325,USD,314357.55,10011315,GOLDMAN SACHS & CO,GOLDUS33,,,DTCYID/0005,,DTCYUS33,70757252,EQRV
551237372,CANC,551237372,S,20180426,20180501,JPM-DTCC-GMF,ISIN,US91911TAP84,VALEBZ 6 1/4 08/10/26,B,FAMT,250000,USD,,PRCT,124.4130184,314357.546,311032.546,0,0,3325,USD,314357.55,10011315,GOLDMAN SACHS & CO,GOLDUS33,,,DTCYID/0005,,DTCYUS33,70757252,EQRV
551237377,NEWM,,B,20180426,20180501,JPM-DTCC-GMF,ISIN,US91911TAM53,VALEBZ 4 3/8 01/11/22,B,FAMT,100000,USD,,PRCT,98,99336.81,98000,0,0,1336.81,USD,99336.81,10011315,GOLDMAN SACHS & CO,GOLDUS33,,,DTCYID/0005,,DTCYUS33,70092530,EQRV
551237377,CANC,551237377,B,20180426,20180501,JPM-DTCC-GMF,ISIN,US91911TAM53,VALEBZ 4 3/8 01/11/22,B,FAMT,100000,USD,,PRCT,98,99336.81,98000,0,0,1336.81,USD,99336.81,10011315,GOLDMAN SACHS & CO,GOLDUS33,,,DTCYID/0005,,DTCYUS33,70092530,EQRV
