﻿<?xml version="1.0" encoding="utf-8" ?>
<bbg:BloombergFieldCollection 
			xmlns:bbg="http://schemas.datacontract.org/2004/07/Btg.Bloomberg"
			xmlns:xsi="http://www.w3.org/2001/XMLSchema-instance">
	<bbg:BloombergField xsi:type="bbg:BloombergDoubleField">
		<bbg:FieldName>BASIC_SPREAD</bbg:FieldName>
	</bbg:BloombergField>
	<bbg:BloombergField xsi:type="bbg:BloombergStringField">
		<bbg:FieldName>LONG_COMP_NAME</bbg:FieldName>
	</bbg:BloombergField>
	<bbg:BloombergField xsi:type="bbg:BloombergDoubleField">
		<bbg:FieldName>CPN</bbg:FieldName>
	</bbg:BloombergField>
	<bbg:BloombergField xsi:type="bbg:BloombergIntegerField">
		<bbg:FieldName>CPN_FREQ</bbg:FieldName>
	</bbg:BloombergField>
	<bbg:BloombergField xsi:type="bbg:BloombergStringField">
		<bbg:FieldName>CPN_TYP</bbg:FieldName>
	</bbg:BloombergField>
	<bbg:BloombergField xsi:type="bbg:BloombergStringField">
		<bbg:FieldName>CRNCY</bbg:FieldName>
	</bbg:BloombergField>
	<bbg:BloombergField xsi:type="bbg:BloombergStringField">
		<bbg:FieldName>DAY_CNT_DES</bbg:FieldName>
	</bbg:BloombergField>
	<bbg:BloombergField xsi:type="bbg:BloombergDateTimeField">
		<bbg:FieldName>FIRST_CPN_DT</bbg:FieldName>
	</bbg:BloombergField>
	<bbg:BloombergField xsi:type="bbg:BloombergDateTimeField">
		<bbg:FieldName>FIRST_SETTLE_DT</bbg:FieldName>
	</bbg:BloombergField>
	<bbg:BloombergField xsi:type="bbg:BloombergStringField">
		<bbg:FieldName>ID_CUSIP</bbg:FieldName>
	</bbg:BloombergField>
	<bbg:BloombergField xsi:type="bbg:BloombergStringField">
		<bbg:FieldName>ID_ISIN</bbg:FieldName>
	</bbg:BloombergField>
	<bbg:BloombergField xsi:type="bbg:BloombergDateTimeField">
		<bbg:FieldName>ISSUE_DT</bbg:FieldName>
	</bbg:BloombergField>
	<bbg:BloombergField xsi:type="bbg:BloombergStringField">
		<bbg:FieldName>ISSUER</bbg:FieldName>
	</bbg:BloombergField>
	<bbg:BloombergField xsi:type="bbg:BloombergStringField">
		<bbg:FieldName>LONG_COMP_NAME</bbg:FieldName>
	</bbg:BloombergField>
	<bbg:BloombergField xsi:type="bbg:BloombergDateTimeField">
		<bbg:FieldName>MATURITY</bbg:FieldName>
	</bbg:BloombergField>
	<bbg:BloombergField xsi:type="bbg:BloombergDoubleField">
		<bbg:FieldName>MIN_INCREMENT</bbg:FieldName>
	</bbg:BloombergField>
	<bbg:BloombergField xsi:type="bbg:BloombergDoubleField">
		<bbg:FieldName>MIN_PIECE</bbg:FieldName>
	</bbg:BloombergField>
	<bbg:BloombergField xsi:type="bbg:BloombergStringField">
		<bbg:FieldName>MTG_DEAL_TYP</bbg:FieldName>
	</bbg:BloombergField>
	<bbg:BloombergField xsi:type="bbg:BloombergDoubleField">
		<bbg:FieldName>MTG_RESET_SLOPE</bbg:FieldName>
	</bbg:BloombergField>
	<bbg:BloombergField xsi:type="bbg:BloombergDateTimeField">
		<bbg:FieldName>FIRST_CPN_DT</bbg:FieldName>
	</bbg:BloombergField>
	<bbg:BloombergField xsi:type="bbg:BloombergDoubleField">
		<bbg:FieldName>MTG_ORIG_AMT</bbg:FieldName>
	</bbg:BloombergField>
	<bbg:BloombergField xsi:type="bbg:BloombergStringField">
		<bbg:FieldName>MTG_IS_AGENCY_BACKED</bbg:FieldName>
	</bbg:BloombergField>
	<bbg:BloombergField xsi:type="bbg:BloombergStringField">
		<bbg:FieldName>MTG_PAY_DELAY</bbg:FieldName>
	</bbg:BloombergField>
	<bbg:BloombergField xsi:type="bbg:BloombergStringField">
		<bbg:FieldName>MTG_TYP</bbg:FieldName>
	</bbg:BloombergField>
	<bbg:BloombergField xsi:type="bbg:BloombergStringField">
		<bbg:FieldName>RESET_IDX</bbg:FieldName>
	</bbg:BloombergField>
	<bbg:BloombergField xsi:type="bbg:BloombergStringField">
		<bbg:FieldName>SECURITY_DES</bbg:FieldName>
	</bbg:BloombergField>
	<bbg:BloombergField xsi:type="bbg:BloombergStringField">
		<bbg:FieldName>SECURITY_TYP2</bbg:FieldName>
	</bbg:BloombergField>
	<bbg:BloombergField xsi:type="bbg:BloombergStringField">
		<bbg:FieldName>SECURITY_TYP</bbg:FieldName>
	</bbg:BloombergField>
	<bbg:BloombergField xsi:type="bbg:BloombergStringField">
		<bbg:FieldName>ID_SEDOL1</bbg:FieldName>
	</bbg:BloombergField>
	<bbg:BloombergField xsi:type="bbg:BloombergStringField">
		<bbg:FieldName>ID_BB_COMPANY</bbg:FieldName>
	</bbg:BloombergField>
	<bbg:BloombergField xsi:type="bbg:BloombergStringField">
		<bbg:FieldName>ID_BB_UNIQUE</bbg:FieldName>
	</bbg:BloombergField>
  <bbg:BloombergField xsi:type="bbg:BloombergStringField">
    <bbg:FieldName>OBLIGOR_NAME</bbg:FieldName>
  </bbg:BloombergField>
</bbg:BloombergFieldCollection>
