User,Configuration,Column
Adam Brown,Equity P&L,REF:UBSREF
Adam Brown,Equity P&L,REF:TW_CUSIP
Adam Brown,Equity P&L,REF:TTREF
Adam Brown,Equity P&L,REF:SECURITYDES
Adam Brown,Equity P&L,REF:SOPHISREF
Adam Brown,Equity P&L,REF:RIC
Adam Brown,Equity P&L,REF:RED
Adam Brown,Equity P&L,REF:MYCREDITSUISSE
Adam Brown,Equity P&L,REF:MARKIT
Adam Brown,Equity P&L,REF:ISSUER
Adam Brown,Equity P&L,REF:IM
Adam Brown,Equity P&L,REF:CREDITSUISSE
Adam Brown,Equity P&L,REF:BLOOMBERG
Adam Brown,Equity P&L,REF:AEXEO_REFERENCE
Adam Brown,Equity P&L,REF:AEXEO IR SOURCE
Adam Brown,Equity P&L,REF:AEXEO IR INDEX
Adam Brown,DIRK1_POSITIONS-Info,REF:BLOOMBERG
Alexander Beinfield,Equity P&L,REF:UBSREF
Alexander Beinfield,Equity P&L,REF:TW_CUSIP
Alexander Beinfield,Equity P&L,REF:TTREF
Alexander Beinfield,Equity P&L,REF:SECURITYDES
Alexander Beinfield,Equity P&L,REF:SOPHISREF
Alexander Beinfield,Equity P&L,REF:RIC
Alexander Beinfield,Equity P&L,REF:RED
Alexander Beinfield,Equity P&L,REF:MYCREDITSUISSE
Alexander Beinfield,Equity P&L,REF:MARKIT
Alexander Beinfield,Equity P&L,REF:ISSUER
Alexander Beinfield,Equity P&L,REF:IM
Alexander Beinfield,Equity P&L,REF:CREDITSUISSE
Alexander Beinfield,Equity P&L,REF:BLOOMBERG
Alexander Beinfield,Equity P&L,REF:AEXEO_REFERENCE
Alexander Beinfield,Equity P&L,REF:AEXEO IR SOURCE
Alexander Beinfield,Equity P&L,REF:AEXEO IR INDEX
Alexis Maubourguet,LongShort,REF:BLOOMBERG
Alexis Maubourguet,AllEquities,REF:BLOOMBERG
Alexis Maubourguet,SumEquities,REF:BLOOMBERG
Alexis Maubourguet,DH_CB,REF:BLOOMBERG
Amo Tiwana,Root2,REF:UBSREF
Amo Tiwana,Root2,REF:TW_CUSIP
Amo Tiwana,Root2,REF:TTREF
Amo Tiwana,Root2,REF:TB_REF
Amo Tiwana,Root2,REF:SOPHISREF
Amo Tiwana,Root2,REF:SECURITYDES
Amo Tiwana,Root2,REF:RIC
Amo Tiwana,Root2,REF:RED_ID
Amo Tiwana,Root2,REF:RED
Amo Tiwana,Root2,REF:MYCREDITSUISSE
Amo Tiwana,Root2,REF:MTG_ORIG_AMT
Amo Tiwana,Root2,REF:MARKIT
Amo Tiwana,Root2,REF:LOANXID
Amo Tiwana,Root2,REF:ISSUER
Amo Tiwana,Root2,REF:IM
Amo Tiwana,Root2,REF:ID_BB_CPNY
Amo Tiwana,Root2,REF:ID_BB
Amo Tiwana,Root2,REF:EXTERNREF
Amo Tiwana,Root2,REF:EXCHANGEPRODUCTCODE
Amo Tiwana,Root2,REF:CREDITSUISSE
Amo Tiwana,Root2,REF:CNTRY_OF_RISK
Amo Tiwana,Root2,REF:BLOOMBERG
Amo Tiwana,Root2,REF:AEXEO_REFERENCE
Amo Tiwana,Root2,REF:AEXEO IR SOURCE
Amo Tiwana,Root2,REF:AEXEO IR INDEX
Andre Bresslau,Loans - Position,REF:LOANXID
Andre Bresslau,Loans - Accrual Report 2,REF:LOANXID
Andre Wetter,SHORT,REF:BLOOMBERG
Anil Kamath,AllEquities,REF:BLOOMBERG
Anil Kamath,VolatilityReport,REF:BLOOMBERG
Anil Kamath,DIRK1_POSITIONS-Info,REF:BLOOMBERG
Anil Kamath,Equity P&L,REF:UBSREF
Anil Kamath,Equity P&L,REF:TW_CUSIP
Anil Kamath,Equity P&L,REF:TTREF
Anil Kamath,Equity P&L,REF:SECURITYDES
Anil Kamath,Equity P&L,REF:SOPHISREF
Anil Kamath,Equity P&L,REF:RIC
Anil Kamath,Equity P&L,REF:RED
Anil Kamath,Equity P&L,REF:MYCREDITSUISSE
Anil Kamath,Equity P&L,REF:MARKIT
Anil Kamath,Equity P&L,REF:ISSUER
Anil Kamath,Equity P&L,REF:IM
Anil Kamath,Equity P&L,REF:CREDITSUISSE
Anil Kamath,Equity P&L,REF:BLOOMBERG
Anil Kamath,Equity P&L,REF:AEXEO_REFERENCE
Anil Kamath,Equity P&L,REF:AEXEO IR SOURCE
Anil Kamath,Equity P&L,REF:AEXEO IR INDEX
Anil Kamath,DIRK1_VOL_PRINT,REF:BLOOMBERG
Anne Mikulovic,FX Option View New,REF:UBSREF
Anne Mikulovic,FX Option View New,REF:TW_CUSIP
Anne Mikulovic,FX Option View New,REF:TTREF
Anne Mikulovic,FX Option View New,REF:SECURITYDES
Anne Mikulovic,FX Option View New,REF:SOPHISREF
Anne Mikulovic,FX Option View New,REF:RIC
Anne Mikulovic,FX Option View New,REF:RED
Anne Mikulovic,FX Option View New,REF:MYCREDITSUISSE
Anne Mikulovic,FX Option View New,REF:MTG_ORIG_AMT
Anne Mikulovic,FX Option View New,REF:MARKIT
Anne Mikulovic,FX Option View New,REF:ISSUER
Anne Mikulovic,FX Option View New,REF:IM
Anne Mikulovic,FX Option View New,REF:EXTERNREF
Anne Mikulovic,FX Option View New,REF:CREDITSUISSE
Anne Mikulovic,FX Option View New,REF:BLOOMBERG
Anne Mikulovic,FX Option View New,REF:AEXEO_REFERENCE
Anne Mikulovic,FX Option View New,REF:AEXEO IR SOURCE
Anne Mikulovic,FX Option View New,REF:AEXEO IR INDEX
Anne Mikulovic,Delta Quantity,REF:MARKIT
Benjamin Clerget,LongShort,REF:BLOOMBERG
Benjamin Clerget,AllEquities,REF:BLOOMBERG
Benjamin Clerget,SumEquities,REF:BLOOMBERG
Benjamin Clerget,DH_CB,REF:BLOOMBERG
Benoit Le Pape,LongShort,REF:BLOOMBERG
Benoit Meulot,LongShort,REF:BLOOMBERG
Benoit Meulot,AllEquities,REF:BLOOMBERG
Benoit Meulot,SumEquities,REF:BLOOMBERG
Benoit Meulot,DH_CB,REF:BLOOMBERG
Bianca Massari,Configuration,REF:BLOOMBERG
Bruno Abe,PNL,REF:BLOOMBERG
Bruno Abe,PNL Citco Tie Out,REF:BLOOMBERG
CITCO_GEM_POSFILE,CITCO_POSITION2,REF:CUSIP
CITCO_GEM_POSFILE,CITCO_POSITION2,REF:SEDOL
CITCO_GEM_POSFILE,CITCO_POSITION2,REF:ISIN
Christian Thum,LongShort,REF:BLOOMBERG
Christian Thum,DIRK1_TEST,REF:BLOOMBERG
Christian Thum,DIRK1_POSITIONS-Info,REF:BLOOMBERG
Christian Thum,CT,REF:BLOOMBERG
Citco_RO,Configuration,REF:UBSREF
Citco_RO,Configuration,REF:TW_CUSIP
Citco_RO,Configuration,REF:TTREF
Citco_RO,Configuration,REF:SOPHISREF
Citco_RO,Configuration,REF:SECURITYDES
Citco_RO,Configuration,REF:RIC
Citco_RO,Configuration,REF:RED_ID
Citco_RO,Configuration,REF:RED
Citco_RO,Configuration,REF:MYCREDITSUISSE
Citco_RO,Configuration,REF:MTG_ORIG_AMT
Citco_RO,Configuration,REF:MARKIT
Citco_RO,Configuration,REF:LOANXID
Citco_RO,Configuration,REF:ISSUER
Citco_RO,Configuration,REF:IM
Citco_RO,Configuration,REF:ID_BB_CPNY
Citco_RO,Configuration,REF:ID_BB
Citco_RO,Configuration,REF:EXTERNREF
Citco_RO,Configuration,REF:EXCHANGEPRODUCTCODE
Citco_RO,Configuration,REF:CREDITSUISSE
Citco_RO,Configuration,REF:CNTRY_OF_RISK
Citco_RO,Configuration,REF:BLOOMBERG
Citco_RO,Configuration,REF:AEXEO_REFERENCE
Citco_RO,Configuration,REF:AEXEO IR SOURCE
Citco_RO,Configuration,REF:AEXEO IR INDEX
Commodities,FuturesLimitsView,REF:EXCHANGEPRODUCTCODE
Commodities,FuturesLimitsView,REF:UBSREF
Commodities,FuturesLimitsView,REF:CREDITSUISSE
Craig McCormack,Configuration,REF:MARKIT
Craig McCormack,FX Option View New,REF:UBSREF
Craig McCormack,FX Option View New,REF:TW_CUSIP
Craig McCormack,FX Option View New,REF:TTREF
Craig McCormack,FX Option View New,REF:SECURITYDES
Craig McCormack,FX Option View New,REF:SOPHISREF
Craig McCormack,FX Option View New,REF:RIC
Craig McCormack,FX Option View New,REF:RED
Craig McCormack,FX Option View New,REF:MYCREDITSUISSE
Craig McCormack,FX Option View New,REF:MTG_ORIG_AMT
Craig McCormack,FX Option View New,REF:MARKIT
Craig McCormack,FX Option View New,REF:ISSUER
Craig McCormack,FX Option View New,REF:IM
Craig McCormack,FX Option View New,REF:EXTERNREF
Craig McCormack,FX Option View New,REF:CREDITSUISSE
Craig McCormack,FX Option View New,REF:BLOOMBERG
Craig McCormack,FX Option View New,REF:AEXEO_REFERENCE
Craig McCormack,FX Option View New,REF:AEXEO IR SOURCE
Craig McCormack,FX Option View New,REF:AEXEO IR INDEX
Craig McCormack,Delta Quantity,REF:MARKIT
CrossAssetReporting,CrossAssetTermLoanAccrualsv2,REF:LOANXID
Dani Farber,DIRK1_POSITIONS-Info,REF:BLOOMBERG
Daniel Dupont,DIRK1_POSITIONS-Info,REF:BLOOMBERG
Daniel Horsley,LongShort,REF:BLOOMBERG
Daniel Woodbridge,LongShort,REF:BLOOMBERG
Daniel Woodbridge,DW_LongShort,REF:BLOOMBERG
Daniel Woodbridge,DIRK1_TEST,REF:BLOOMBERG
Daniel Woodbridge,DIRK1_POSITIONS-Info,REF:BLOOMBERG
Davi Xavier,Hair Cut,REF:MTG_ORIG_AMT
David Herzberg,DH,REF:BLOOMBERG
David Herzberg,AllEquities,REF:BLOOMBERG
David Herzberg,SumEquities,REF:BLOOMBERG
David Watters,Loans,REF:LOANXID
David Watters,Configuration,REF:LOANXID
Dirk Heim,Equity P&L,REF:UBSREF
Dirk Heim,Equity P&L,REF:TW_CUSIP
Dirk Heim,Equity P&L,REF:TTREF
Dirk Heim,Equity P&L,REF:SECURITYDES
Dirk Heim,Equity P&L,REF:SOPHISREF
Dirk Heim,Equity P&L,REF:RIC
Dirk Heim,Equity P&L,REF:RED
Dirk Heim,Equity P&L,REF:MYCREDITSUISSE
Dirk Heim,Equity P&L,REF:MARKIT
Dirk Heim,Equity P&L,REF:ISSUER
Dirk Heim,Equity P&L,REF:IM
Dirk Heim,Equity P&L,REF:CREDITSUISSE
Dirk Heim,Equity P&L,REF:BLOOMBERG
Dirk Heim,Equity P&L,REF:AEXEO_REFERENCE
Dirk Heim,Equity P&L,REF:AEXEO IR SOURCE
Dirk Heim,Equity P&L,REF:AEXEO IR INDEX
Dirk Heim,DIRK1_POSITIONS-Info,REF:BLOOMBERG
Dirk Test,Equity P&L,REF:UBSREF
Dirk Test,Equity P&L,REF:TW_CUSIP
Dirk Test,Equity P&L,REF:TTREF
Dirk Test,Equity P&L,REF:SECURITYDES
Dirk Test,Equity P&L,REF:SOPHISREF
Dirk Test,Equity P&L,REF:RIC
Dirk Test,Equity P&L,REF:RED
Dirk Test,Equity P&L,REF:MYCREDITSUISSE
Dirk Test,Equity P&L,REF:MARKIT
Dirk Test,Equity P&L,REF:ISSUER
Dirk Test,Equity P&L,REF:IM
Dirk Test,Equity P&L,REF:CREDITSUISSE
Dirk Test,Equity P&L,REF:BLOOMBERG
Dirk Test,Equity P&L,REF:AEXEO_REFERENCE
Dirk Test,Equity P&L,REF:AEXEO IR SOURCE
Dirk Test,Equity P&L,REF:AEXEO IR INDEX
Dirk Test,DIRK1_POSITIONS-Info,REF:BLOOMBERG
Domingos Dafonte2,Rapptr view,REF:BLOOMBERG
Domingos Dafonte2,Rapptr view,REF:ISSUER
Domingos Dafonte2,Rapptr view,REF:RED
Domingos Dafonte2,Rapptr view,REF:SOPHISREF
EQ_EXTRACTION,EQ_Syst_Top_Exposure,REF:BLOOMBERG
EQ_EXTRACTION,AllEquities,REF:BLOOMBERG
EQ_EXTRACTION_ARF2,AllEquities,REF:BLOOMBERG
EQ_EXTRACTION_ASIA,EQ_Syst_Top_Exposure,REF:BLOOMBERG
EQ_EXTRACTION_ASIA,AllEquities,REF:BLOOMBERG
EQ_EXTRACTION_GEMM,AllEquities,REF:BLOOMBERG
EQ_EXTRACTION_GEO,AllEquities,REF:BLOOMBERG
EQ_EXTRACTION_QSF,AllEquities,REF:BLOOMBERG
Emiliano Leggieri,DIRK1_POSITIONS-Info,REF:BLOOMBERG
Eric Ogden,Equity P&L,REF:UBSREF
Eric Ogden,Equity P&L,REF:TW_CUSIP
Eric Ogden,Equity P&L,REF:TTREF
Eric Ogden,Equity P&L,REF:SECURITYDES
Eric Ogden,Equity P&L,REF:SOPHISREF
Eric Ogden,Equity P&L,REF:RIC
Eric Ogden,Equity P&L,REF:RED
Eric Ogden,Equity P&L,REF:MYCREDITSUISSE
Eric Ogden,Equity P&L,REF:MARKIT
Eric Ogden,Equity P&L,REF:ISSUER
Eric Ogden,Equity P&L,REF:IM
Eric Ogden,Equity P&L,REF:CREDITSUISSE
Eric Ogden,Equity P&L,REF:BLOOMBERG
Eric Ogden,Equity P&L,REF:AEXEO_REFERENCE
Eric Ogden,Equity P&L,REF:AEXEO IR SOURCE
Eric Ogden,Equity P&L,REF:AEXEO IR INDEX
Florent Bersani,FB_VS2,REF:SOPHISREF
Florent Bersani,DIRK1_POSITIONS-Info,REF:BLOOMBERG
Florent Bersani,Equity P&L,REF:UBSREF
Florent Bersani,Equity P&L,REF:TW_CUSIP
Florent Bersani,Equity P&L,REF:TTREF
Florent Bersani,Equity P&L,REF:SECURITYDES
Florent Bersani,Equity P&L,REF:SOPHISREF
Florent Bersani,Equity P&L,REF:RIC
Florent Bersani,Equity P&L,REF:RED
Florent Bersani,Equity P&L,REF:MYCREDITSUISSE
Florent Bersani,Equity P&L,REF:MARKIT
Florent Bersani,Equity P&L,REF:ISSUER
Florent Bersani,Equity P&L,REF:IM
Florent Bersani,Equity P&L,REF:CREDITSUISSE
Florent Bersani,Equity P&L,REF:BLOOMBERG
Florent Bersani,Equity P&L,REF:AEXEO_REFERENCE
Florent Bersani,Equity P&L,REF:AEXEO IR SOURCE
Florent Bersani,Equity P&L,REF:AEXEO IR INDEX
Florent Bersani,SumEquities,REF:BLOOMBERG
Florent Bersani,LongShort,REF:BLOOMBERG
Florent Bersani,AllEquities,REF:BLOOMBERG
Florent Bersani,DH_CB,REF:BLOOMBERG
Frederico Bandeira,EQ GDM - Test Balance,REF:BLOOMBERG
Frederico Bandeira,EQ GDM - Position,REF:BLOOMBERG
Frederico Bandeira,US CREDIT,REF:BLOOMBERG
Gabriel Lobo,PNL View,REF:BLOOMBERG
Gautier Oudine,AllEquities,REF:BLOOMBERG
Gautier Oudine,VolatilityReport,REF:BLOOMBERG
Gautier Oudine,DIRK1_POSITIONS-Info,REF:BLOOMBERG
Gautier Oudine,Equity P&L,REF:UBSREF
Gautier Oudine,Equity P&L,REF:TW_CUSIP
Gautier Oudine,Equity P&L,REF:TTREF
Gautier Oudine,Equity P&L,REF:SECURITYDES
Gautier Oudine,Equity P&L,REF:SOPHISREF
Gautier Oudine,Equity P&L,REF:RIC
Gautier Oudine,Equity P&L,REF:RED
Gautier Oudine,Equity P&L,REF:MYCREDITSUISSE
Gautier Oudine,Equity P&L,REF:MARKIT
Gautier Oudine,Equity P&L,REF:ISSUER
Gautier Oudine,Equity P&L,REF:IM
Gautier Oudine,Equity P&L,REF:CREDITSUISSE
Gautier Oudine,Equity P&L,REF:BLOOMBERG
Gautier Oudine,Equity P&L,REF:AEXEO_REFERENCE
Gautier Oudine,Equity P&L,REF:AEXEO IR SOURCE
Gautier Oudine,Equity P&L,REF:AEXEO IR INDEX
Gautier Oudine,DIRK1_VOL_PRINT,REF:BLOOMBERG
Gustavo Binnie,Neovest_View,REF:BLOOMBERG
Gustavo Binnie,Neovest_View,REF:RIC
Gustavo Binnie,Neovest_View,REF:EXCHANGEPRODUCTCODE
Gustavo Binnie,CrossAssetTermLoanAccruals,REF:LOANXID
Gustavo Binnie,Jonathan Lagarde,REF:EXCHANGEPRODUCTCODE
Gustavo Binnie,Jonathan Lagarde,REF:UBSREF
Gustavo Binnie,Jonathan Lagarde,REF:CREDITSUISSE
Gustavo Binnie,EQ_Syst_Top_Exposure,REF:BLOOMBERG
Gustavo Binnie,YTD_MTD_Strategy,REF:LOANXID
Gustavo Binnie,CrossAssetTermLoanAccrualsv2,REF:LOANXID
Gustavo Binnie,FuturesLimitsView,REF:EXCHANGEPRODUCTCODE
Gustavo Binnie,FuturesLimitsView,REF:UBSREF
Gustavo Binnie,FuturesLimitsView,REF:CREDITSUISSE
Han Tian,Liquidity View,REF:ISSUER
ISUSER,Result,REF:BLOOMBERG
ISUSER,Rapptr view,REF:BLOOMBERG
ISUSER,Rapptr view,REF:ISSUER
ISUSER,Rapptr view,REF:RED
ISUSER,Rapptr view,REF:SOPHISREF
Jameela Noor,DIRK1_POSITIONS-Info,REF:BLOOMBERG
Jameela Noor,Equity P&L,REF:UBSREF
Jameela Noor,Equity P&L,REF:TW_CUSIP
Jameela Noor,Equity P&L,REF:TTREF
Jameela Noor,Equity P&L,REF:SECURITYDES
Jameela Noor,Equity P&L,REF:SOPHISREF
Jameela Noor,Equity P&L,REF:RIC
Jameela Noor,Equity P&L,REF:RED
Jameela Noor,Equity P&L,REF:MYCREDITSUISSE
Jameela Noor,Equity P&L,REF:MARKIT
Jameela Noor,Equity P&L,REF:ISSUER
Jameela Noor,Equity P&L,REF:IM
Jameela Noor,Equity P&L,REF:CREDITSUISSE
Jameela Noor,Equity P&L,REF:BLOOMBERG
Jameela Noor,Equity P&L,REF:AEXEO_REFERENCE
Jameela Noor,Equity P&L,REF:AEXEO IR SOURCE
Jameela Noor,Equity P&L,REF:AEXEO IR INDEX
James Nieke,Configuration,REF:MTG_ORIG_AMT
Kory Zverin,Result (P&L),REF:BLOOMBERG
Lee Holden,Result (P&L),REF:BLOOMBERG
Leonardo Oliveira,SumEquities,REF:BLOOMBERG
Leonardo Oliveira,DH_CB,REF:BLOOMBERG
Leonardo Oliveira,AllEquities,REF:BLOOMBERG
Lucas Otsuka,PNL Citco Tie Out,REF:BLOOMBERG
Luis Iniesta,Dave,REF:BLOOMBERG
MANAGER,Result,REF:BLOOMBERG
MANAGER,Rapptr view,REF:BLOOMBERG
MANAGER,Rapptr view,REF:ISSUER
MANAGER,Rapptr view,REF:RED
MANAGER,Rapptr view,REF:SOPHISREF
Matteo De Paulis,DIRK1_POSITIONS-Info,REF:BLOOMBERG
Michael Grant,CMBS_Risk,REF:MARKIT
Mike Bancroft,LongShort,REF:BLOOMBERG
Natalie Siegel,Liquidity View,REF:ISSUER
Oliver South,Equity P&L,REF:UBSREF
Oliver South,Equity P&L,REF:TW_CUSIP
Oliver South,Equity P&L,REF:TTREF
Oliver South,Equity P&L,REF:SECURITYDES
Oliver South,Equity P&L,REF:SOPHISREF
Oliver South,Equity P&L,REF:RIC
Oliver South,Equity P&L,REF:RED
Oliver South,Equity P&L,REF:MYCREDITSUISSE
Oliver South,Equity P&L,REF:MARKIT
Oliver South,Equity P&L,REF:ISSUER
Oliver South,Equity P&L,REF:IM
Oliver South,Equity P&L,REF:CREDITSUISSE
Oliver South,Equity P&L,REF:BLOOMBERG
Oliver South,Equity P&L,REF:AEXEO_REFERENCE
Oliver South,Equity P&L,REF:AEXEO IR SOURCE
Oliver South,Equity P&L,REF:AEXEO IR INDEX
Olivier Chermette,LongShort,REF:BLOOMBERG
Patricia Rego,Configuration,REF:UBSREF
Patricia Rego,Configuration,REF:TW_CUSIP
Patricia Rego,Configuration,REF:TTREF
Patricia Rego,Configuration,REF:SOPHISREF
Patricia Rego,Configuration,REF:SECURITYDES
Patricia Rego,Configuration,REF:RIC
Patricia Rego,Configuration,REF:RED
Patricia Rego,Configuration,REF:MYCREDITSUISSE
Patricia Rego,Configuration,REF:MTG_ORIG_AMT
Patricia Rego,Configuration,REF:MARKIT
Patricia Rego,Configuration,REF:ISSUER
Patricia Rego,Configuration,REF:IM
Patricia Rego,Configuration,REF:EXTERNREF
Patricia Rego,Configuration,REF:CREDITSUISSE
Patricia Rego,Configuration,REF:BLOOMBERG
Patricia Rego,Configuration,REF:AEXEO_REFERENCE
Patricia Rego,Configuration,REF:AEXEO IR SOURCE
Patricia Rego,Configuration,REF:AEXEO IR INDEX
Patricia Rego,Patricia,REF:EXTERNREF
Philippe Mathieu,DIRK1_POSITIONS-Info,REF:BLOOMBERG
Pietro Pompili,cds,REF:MARKIT
Pietro Pompili,cds,REF:SOPHISREF
Pietro Pompili,CDS,REF:MARKIT
Pietro Pompili,CDS,REF:SOPHISREF
RISK_SERVICE_REPORTING,RiskServiceProfitLoss,REF:RIC
RISK_SERVICE_REPORTING,RiskServiceProfitLoss,REF:BLOOMBERG
RISK_SERVICE_REPORTING,RiskServicePosition,REF:RIC
RISK_SERVICE_REPORTING,RiskServicePosition,REF:BLOOMBERG
RISK_SERVICE_REPORTING_ALL,RiskServicePosition,REF:RIC
RISK_SERVICE_REPORTING_ALL,RiskServicePosition,REF:BLOOMBERG
RISK_SERVICE_REPORTING_ALL,RiskServiceProfitLoss,REF:RIC
RISK_SERVICE_REPORTING_ALL,RiskServiceProfitLoss,REF:BLOOMBERG
RISK_SERVICE_REPORTING_ALL,Configuration,REF:RIC
RISK_SERVICE_REPORTING_ALL,Configuration,REF:BLOOMBERG
RISK_SERVICE_REPORTING_ARF,RiskServicePosition,REF:RIC
RISK_SERVICE_REPORTING_ARF,RiskServicePosition,REF:BLOOMBERG
RISK_SERVICE_REPORTING_ARF,RiskServiceProfitLoss,REF:RIC
RISK_SERVICE_REPORTING_ARF,RiskServiceProfitLoss,REF:BLOOMBERG
RISK_SERVICE_REPORTING_ARF2,RiskServicePosition,REF:RIC
RISK_SERVICE_REPORTING_ARF2,RiskServicePosition,REF:BLOOMBERG
RISK_SERVICE_REPORTING_ARF2,RiskServiceProfitLoss,REF:RIC
RISK_SERVICE_REPORTING_ARF2,RiskServiceProfitLoss,REF:BLOOMBERG
RISK_SERVICE_REPORTING_FOCUS,RiskServicePosition,REF:RIC
RISK_SERVICE_REPORTING_FOCUS,RiskServicePosition,REF:BLOOMBERG
RISK_SERVICE_REPORTING_FOCUS,RiskServiceProfitLoss,REF:RIC
RISK_SERVICE_REPORTING_FOCUS,RiskServiceProfitLoss,REF:BLOOMBERG
RISK_SERVICE_REPORTING_GEMM,RiskServiceProfitLoss,REF:RIC
RISK_SERVICE_REPORTING_GEMM,RiskServiceProfitLoss,REF:BLOOMBERG
RISK_SERVICE_REPORTING_GEMM,RiskServicePosition,REF:RIC
RISK_SERVICE_REPORTING_GEMM,RiskServicePosition,REF:BLOOMBERG
RISK_SERVICE_REPORTING_GEO,RiskServicePosition,REF:RIC
RISK_SERVICE_REPORTING_GEO,RiskServicePosition,REF:BLOOMBERG
RISK_SERVICE_REPORTING_GEO,RiskServiceProfitLoss,REF:RIC
RISK_SERVICE_REPORTING_GEO,RiskServiceProfitLoss,REF:BLOOMBERG
RISK_SERVICE_REPORTING_GLOBAL,RiskServicePosition,REF:RIC
RISK_SERVICE_REPORTING_GLOBAL,RiskServicePosition,REF:BLOOMBERG
RISK_SERVICE_REPORTING_GLOBAL,RiskServiceProfitLoss,REF:RIC
RISK_SERVICE_REPORTING_GLOBAL,RiskServiceProfitLoss,REF:BLOOMBERG
RISK_SERVICE_REPORTING_QSF,RiskServicePosition,REF:RIC
RISK_SERVICE_REPORTING_QSF,RiskServicePosition,REF:BLOOMBERG
RISK_SERVICE_REPORTING_QSF,RiskServiceProfitLoss,REF:RIC
RISK_SERVICE_REPORTING_QSF,RiskServiceProfitLoss,REF:BLOOMBERG
RISK_SERVICE_REPORTING_SPECIAL,RiskServicePosition,REF:RIC
RISK_SERVICE_REPORTING_SPECIAL,RiskServicePosition,REF:BLOOMBERG
RISK_SERVICE_REPORTING_SPECIAL,RiskServiceProfitLoss,REF:RIC
RISK_SERVICE_REPORTING_SPECIAL,RiskServiceProfitLoss,REF:BLOOMBERG
RMS,Result,REF:BLOOMBERG
RMS,Rapptr view,REF:BLOOMBERG
RMS,Rapptr view,REF:ISSUER
RMS,Rapptr view,REF:RED
RMS,Rapptr view,REF:SOPHISREF
Rafael Rocha,PNL,REF:BLOOMBERG
Rafael Rocha,Precos ME,REF:BLOOMBERG
Rafael Rocha,COIRS,REF:AEXEO IR INDEX
Rafael Rocha,PNL Citco Tie Out,REF:BLOOMBERG
Risk_GEMM_Us_Mortgages_Ldn,Configuration,REF:UBSREF
Risk_GEMM_Us_Mortgages_Ldn,Configuration,REF:TW_CUSIP
Risk_GEMM_Us_Mortgages_Ldn,Configuration,REF:TTREF
Risk_GEMM_Us_Mortgages_Ldn,Configuration,REF:SOPHISREF
Risk_GEMM_Us_Mortgages_Ldn,Configuration,REF:SECURITYDES
Risk_GEMM_Us_Mortgages_Ldn,Configuration,REF:RIC
Risk_GEMM_Us_Mortgages_Ldn,Configuration,REF:RED
Risk_GEMM_Us_Mortgages_Ldn,Configuration,REF:MYCREDITSUISSE
Risk_GEMM_Us_Mortgages_Ldn,Configuration,REF:MTG_ORIG_AMT
Risk_GEMM_Us_Mortgages_Ldn,Configuration,REF:MARKIT
Risk_GEMM_Us_Mortgages_Ldn,Configuration,REF:ISSUER
Risk_GEMM_Us_Mortgages_Ldn,Configuration,REF:IM
Risk_GEMM_Us_Mortgages_Ldn,Configuration,REF:EXTERNREF
Risk_GEMM_Us_Mortgages_Ldn,Configuration,REF:CREDITSUISSE
Risk_GEMM_Us_Mortgages_Ldn,Configuration,REF:BLOOMBERG
Risk_GEMM_Us_Mortgages_Ldn,Configuration,REF:AEXEO_REFERENCE
Risk_GEMM_Us_Mortgages_Ldn,Configuration,REF:AEXEO IR SOURCE
Risk_GEMM_Us_Mortgages_Ldn,Configuration,REF:AEXEO IR INDEX
Robert Gagliardi,Equity P&L,REF:UBSREF
Robert Gagliardi,Equity P&L,REF:TW_CUSIP
Robert Gagliardi,Equity P&L,REF:TTREF
Robert Gagliardi,Equity P&L,REF:SECURITYDES
Robert Gagliardi,Equity P&L,REF:SOPHISREF
Robert Gagliardi,Equity P&L,REF:RIC
Robert Gagliardi,Equity P&L,REF:RED
Robert Gagliardi,Equity P&L,REF:MYCREDITSUISSE
Robert Gagliardi,Equity P&L,REF:MARKIT
Robert Gagliardi,Equity P&L,REF:ISSUER
Robert Gagliardi,Equity P&L,REF:IM
Robert Gagliardi,Equity P&L,REF:CREDITSUISSE
Robert Gagliardi,Equity P&L,REF:BLOOMBERG
Robert Gagliardi,Equity P&L,REF:AEXEO_REFERENCE
Robert Gagliardi,Equity P&L,REF:AEXEO IR SOURCE
Robert Gagliardi,Equity P&L,REF:AEXEO IR INDEX
Robert Gagliardi,DIRK1_POSITIONS-Info,REF:BLOOMBERG
Robert Gagliardi,Configuration,REF:SOPHISREF
Sam Clark,Rho Chart,REF:BLOOMBERG
Sam Clark,Rho Chart,REF:EXTERNREF
Sam Clark,Rho Chart,REF:UBSREF
Sam Clark,Rho Chart,REF:TW_CUSIP
Sam Clark,Rho Chart,REF:TTREF
Sam Clark,Rho Chart,REF:TB_REF
Sam Clark,Rho Chart,REF:SECURITYDES
Sam Clark,Rho Chart,REF:SOPHISREF
Sam Clark,Rho Chart,REF:RIC
Sam Clark,Rho Chart,REF:RED_ID
Sam Clark,Rho Chart,REF:RED
Sam Clark,Rho Chart,REF:MYCREDITSUISSE
Sam Clark,Rho Chart,REF:MTG_ORIG_AMT
Sam Clark,Rho Chart,REF:MARKIT
Sam Clark,Rho Chart,REF:LOANXID
Sam Clark,Rho Chart,REF:ISSUER
Sam Clark,Rho Chart,REF:IM
Sam Clark,Rho Chart,REF:ID_BB_CPNY
Sam Clark,Rho Chart,REF:ID_BB
Sam Clark,Rho Chart,REF:EXCHANGEPRODUCTCODE
Sam Clark,Rho Chart,REF:CREDITSUISSE
Sam Clark,Rho Chart,REF:CNTRY_OF_RISK
Sam Clark,Rho Chart,REF:AEXEO_REFERENCE
Sam Clark,Rho Chart,REF:AEXEO IR SOURCE
Sam Clark,Rho Chart,REF:AEXEO IR INDEX
Sam Clark,RiskServiceProfitLoss,REF:RIC
Sam Clark,RiskServiceProfitLoss,REF:BLOOMBERG
Sam Clark,RiskServicePosition,REF:RIC
Sam Clark,RiskServicePosition,REF:BLOOMBERG
Swati Mewara,Configuration,REF:BLOOMBERG
Tatiana Prates,AllEquities,REF:BLOOMBERG
Tatiana Prates,Bloomberg Corp Events,REF:BLOOMBERG
Tatiana Prates,DIRK1_TEST,REF:BLOOMBERG
Tatiana Prates,LongShort,REF:BLOOMBERG
