<?xml version="1.0" encoding="UTF-8" standalone="no" ?>
<reporting:root xmlns:reporting="http://www.sophis.net/reporting">

  <reporting:default0 reporting:type="Portfolio">
    <reporting:header>
      <reporting:resultOn>2018-03-25</reporting:resultOn>
      <reporting:operator>CashBalance</reporting:operator>
      <reporting:currency>USD</reporting:currency>
      <reporting:Hierarchy>FX_EXPOSURE_ARF_hz</reporting:Hierarchy>
      <reporting:configuration>
        <reporting:extraction>
          <reporting:criteria reporting:level="0" reporting:name="Strategy portfolio flat"/>
        </reporting:extraction>
        <reporting:columns>
          <reporting:column reporting:group="instrument" reporting:name="Ident" reporting:tag="ident" reporting:type="int"/>
          <reporting:column reporting:group="result" reporting:name="Entity" reporting:tag="entity" reporting:type="string"/>
          <reporting:column reporting:group="instrument" reporting:name="Instrument code" reporting:tag="instrumentCode" reporting:type="int"/>
          <reporting:column reporting:group="instrument" reporting:name="Instrument type" reporting:tag="instrumentType" reporting:type="string"/>
          <reporting:column reporting:group="instrument" reporting:name="Allotment" reporting:tag="allotment" reporting:type="string"/>
          <reporting:column reporting:group="a" reporting:name="FX Exposure (use in udl view)" reporting:tag="fxExposureUseInUdlView" reporting:type="double"/>
          <reporting:column reporting:group="result" reporting:name="Currency" reporting:tag="currency" reporting:type="string"/>
          <reporting:column reporting:group="" reporting:name="5% FX exposure USD (underlying view)" reporting:tag="FxExposureUsdUnderlyingView" reporting:type="string"/>
          <reporting:column reporting:group="btgPactual" reporting:name="BTG Top Level Strategy" reporting:tag="btgTopLevelStrategy" reporting:type="string"/>
        </reporting:columns>
      </reporting:configuration>
      <reporting:realized>0.000000000000</reporting:realized>
      <reporting:unrealized>35106.622736965903</reporting:unrealized>
      <reporting:income>0.000000000000</reporting:income>
      <reporting:treasury>0.000000000000</reporting:treasury>
      <reporting:financing>0.000000000000</reporting:financing>
      <reporting:result>35097.122736965903</reporting:result>
      <reporting:underlying>1USD</reporting:underlying>
      <reporting:last>1.000000000000</reporting:last>
      <reporting:delta>-2644273.820724175800</reporting:delta>
      <reporting:gamma>959458.184816852680</reporting:gamma>
      <reporting:vega>0.000000000000</reporting:vega>
      <reporting:theta>0.000000000000</reporting:theta>
      <reporting:rho>0.000000000000</reporting:rho>
      <reporting:epsilon>0.000000000000</reporting:epsilon>
      <reporting:riskCurrency/>
      <reporting:portfolioCurrency>
        <reporting:currencyColor reporting:name="USD" reporting:rgbcolor="0,32768,0"/>
      </reporting:portfolioCurrency>
    </reporting:header>
    <reporting:window reporting:Id="1" reporting:level="0" reporting:name="FX_EXPOSURE_ARF_hz" reporting:parentId="-1">
      <reporting:underlying reporting:Id="55923524" reporting:level="1" reporting:name="US DOLLAR">
        <reporting:instrumentCode>55923524</reporting:instrumentCode>
        <reporting:instrumentType>Currencies</reporting:instrumentType>
        <reporting:fxExposureUseInUdlView>0.000000003333</reporting:fxExposureUseInUdlView>
        <reporting:currency>USD</reporting:currency>
        <reporting:fxExposureUsdUnderlyingView>0.000000000167</reporting:fxExposureUsdUnderlyingView>
        <reporting:line reporting:Id="70812992" reporting:level="2" reporting:name="VarSwpOutPerf SPX@16(223) 2op MS 618" reporting:parentId="1" reporting:positionType="0">
          <reporting:entity>ARF MASTER Fund</reporting:entity>
          <reporting:instrumentCode>70812992</reporting:instrumentCode>
          <reporting:instrumentType>Total Return Swaps</reporting:instrumentType>
          <reporting:allotment>Variance Swap - Conditional Outperf</reporting:allotment>
          <reporting:fxExposureUseInUdlView>0.000000003333</reporting:fxExposureUseInUdlView>
          <reporting:currency>USD</reporting:currency>
          <reporting:fxExposureUsdUnderlyingView>0.000000000167</reporting:fxExposureUsdUnderlyingView>
          <reporting:btgTopLevelStrategy>EQ Quant</reporting:btgTopLevelStrategy>
        </reporting:line>
      </reporting:underlying>
      <reporting:underlying reporting:Id="67603242" reporting:level="1" reporting:name="S&amp;P 500 INDEX">
        <reporting:instrumentCode>67603242</reporting:instrumentCode>
        <reporting:instrumentType>Indexes and Baskets</reporting:instrumentType>
        <reporting:allotment>Indexes</reporting:allotment>
        <reporting:currency>USD</reporting:currency>
        <reporting:line reporting:Id="70812992" reporting:level="2" reporting:name="VarSwpOutPerf SPX@16(223) 2op MS 618" reporting:parentId="1" reporting:positionType="0">
          <reporting:entity>ARF MASTER Fund</reporting:entity>
          <reporting:instrumentCode>70812992</reporting:instrumentCode>
          <reporting:instrumentType>Total Return Swaps</reporting:instrumentType>
          <reporting:allotment>Variance Swap - Conditional Outperf</reporting:allotment>
          <reporting:fxExposureUseInUdlView>-1021.641496880355</reporting:fxExposureUseInUdlView>
          <reporting:currency>USD</reporting:currency>
          <reporting:fxExposureUsdUnderlyingView>-51.082074844018</reporting:fxExposureUsdUnderlyingView>
          <reporting:btgTopLevelStrategy>EQ Quant</reporting:btgTopLevelStrategy>
        </reporting:line>
      </reporting:underlying>
      <reporting:folio reporting:Id="2" reporting:criteria="0" reporting:level="1" reporting:name="EQ Quant" reporting:parentId="1">
        <reporting:ident>2</reporting:ident>
        <reporting:entity>Unknown = -8767</reporting:entity>
        <reporting:instrumentCode>67601761</reporting:instrumentCode>
        <reporting:instrumentType>Shares</reporting:instrumentType>
        <reporting:currency>USD</reporting:currency>
        <reporting:underlying reporting:Id="55923524" reporting:level="2" reporting:name="US DOLLAR">
          <reporting:instrumentCode>55923524</reporting:instrumentCode>
          <reporting:instrumentType>Currencies</reporting:instrumentType>
          <reporting:fxExposureUseInUdlView>0.000000003333</reporting:fxExposureUseInUdlView>
          <reporting:currency>USD</reporting:currency>
          <reporting:fxExposureUsdUnderlyingView>0.000000000167</reporting:fxExposureUsdUnderlyingView>
          <reporting:line reporting:Id="70812992" reporting:level="3" reporting:name="VarSwpOutPerf SPX@16(223) 2op MS 618" reporting:parentId="2" reporting:positionType="0">
            <reporting:entity>ARF MASTER Fund</reporting:entity>
            <reporting:instrumentCode>70812992</reporting:instrumentCode>
            <reporting:instrumentType>Total Return Swaps</reporting:instrumentType>
            <reporting:allotment>Variance Swap - Conditional Outperf</reporting:allotment>
            <reporting:fxExposureUseInUdlView>0.000000003333</reporting:fxExposureUseInUdlView>
            <reporting:currency>USD</reporting:currency>
            <reporting:fxExposureUsdUnderlyingView>0.000000000167</reporting:fxExposureUsdUnderlyingView>
            <reporting:btgTopLevelStrategy>EQ Quant</reporting:btgTopLevelStrategy>
          </reporting:line>
        </reporting:underlying>
        <reporting:underlying reporting:Id="67603242" reporting:level="2" reporting:name="S&amp;P 500 INDEX">
          <reporting:instrumentCode>67603242</reporting:instrumentCode>
          <reporting:instrumentType>Indexes and Baskets</reporting:instrumentType>
          <reporting:allotment>Indexes</reporting:allotment>
          <reporting:currency>USD</reporting:currency>
          <reporting:line reporting:Id="70812992" reporting:level="3" reporting:name="VarSwpOutPerf SPX@16(223) 2op MS 618" reporting:parentId="2" reporting:positionType="0">
            <reporting:entity>ARF MASTER Fund</reporting:entity>
            <reporting:instrumentCode>70812992</reporting:instrumentCode>
            <reporting:instrumentType>Total Return Swaps</reporting:instrumentType>
            <reporting:allotment>Variance Swap - Conditional Outperf</reporting:allotment>
            <reporting:fxExposureUseInUdlView>-1021.641496880355</reporting:fxExposureUseInUdlView>
            <reporting:currency>USD</reporting:currency>
            <reporting:fxExposureUsdUnderlyingView>-51.082074844018</reporting:fxExposureUsdUnderlyingView>
            <reporting:btgTopLevelStrategy>EQ Quant</reporting:btgTopLevelStrategy>
          </reporting:line>
        </reporting:underlying>
      </reporting:folio>
    </reporting:window>
  </reporting:default0>

</reporting:root>
