﻿Fund,Folio,Instrument Type,Allotment,Sicovam,Reference,Notional,Currency,First Trade,Start Date,Maturity,Pay/Rec,Fixed Rate,Floating Rate,Counterparty
ARF MASTER Fund,CLP (SP),Interest Rate Swaps,IRS,70997171,CHIRS CT 10 23jan8 4.25,-1450000000.000000000000,CLP,2018-01-19,2018-01-23,2028-01-23,Payer,4.250000000000,CLP NOMINAL RATE ACC,CITIBANK NA
ARF MASTER Fund,CLP (SP),Cross Currencies Swaps,IRS,71001362,CHUFS GS 10 25jan8 1.47,47500.000000000000,CLF,2018-01-23,2018-01-25,2028-01-25,Receiver,1.470000000000,CLP NOMINAL RATE ACC,GOLDMAN SACHS INTERNATIONAL
ARF MASTER Fund,CLP (SP),Cross Currencies Swaps,Inflation Swaps,71036844,CHUF 04may8 @27040,-250000.000000000000,CLF,2018-05-04,2018-05-08,2018-06-08,Payer,,,BANCO SANTANDER SA
ARF MASTER Fund,CLP (SP),Interest Rate Swaps,IRS,71038422,CHIRS GS 5y 15may8 3.73,-1950000000.000000000000,CLP,2018-05-11,2018-05-15,2023-05-15,Payer,3.730000000000,CLP NOMINAL RATE ACC,GOLDMAN SACHS INTERNATIONAL
ARF MASTER Fund,CLP (SP),Cross Currencies Swaps,IRS,71038423,CHUFS GS 5y 15may 0.94,68500.000000000000,CLF,2018-05-11,2018-05-15,2023-05-15,Receiver,0.940000000000,CLP NOMINAL RATE ACC,GOLDMAN SACHS INTERNATIONAL
ARF MASTER Fund,CLP (SP),Interest Rate Swaps,IRS,71039215,CHIRS ML 5y 17may8 3.78,-1350000000.000000000000,CLP,2018-05-15,2018-05-17,2023-05-17,Payer,3.780000000000,CLP NOMINAL RATE ACC,MERRILL LYNCH INTERNATIONAL
ARF MASTER Fund,CLP (SP),Interest Rate Swaps,IRS,71039216,CHIRS SA 10 17may8 4.29,-750000000.000000000000,CLP,2018-05-15,2018-05-17,2028-05-17,Payer,4.290000000000,CLP NOMINAL RATE ACC,BANCO SANTANDER SA
ARF MASTER Fund,CLP (SP),Cross Currencies Swaps,IRS,71039217,CHUFS ML 5y 17may 0.95,46000.000000000000,CLF,2018-05-15,2018-05-17,2023-05-17,Receiver,0.950000000000,CLP NOMINAL RATE ACC,MERRILL LYNCH INTERNATIONAL
ARF MASTER Fund,CLP (SP),Cross Currencies Swaps,IRS,71039218,CHUFS SA 10 17may 1.45,25000.000000000000,CLF,2018-05-15,2018-05-17,2028-05-17,Receiver,1.450000000000,CLP NOMINAL RATE ACC,BANCO SANTANDER SA
ARF MASTER Fund,CLP (SP),Interest Rate Swaps,IRS,71039992,CHIRS GS 5y 22may8 3.89,-1350000000.000000000000,CLP,2018-05-17,2018-05-22,2023-05-22,Payer,3.890000000000,CLP NOMINAL RATE ACC,GOLDMAN SACHS INTERNATIONAL
ARF MASTER Fund,CLP (SP),Cross Currencies Swaps,IRS,71039993,CHUFS GS 5y 22may 1.04,47500.000000000000,CLF,2018-05-17,2018-05-22,2023-05-22,Receiver,1.040000000000,CLP NOMINAL RATE ACC,GOLDMAN SACHS INTERNATIONAL
ARF MASTER Fund,CLP (SP),Interest Rate Swaps,IRS,71041171,CHIRS CT 5y 24may8 3.92,-1325000000.000000000000,CLP,2018-05-23,2018-05-24,2023-05-24,Payer,3.925000000000,CLP NOMINAL RATE ACC,CITIBANK NA
ARF MASTER Fund,CLP (SP),Cross Currencies Swaps,IRS,71041172,CHUFS CT 5y 24may 1.08,49500.000000000000,CLF,2018-05-23,2018-05-24,2023-05-24,Receiver,1.080000000000,CLP NOMINAL RATE ACC,CITIBANK NA
ARF MASTER Fund,COP (SP),Interest Rate Swaps,IRS,71015030,COIRS CT 2Y 23feb8 4.62,-15000000000.000000000000,COP,2018-02-21,2018-02-23,2020-02-23,Payer,4.625000000000,COOVIBR Index ACC,CITIBANK NA
ARF MASTER Fund,COP (SP),Interest Rate Swaps,IRS,71015031,COIRS CT 5Y 23feb8 5.37,13000000000.000000000000,COP,2018-02-21,2018-02-23,2023-02-23,Receiver,5.370000000000,COOVIBR Index ACC,CITIBANK NA
ARF MASTER Fund,COP (SP),Interest Rate Swaps,IRS,71015032,COIRS CT 10 23feb8 6.17,-3700000000.000000000000,COP,2018-02-21,2018-02-23,2028-02-23,Payer,6.175000000000,COOVIBR Index ACC,CITIBANK NA
ARF MASTER Fund,COP (SP),Interest Rate Swaps,IRS,71015886,COIRS CT 2Y 26feb8 4.62,-15000000000.000000000000,COP,2018-02-22,2018-02-26,2020-02-26,Payer,4.625000000000,COOVIBR Index ACC,CITIBANK NA
ARF MASTER Fund,COP (SP),Interest Rate Swaps,IRS,71015888,COIRS CT 5Y 26feb8 5.37,13000000000.000000000000,COP,2018-02-22,2018-02-26,2023-02-26,Receiver,5.372500000000,COOVIBR Index ACC,CITIBANK NA
ARF MASTER Fund,COP (SP),Interest Rate Swaps,IRS,71015889,COIRS CT 10 26feb8 6.17,-3700000000.000000000000,COP,2018-02-22,2018-02-26,2028-02-26,Payer,6.175000000000,COOVIBR Index ACC,CITIBANK NA
ARF MASTER Fund,COP (SP),Interest Rate Swaps,IRS,71019183,COIRS GS 2Y 09mar8 4.60,-15000000000.000000000000,COP,2018-03-07,2018-03-09,2020-03-09,Payer,4.600000000000,COOVIBR Index ACC,GOLDMAN SACHS INTERNATIONAL
ARF MASTER Fund,COP (SP),Interest Rate Swaps,IRS,71019880,COIRS GS 2Y 13mar8 4.58,-15000000000.000000000000,COP,2018-03-09,2018-03-13,2020-03-13,Payer,4.580000000000,COOVIBR Index ACC,GOLDMAN SACHS INTERNATIONAL
ARF MASTER Fund,COP (SP),Interest Rate Swaps,IRS,71020210,COIRS CT 6m 14mar8 4.16,-57000000000.000000000000,COP,2018-03-12,2018-03-14,2018-09-14,Payer,4.160000000000,COOVIBR Index ACC,CITIBANK NA
ARF MASTER Fund,COP (SP),Interest Rate Swaps,IRS,71023202,COIRS SA 1y 22mar8 4.20,-9000000000.000000000000,COP,2018-03-20,2018-03-22,2019-03-22,Payer,4.208000000000,COOVIBR Index ACC,BANCO SANTANDER SA
ARF MASTER Fund,COP (SP),Interest Rate Swaps,IRS,71023741,COIRS DB 1y 23mar8 4.24,-29000000000.000000000000,COP,2018-03-21,2018-03-23,2019-03-23,Payer,4.240000000000,COOVIBR Index ACC,DEUTSCHE
ARF MASTER Fund,COP (SP),Interest Rate Swaps,IRS,71023742,COIRS SA 1y 23mar8 4.24,-12000000000.000000000000,COP,2018-03-21,2018-03-23,2019-03-23,Payer,4.240000000000,COOVIBR Index ACC,BANCO SANTANDER SA
ARF MASTER Fund,COP (SP),Interest Rate Swaps,IRS,71023744,COIRS CT 3m 23mar8 4.25,-110000000000.000000000000,COP,2018-03-21,2018-03-23,2018-06-23,Payer,4.250000000000,COOVIBR Index ACC,CITIBANK NA
ARF MASTER Fund,COP (SP),Interest Rate Swaps,IRS,71025073,COIRS SA 1y 28mar8 4.22,-15000000000.000000000000,COP,2018-03-26,2018-03-28,2019-03-28,Payer,4.225000000000,COOVIBR Index ACC,BANCO SANTANDER SA
ARF MASTER Fund,COP (SP),Interest Rate Swaps,IRS,71025074,COIRS CT 6m 28mar8 4.20,-58000000000.000000000000,COP,2018-03-26,2018-03-28,2018-09-28,Payer,4.200000000000,COOVIBR Index ACC,CITIBANK NA
ARF MASTER Fund,COP (SP),Interest Rate Swaps,IRS,71025491,COIRS SA 1y 02apr8 4.21,-3000000000.000000000000,COP,2018-03-27,2018-04-02,2019-04-02,Payer,4.215000000000,COOVIBR Index ACC,BANCO SANTANDER SA
ARF MASTER Fund,COP (SP),Interest Rate Swaps,IRS,71026111,COIRS SA 6m 03apr8 4.20,-3000000000.000000000000,COP,2018-03-28,2018-04-03,2018-10-03,Payer,4.200000000000,COOVIBR Index ACC,BANCO SANTANDER SA
ARF MASTER Fund,COP (SP),Interest Rate Swaps,IRS,71027118,COIRS SA 6m 04apr8 4.21,-6000000000.000000000000,COP,2018-04-02,2018-04-04,2018-10-04,Payer,4.210000000000,COOVIBR Index ACC,BANCO SANTANDER SA
ARF MASTER Fund,COP (SP),Interest Rate Swaps,IRS,71027119,COIRS MS 6m 04apr8 4.20,-56000000000.000000000000,COP,2018-04-02,2018-04-04,2018-10-04,Payer,4.200000000000,COOVIBR Index ACC,MORGAN STANLEY & CO INTERNATIONAL PLC
ARF MASTER Fund,COP (SP),Interest Rate Swaps,IRS,71028192,COIRS DB 6m 05apr8 4.19,-55000000000.000000000000,COP,2018-04-03,2018-04-05,2018-10-05,Payer,4.195000000000,COOVIBR Index ACC,DEUTSCHE
ARF MASTER Fund,COP (SP),Interest Rate Swaps,IRS,71028193,COIRS ML 6m 05apr8 4.20,-55800000000.000000000000,COP,2018-04-04,2018-04-06,2018-10-06,Payer,4.200000000000,COOVIBR Index ACC,MERRILL LYNCH INTERNATIONAL
ARF MASTER Fund,COP (SP),Interest Rate Swaps,IRS,71028194,COIRS SA 1y 05apr8 4.22,-4500000000.000000000000,COP,2018-04-04,2018-04-06,2019-04-06,Payer,4.225000000000,COOVIBR Index ACC,BANCO SANTANDER SA
ARF MASTER Fund,COP (SP),Interest Rate Swaps,IRS,71028819,COIRS CT 6m 09apr8 4.18,-28000000000.000000000000,COP,2018-04-05,2018-04-09,2018-10-09,Payer,4.182500000000,COOVIBR Index ACC,CITIBANK NA
ARF MASTER Fund,COP (SP),Interest Rate Swaps,IRS,71028820,COIRS SA 9m 09apr8 4.19,-18000000000.000000000000,COP,2018-04-05,2018-04-09,2019-01-09,Payer,4.195000000000,COOVIBR Index ACC,BANCO SANTANDER SA
ARF MASTER Fund,COP (SP),Interest Rate Swaps,IRS,71030128,COIRS CT 6m 12apr8 4.10,-14000000000.000000000000,COP,2018-04-10,2018-04-12,2018-10-12,Payer,4.100000000000,COOVIBR Index ACC,CITIBANK NA
ARF MASTER Fund,COP (SP),Interest Rate Swaps,IRS,71033522,COIRS CT 6m 25apr8 3.99,-14000000000.000000000000,COP,2018-04-23,2018-04-25,2018-10-25,Payer,3.990000000000,COOVIBR Index ACC,CITIBANK NA
ARF MASTER Fund,COP (SP),Interest Rate Swaps,IRS,71033523,COIRS CT 3m 25apr8 4.03,-28000000000.000000000000,COP,2018-04-23,2018-04-25,2018-07-25,Payer,4.030000000000,COOVIBR Index ACC,CITIBANK NA
ARF MASTER Fund,COP (SP),Interest Rate Swaps,IRS,71033879,COIRS CT 3m 26apr8 4.04,-82500000000.000000000000,COP,2018-04-24,2018-04-26,2018-07-26,Payer,4.040000000000,COOVIBR Index ACC,CITIBANK NA
ARF MASTER Fund,COP (SP),Interest Rate Swaps,IRS,71033880,COIRS DB 3m 26apr8 4.05,-110000000000.000000000000,COP,2018-04-24,2018-04-26,2018-07-26,Payer,4.050000000000,COOVIBR Index ACC,DEUTSCHE BANK AG LONDON
ARF MASTER Fund,COP (SP),Interest Rate Swaps,IRS,71035094,COIRS CT 3m 02may8 4.06,-27750000000.000000000000,COP,2018-04-27,2018-05-02,2018-08-02,Payer,4.060000000000,COOVIBR Index ACC,CITIBANK NA
ARF MASTER Fund,COP (SP),Interest Rate Swaps,IRS,71040289,CHIRS SA 5y 23may8 3.90,-1300000000.000000000000,CLP,2018-05-18,2018-05-23,2023-05-23,Payer,3.900000000000,CLP NOMINAL RATE ACC,BANCO SANTANDER SA
ARF MASTER Fund,COP (SP),Cross Currencies Swaps,IRS,71040290,CHUFS SA 5y 23may 1.04,45000.000000000000,CLF,2018-05-18,2018-05-23,2023-05-23,Receiver,1.040000000000,CLP NOMINAL RATE ACC,BANCO SANTANDER SA
ARF MASTER Fund,CURRENCY (SP),Forex,FX,67601125,USD/MXN,59670.395409999881,MXN,2009-01-06,,,,,,
ARF MASTER Fund,CURRENCY (SP),Forex,FX,67601127,MXN/USD,-126999.990000000010,USD,2009-03-25,,,,,,DEUTSCHE
ARF MASTER Fund,CURRENCY (SP),Forex,FX,67603200,EUR/USD,15236.000000000000,USD,2008-12-19,,,,,,JP MORGAN CHASE BANK NA
ARF MASTER Fund,CURRENCY (SP),Forex,FX,67623701,USD/ZAR,30082.198082100003,ZAR,2009-02-09,,,,,,
ARF MASTER Fund,CURRENCY (SP),Forex,FX,67662539,EUR/CZK,300000.000000000000,CZK,2009-11-10,,,,,,
ARF MASTER Fund,CURRENCY (SP),Forex,FX,67711139,USD/CZK,6371.260000000000,CZK,2009-11-13,,,,,,
ARF MASTER Fund,CURRENCY (SP),Exchange Rate Options,FX Options,71015043,EURpCZKc 25.40 21Nov18,4250000.000000000000,EUR,2018-02-21,,2018-11-21,,,,DEUTSCHE
ARF MASTER Fund,CURRENCY (SP),Exchange Rate Options,FX Options,71015044,EURpCZKc 24.75 21Nov18,-4250000.000000000000,EUR,2018-02-21,,2018-11-21,,,,DEUTSCHE
ARF MASTER Fund,CURRENCY (SP),Forward Forex,Forwards,71030570,USD/MXN 2018/06/04,-2921955.080000000100,MXN,,,2018-06-04,,,,
ARF MASTER Fund,CURRENCY (SP),Non Deliverable Forward Forex,Forwards,71035451,CLP/USD 2018/06/04 NDF,-805675000.000000000000,USD,2018-04-30,,2018-06-04,,,,
ARF MASTER Fund,CURRENCY (SP),Non Deliverable Forward Forex,Forwards,71035455,COP/USD 2018/06/05 NDF,-101760000.000000000000,USD,2018-04-30,,2018-06-05,,,,
ARF MASTER Fund,CURRENCY (SP),Non Deliverable Forward Forex,Forwards,71036639,COP/USD 2018/06/07 NDF,16750000.000000000000,USD,2018-05-03,,2018-06-07,,,,CITIBANK NA
ARF MASTER Fund,CURRENCY (SP),Forward Forex,Forwards,71036892,EUR/CZK 2018/06/11,-1200000.000000000000,CZK,,,2018-06-11,,,,
ARF MASTER Fund,CURRENCY (SP),Non Deliverable Forward Forex,Forwards,71037094,COP/USD 2018/06/12 NDF,-39940000.000000000000,USD,2018-05-07,,2018-06-12,,,,
ARF MASTER Fund,CURRENCY (SP),Non Deliverable Forward Forex,Forwards,71037420,CLP/USD 2018/06/11 NDF,-510569011.899999980000,USD,2018-05-08,,2018-06-11,,,,
ARF MASTER Fund,CURRENCY (SP),Exchange Rate Options,FX Options,71037825,USDpCOPc 2830 09Jul18,5000000.000000000000,USD,2018-05-09,,2018-07-09,,,,MORGAN STANLEY & CO INTERNATIONAL PLC
ARF MASTER Fund,CURRENCY (SP),Non Deliverable Forward Forex,Forwards,71038204,CLP/USD 2018/06/14 NDF,4550000.000000000000,USD,2018-05-10,,2018-06-14,,,,CITIBANK NA
ARF MASTER Fund,CURRENCY (SP),Non Deliverable Forward Forex,Forwards,71038473,COP/USD 2018/06/18 NDF,1367500000.000000000000,USD,2018-05-11,,2018-06-18,,,,
ARF MASTER Fund,CURRENCY (SP),Non Deliverable Forward Forex,Forwards,71038483,ARS/USD 2018/06/15 NDF,72000.000000000000,USD,2018-05-11,,2018-06-15,,,,BANCO SANTANDER SA
ARF MASTER Fund,CURRENCY (SP),Exchange Rate Options,FX Options,71038808,USDpCLPc 618 14Jun18,5000000.000000000000,USD,2018-05-14,,2018-06-14,,,,GOLDMAN SACHS & CO
ARF MASTER Fund,CURRENCY (SP),Non Deliverable Forward Forex,Forwards,71038846,CLP/USD 2018/06/18 NDF,-255000.000000000000,USD,2018-05-14,,2018-06-18,,,,
ARF MASTER Fund,CURRENCY (SP),Non Deliverable Forward Forex,Forwards,71039265,ARS/USD 2018/06/18 NDF,-5000.000000000000,USD,2018-05-15,,2018-06-18,,,,
ARF MASTER Fund,CURRENCY (SP),Non Deliverable Forward Forex,Forwards,71039995,COP/USD 2018/06/21 NDF,-1449250000.000000000000,USD,2018-05-17,,2018-06-21,,,,
ARF MASTER Fund,CURRENCY (SP),Non Deliverable Forward Forex,Forwards,71039998,ARS/USD 2018/06/21 NDF,-17500.000000000000,USD,2018-05-17,,2018-06-21,,,,
ARF MASTER Fund,CURRENCY (SP),Non Deliverable Forward Forex,Forwards,71041165,COP/USD 2018/06/25 NDF,-51500000.000000000000,USD,2018-05-22,,2018-06-25,,,,
ARF MASTER Fund,CURRENCY (SP),Non Deliverable Forward Forex,Forwards,71041538,ARS/USD 2018/06/29 NDF,7500.000000000000,USD,2018-05-23,,2018-06-29,,,,
ARF MASTER Fund,CURRENCY (SP),Exchange Rate Options,FX Options,71041970,USDpMXNc 19 OT 14Jun18,75000.000000000000,USD,2018-05-24,,2018-06-14,,,,DEUTSCHE BANK AG LONDON
ARF MASTER Fund,CURRENCY (SP),Non Deliverable Forward Forex,Forwards,71041971,COP/USD 2018/06/29 NDF,-22500000.000000000000,USD,2018-05-24,,2018-06-29,,,,
ARF MASTER Fund,CURRENCY (SP),Non Deliverable Forward Forex,Forwards,71041974,CLP/USD 2018/06/29 NDF,-5400000.000000000000,USD,2018-05-24,,2018-06-29,,,,
ARF MASTER Fund,CURRENCY (SP),Forward Forex,Forwards,71042302,USD/MXN 2018/05/30,419.260000000009,MXN,,,2018-05-30,,,,
ARF MASTER Fund,CURRENCY (SP),Forward Forex,Forwards,71042303,USD/MXN 2018/06/29,-9408.219999999999,MXN,,,2018-06-29,,,,GOLDMAN SACHS & CO
ARF MASTER Fund,CURRENCY (SP),Forward Forex,Forwards,71042986,USD/MXN 2018/06/01,-15413.510000000000,MXN,,,2018-06-01,,,,GOLDMAN SACHS & CO
ARF MASTER Fund,EMEA (SP),Forex,FX,67603201,USD/EUR,4408.160000000000,EUR,2009-03-18,,,,,,JP MORGAN SECURITIES LLC
ARF MASTER Fund,EMEA (SP),Forex,FX,67623701,USD/ZAR,6883.540000000000,ZAR,2009-02-09,,,,,,JP MORGAN CHASE BANK NA
ARF MASTER Fund,EMEA (SP),Forex,FX,67662539,EUR/CZK,-300000.000000000000,CZK,2009-11-10,,,,,,JP MORGAN CHASE BANK NA
ARF MASTER Fund,EMEA (SP),Forex,FX,67711139,USD/CZK,8420.950000000001,CZK,2009-11-13,,,,,,
ARF MASTER Fund,EMEA (SP),Interest Rate Swaps,IRS,70982489,CZK 5y 1.625 CITI ARF,-330000000.000000000000,CZK,2018-01-05,2018-01-09,2023-01-09,Payer,1.625000000000,CZK PRIBOR 6M,CITIBANK NA
ARF MASTER Fund,EMEA (SP),Interest Rate Swaps,IRS,70985010,CZK 5y 1.585 MS,-130650000.000000000000,CZK,2018-01-10,2018-01-12,2023-01-12,Payer,1.585000000000,CZK PRIBOR 6M,MORGAN STANLEY & CO INTERNATIONAL PLC
ARF MASTER Fund,EMEA (SP),Interest Rate Swaps,IRS,71008993,CZK 5y 1.78 DB,-15300000.000000000000,CZK,2018-02-01,2018-02-05,2023-02-05,Payer,1.780000000000,CZK PRIBOR 6M,DEUTSCHE
ARF MASTER Fund,EMEA (SP),Interest Rate Swaps,IRS,71010647,CZK 5y 1.77 DB,-30600000.000000000000,CZK,2018-02-07,2018-02-09,2023-02-09,Payer,1.770000000000,CZK PRIBOR 6M,DEUTSCHE BANK AG LONDON
ARF MASTER Fund,EMEA (SP),Interest Rate Swaps,IRS,71012742,CZK 5y 1.7225 ML,-31500000.000000000000,CZK,2018-02-14,2018-02-15,2023-02-15,Payer,1.722500000000,CZK PRIBOR 6M,MERRILL LYNCH INTERNATIONAL
ARF MASTER Fund,EMEA (SP),Interest Rate Swaps,IRS,71012743,CZK 5y 1.725 ML,-31500000.000000000000,CZK,2018-02-14,2018-02-15,2023-02-15,Payer,1.725000000000,CZK PRIBOR 6M,MERRILL LYNCH INTERNATIONAL
ARF MASTER Fund,EMEA (SP),Interest Rate Swaps,IRS,71012744,CZK 5y 1.70 CITI,-32250000.000000000000,CZK,2018-02-14,2018-02-16,2023-02-16,Payer,1.700000000000,CZK PRIBOR 6M,CITIBANK NA
ARF MASTER Fund,EMEA (SP),Interest Rate Swaps,IRS,71013699,CZK 5y 1.70 BNP,-62250000.000000000000,CZK,2018-02-16,2018-02-20,2023-02-20,Payer,1.700000000000,CZK PRIBOR 6M,BNP PARIBAS LONDON BRANCH
ARF MASTER Fund,EMEA (SP),Interest Rate Swaps,IRS,71015909,CZK 5y 1.70 CITI2,-32250000.000000000000,CZK,2018-02-22,2018-02-26,2023-02-26,Payer,1.700000000000,CZK PRIBOR 6M,CITIBANK NA
ARF MASTER Fund,EMEA (SP),Interest Rate Swaps,IRS,71020941,CZK 5y 1.67 DB,-30600000.000000000000,CZK,2018-03-14,2018-03-16,2023-03-16,Payer,1.670000000000,CZK PRIBOR 6M,DEUTSCHE BANK AG LONDON
ARF MASTER Fund,EMEA (SP),Interest Rate Swaps,IRS,71020942,ZAR 1m 7.115 ML,-150000000.000000000000,ZAR,2018-03-14,2018-03-28,2018-06-28,Payer,7.115000000000,ZAR JIBAR 3M,MERRILL LYNCH INTERNATIONAL
ARF MASTER Fund,EMEA (SP),Interest Rate Swaps,IRS,71020943,ZAR 1m 6.98 ML,150000000.000000000000,ZAR,2018-03-14,2018-03-29,2018-06-29,Receiver,6.980000000000,ZAR JIBAR 3M,MERRILL LYNCH INTERNATIONAL
ARF MASTER Fund,EMEA (SP),Interest Rate Swaps,IRS,71022116,CZK 5y 1.6925 EURML,-31500000.000000000000,CZK,2018-03-16,2018-03-20,2023-03-20,Payer,1.692500000000,CZK PRIBOR 6M,MERRILL LYNCH INTERNATIONAL
ARF MASTER Fund,EMEA (SP),Interest Rate Swaps,IRS,71025503,CZK 5y 1.6525 ML,-43000000.000000000000,CZK,2018-03-27,2018-03-29,2023-03-29,Payer,1.652500000000,CZK PRIBOR 6M,MERRILL LYNCH INTERNATIONAL
ARF MASTER Fund,EMEA (SP),Interest Rate Swaps,IRS,71025504,CZK 5y 1.645 CITI,-44000000.000000000000,CZK,2018-03-27,2018-03-29,2023-03-29,Payer,1.645000000000,CZK PRIBOR 6M,CITIBANK NA
ARF MASTER Fund,EMEA (SP),Interest Rate Swaps,IRS,71026700,CZK 5y 1.62,-44000000.000000000000,CZK,2018-03-29,2018-04-04,2023-04-04,Payer,1.620000000000,CZK PRIBOR 6M,CITIBANK NA
ARF MASTER Fund,EMEA (SP),Interest Rate Swaps,IRS,71030127,CZK 5y 1.61 04/12/18,-42000000.000000000000,CZK,2018-04-10,2018-04-12,2023-04-12,Payer,1.610000000000,CZK PRIBOR 6M,CITIBANK NA
ARF MASTER Fund,EMEA (SP),Interest Rate Swaps,IRS,71030468,CZK 5y 1.60 CITI 13apr8,-88000000.000000000000,CZK,2018-04-11,2018-04-13,2023-04-13,Payer,1.600000000000,CZK PRIBOR 6M,CITIBANK NA
ARF MASTER Fund,EMEA (SP),Interest Rate Swaps,IRS,71032300,CZK 5y 1.59 18-abr CITI,-210000000.000000000000,CZK,2018-04-18,2018-04-20,2022-04-20,Payer,1.590000000000,CZK PRIBOR 6M,CITIBANK NA
ARF MASTER Fund,EMEA (SP),Interest Rate Swaps,IRS,71036253,ZAR 10y 7.765 ML,25428571.000000000000,ZAR,2018-05-02,2018-05-02,2028-05-02,Receiver,7.765000000000,ZAR JIBAR 3M,MERRILL LYNCH INTERNATIONAL
ARF MASTER Fund,EMEA (SP),Interest Rate Swaps,IRS,71036702,ZAR 10y 7.845 ML,-642857.000000000000,ZAR,2018-05-04,2018-05-04,2028-05-04,Payer,7.845000000000,ZAR JIBAR 3M,
ARF MASTER Fund,EMEA (SP),Forward Forex,Forwards,71042900,USD/CZK 2018/05/31,-14894.900000000000,CZK,,,2018-05-31,,,,JP MORGAN CHASE BANK NA
ARF MASTER Fund,EMEA (SP),Interest Rate Swaps,IRS,71042901,CZK 5y nomura 1.675,63000000.000000000000,CZK,2018-05-29,2018-05-31,2023-05-31,Receiver,1.675000000000,CZK PRIBOR 6M,NOMURA INTERNATIONAL PLC
ARF MASTER Fund,MXN (SP),Forex,FX,67601125,USD/MXN,9164.203171190540,MXN,2009-01-06,,,,,,DEUTSCHE
ARF MASTER Fund,MXN (SP),Interest Rate Futures,Futures,68332887,EDZ8 Comdty,117.000000000000,USD,2014-01-09,,2018-12-17,,,,GOLDMAN SACHS & CO
ARF MASTER Fund,MXN (SP),Interest Rate Futures,Futures,70515981,EDZ9 Comdty,-117.000000000000,USD,2015-11-04,,2019-12-16,,,,GOLDMAN SACHS & CO
ARF MASTER Fund,MXN (SP),Interest Rate Futures,Futures,70893224,FFF9 Comdty,-238.000000000000,USD,2017-11-06,,2019-01-31,,,,
ARF MASTER Fund,MXN (SP),Interest Rate Swaps,IRS,71004579,MXIRS BC 2Y 25Jan8 7.67,150000000.000000000000,MXN,2018-01-25,2018-01-26,2020-01-24,Receiver,7.670000000000,Mexico Interbank TIIE 28 day,
ARF MASTER Fund,MXN (SP),Interest Rate Swaps,IRS,71004583,MXIRS BC 10Y 25Jan8 7.7,-26000000.000000000000,MXN,2018-01-25,2018-01-26,2028-01-14,Payer,7.745000000000,Mexico Interbank TIIE 28 day,
ARF MASTER Fund,MXN (SP),Interest Rate Swaps,IRS,71004669,MXIRS DB 2Y 25Jan8 7.71,246500000.000000000000,MXN,2018-01-25,2018-01-26,2020-01-24,Receiver,7.710000000000,Mexico Interbank TIIE 28 day,DEUTSCHE
ARF MASTER Fund,MXN (SP),Interest Rate Swaps,IRS,71004670,MXIRS DB 5Y 25Jan8 7.54,-109500000.000000000000,MXN,2018-01-25,2018-01-26,2023-01-20,Payer,7.540000000000,Mexico Interbank TIIE 28 day,DEUTSCHE
ARF MASTER Fund,MXN (SP),Interest Rate Swaps,IRS,71021608,MXIRS DB 3M 15Mar8 7.88,2023500000.000000000000,MXN,2018-03-15,2018-03-16,2018-06-08,Receiver,7.880000000000,Mexico Interbank TIIE 28 day,DEUTSCHE
ARF MASTER Fund,MXN (SP),Interest Rate Futures,Futures,71022628,FFN8 Comdty,17.000000000000,USD,2018-03-22,,2018-07-31,,,,GOLDMAN SACHS & CO
ARF MASTER Fund,MXN (SP),Interest Rate Futures,Futures,71022638,FFQ8 Comdty,219.000000000000,USD,2018-05-24,,2018-08-31,,,,GOLDMAN SACHS & CO
ARF MASTER Fund,MXN (SP),Interest Rate Swaps,IRS,71023203,MXIRS DB 3M 20Mar8 7.91,1380000000.000000000000,MXN,2018-03-20,2018-03-21,2018-06-13,Receiver,7.910000000000,Mexico Interbank TIIE 28 day,DEUTSCHE
ARF MASTER Fund,MXN (SP),Interest Rate Swaps,IRS,71024170,MXIRS SR 4Y 22Mar8 7.50,-132000000.000000000000,MXN,2018-03-22,2018-03-23,2022-03-18,Payer,7.500000000000,Mexico Interbank TIIE 28 day,BANCO SANTANDER SA
ARF MASTER Fund,MXN (SP),Interest Rate Swaps,IRS,71024682,MXIRS DB 3M 23Mar8 7.93,400000000.000000000000,MXN,2018-03-23,2018-03-26,2018-06-18,Receiver,7.930000000000,Mexico Interbank TIIE 28 day,DEUTSCHE
ARF MASTER Fund,MXN (SP),Interest Rate Swaps,IRS,71028195,MXIRS DB 2Y 04Apr8 7.55,244500000.000000000000,MXN,2018-04-04,2018-04-05,2020-04-02,Receiver,7.550000000000,Mexico Interbank TIIE 28 day,
ARF MASTER Fund,MXN (SP),Interest Rate Swaps,IRS,71028196,MXIRS DB 5Y 04Apr8 7.35,-108000000.000000000000,MXN,2018-04-04,2018-04-05,2023-03-30,Payer,7.350000000000,Mexico Interbank TIIE 28 day,DEUTSCHE
ARF MASTER Fund,MXN (SP),Interest Rate Swaps,IRS,71030483,MXIRS DB 3M 11Apr8 7.88,9000000000.000000000000,MXN,2018-04-11,2018-04-12,2018-07-05,Receiver,7.888300000000,Mexico Interbank TIIE 28 day,DEUTSCHE
ARF MASTER Fund,MXN (SP),Interest Rate Swaps,IRS,71033882,MXIRS SR 2Y 24Apr8 7.67,25000000.000000000000,MXN,2018-04-24,2018-04-25,2020-04-22,Receiver,7.675000000000,Mexico Interbank TIIE 28 day,
ARF MASTER Fund,MXN (SP),Interest Rate Swaps,IRS,71034281,MXIRS BV 3M 25Apr8 7.89,400000000.000000000000,MXN,2018-04-25,2018-04-26,2018-07-19,Receiver,7.890000000000,Mexico Interbank TIIE 28 day,BANCO BILBAO VIZCAYA ARGENTARIA SA
ARF MASTER Fund,MXN (SP),Interest Rate Futures,Futures,71035976,FFV8 Comdty,-84.000000000000,USD,2018-05-24,,2018-10-31,,,,GOLDMAN SACHS & CO
ARF MASTER Fund,MXN (SP),Interest Rate Futures,Futures,71035981,FFX8 Comdty,86.000000000000,USD,2018-05-18,,2018-11-30,,,,
ARF MASTER Fund,MXN (SP),Interest Rate Swaps,IRS,71036584,MXIRS DB 3M 03May8 7.91,2075000000.000000000000,MXN,2018-05-03,2018-05-04,2018-07-27,Receiver,7.910000000000,Mexico Interbank TIIE 28 day,DEUTSCHE BANK AG LONDON
ARF MASTER Fund,MXN (SP),Interest Rate Swaps,IRS,71036836,MXIRS BV 2Y 04May8 7.80,125000000.000000000000,MXN,2018-05-04,2018-05-07,2020-05-04,Receiver,7.800000000000,Mexico Interbank TIIE 28 day,
ARF MASTER Fund,MXN (SP),Interest Rate Swaps,IRS,71036837,MXIRS BV 3M 04May8 7.91,1043750000.000000000000,MXN,2018-05-04,2018-05-07,2018-07-30,Receiver,7.915000000000,Mexico Interbank TIIE 28 day,BANCO BILBAO VIZCAYA ARGENTARIA SA
ARF MASTER Fund,MXN (SP),Interest Rate Swaps,IRS,71036838,MXIRS BV 3M 04May8 7.92,1043750000.000000000000,MXN,2018-05-04,2018-05-07,2018-07-30,Receiver,7.920000000000,Mexico Interbank TIIE 28 day,BANCO BILBAO VIZCAYA ARGENTARIA SA
ARF MASTER Fund,MXN (SP),Interest Rate Swaps,IRS,71036845,MXIRS CT 3M 04May8 7.92,1040000000.000000000000,MXN,2018-05-04,2018-05-07,2018-07-30,Receiver,7.917500000000,Mexico Interbank TIIE 28 day,CITIBANK NA
ARF MASTER Fund,MXN (SP),Interest Rate Swaps,IRS,71039988,MXIRS ML 3M 17May8 7.90,410000000.000000000000,MXN,2018-05-17,2018-05-18,2018-08-10,Receiver,7.900000000000,Mexico Interbank TIIE 28 day,MERRILL LYNCH INTERNATIONAL
ARF MASTER Fund,MXN (SP),Total Return Swaps,Swaps,71041497,MBon Jun22 7.66 25may18,130000000.000000000000,MXN,2018-05-23,2018-05-25,2018-06-25,Payer,7.100000000000,,BANCO SANTANDER SA
ARF MASTER Fund,MXN (SP),Interest Rate Swaps,IRS,71042981,MXIRS GS 3M 29May8 7.98,422500000.000000000000,MXN,2018-05-29,2018-05-30,2018-08-22,Receiver,7.980000000000,Mexico Interbank TIIE 28 day,GOLDMAN SACHS & CO
GEMM MASTER Fund,CLP (SP),Interest Rate Swaps,IRS,70862684,CHIRS SA 3m 23jul8 2.47,171000000000.000000000000,CLP,2017-10-19,2018-07-23,2018-10-23,Receiver,2.470000000000,CLP NOMINAL RATE ACC,BANCO SANTANDER SA
GEMM MASTER Fund,CLP (SP),Interest Rate Swaps,IRS,70908543,CHIRS SA 9m 17nov7 2.45,29200000000.000000000000,CLP,2017-11-15,2017-11-17,2018-08-17,Receiver,2.455000000000,CLP NOMINAL RATE,BANCO SANTANDER SA
GEMM MASTER Fund,CLP (SP),Interest Rate Swaps,IRS,70915614,CHIRS MS 9m 21nov7 2.47,101120000000.000000000000,CLP,2017-11-17,2017-11-21,2018-08-21,Receiver,2.470000000000,CLP NOMINAL RATE ACC,MORGAN STANLEY & CO INTERNATIONAL PLC
GEMM MASTER Fund,CLP (SP),Interest Rate Swaps,IRS,70915615,CHIRS GS 9m 21nov7 2.49,34800000000.000000000000,CLP,2017-11-17,2017-11-21,2018-08-21,Receiver,2.490000000000,CLP NOMINAL RATE,GOLDMAN SACHS INTERNATIONAL
GEMM MASTER Fund,CLP (SP),Interest Rate Swaps,IRS,70927663,CHIRS CT 9m 01dec7 2.44,67840000000.000000000000,CLP,2017-11-29,2017-12-01,2018-09-01,Receiver,2.445000000000,CLP NOMINAL RATE ACC,CITIBANK NA
GEMM MASTER Fund,CLP (SP),Interest Rate Swaps,IRS,70961133,CHIRS SA 10 18dec7 4.38,-2000000000.000000000000,CLP,2017-12-14,2017-12-18,2027-12-18,Payer,4.380000000000,CLP NOMINAL RATE ACC,BANCO SANTANDER SA
GEMM MASTER Fund,CLP (SP),Interest Rate Swaps,IRS,70997171,CHIRS CT 10 23jan8 4.25,-4350000000.000000000000,CLP,2018-01-19,2018-01-23,2028-01-23,Payer,4.250000000000,CLP NOMINAL RATE ACC,CITIBANK NA
GEMM MASTER Fund,CLP (SP),Cross Currencies Swaps,IRS,71001362,CHUFS GS 10 25jan8 1.47,142500.000000000000,CLF,2018-01-23,2018-01-25,2028-01-25,Receiver,1.470000000000,CLP NOMINAL RATE ACC,GOLDMAN SACHS INTERNATIONAL
GEMM MASTER Fund,CLP (SP),Cross Currencies Swaps,Inflation Swaps,71036844,CHUF 04may8 @27040,-1000000.000000000000,CLF,2018-05-04,2018-05-08,2018-06-08,Payer,,,BANCO SANTANDER SA
GEMM MASTER Fund,CLP (SP),Interest Rate Swaps,IRS,71038422,CHIRS GS 5y 15may8 3.73,-7800000000.000000000000,CLP,2018-05-11,2018-05-15,2023-05-15,Payer,3.730000000000,CLP NOMINAL RATE ACC,GOLDMAN SACHS INTERNATIONAL
GEMM MASTER Fund,CLP (SP),Cross Currencies Swaps,IRS,71038423,CHUFS GS 5y 15may 0.94,274000.000000000000,CLF,2018-05-11,2018-05-15,2023-05-15,Receiver,0.940000000000,CLP NOMINAL RATE ACC,GOLDMAN SACHS INTERNATIONAL
GEMM MASTER Fund,CLP (SP),Interest Rate Swaps,IRS,71039215,CHIRS ML 5y 17may8 3.78,-5400000000.000000000000,CLP,2018-05-15,2018-05-17,2023-05-17,Payer,3.780000000000,CLP NOMINAL RATE ACC,MERRILL LYNCH INTERNATIONAL
GEMM MASTER Fund,CLP (SP),Interest Rate Swaps,IRS,71039216,CHIRS SA 10 17may8 4.29,-3000000000.000000000000,CLP,2018-05-15,2018-05-17,2028-05-17,Payer,4.290000000000,CLP NOMINAL RATE ACC,BANCO SANTANDER SA
GEMM MASTER Fund,CLP (SP),Cross Currencies Swaps,IRS,71039217,CHUFS ML 5y 17may 0.95,184000.000000000000,CLF,2018-05-15,2018-05-17,2023-05-17,Receiver,0.950000000000,CLP NOMINAL RATE ACC,MERRILL LYNCH INTERNATIONAL
GEMM MASTER Fund,CLP (SP),Cross Currencies Swaps,IRS,71039218,CHUFS SA 10 17may 1.45,100000.000000000000,CLF,2018-05-15,2018-05-17,2028-05-17,Receiver,1.450000000000,CLP NOMINAL RATE ACC,BANCO SANTANDER SA
GEMM MASTER Fund,CLP (SP),Interest Rate Swaps,IRS,71039992,CHIRS GS 5y 22may8 3.89,-5400000000.000000000000,CLP,2018-05-17,2018-05-22,2023-05-22,Payer,3.890000000000,CLP NOMINAL RATE ACC,GOLDMAN SACHS INTERNATIONAL
GEMM MASTER Fund,CLP (SP),Cross Currencies Swaps,IRS,71039993,CHUFS GS 5y 22may 1.04,190000.000000000000,CLF,2018-05-17,2018-05-22,2023-05-22,Receiver,1.040000000000,CLP NOMINAL RATE ACC,GOLDMAN SACHS INTERNATIONAL
GEMM MASTER Fund,CLP (SP),Interest Rate Swaps,IRS,71041171,CHIRS CT 5y 24may8 3.92,-5300000000.000000000000,CLP,2018-05-23,2018-05-24,2023-05-24,Payer,3.925000000000,CLP NOMINAL RATE ACC,CITIBANK NA
GEMM MASTER Fund,CLP (SP),Cross Currencies Swaps,IRS,71041172,CHUFS CT 5y 24may 1.08,198000.000000000000,CLF,2018-05-23,2018-05-24,2023-05-24,Receiver,1.080000000000,CLP NOMINAL RATE ACC,CITIBANK NA
GEMM MASTER Fund,COP (SP),Interest Rate Swaps,IRS,70961133,CHIRS SA 10 18dec7 4.38,2000000000.000000000000,CLP,2017-12-14,2017-12-18,2027-12-18,Receiver,4.380000000000,CLP NOMINAL RATE ACC,BANCO SANTANDER SA
GEMM MASTER Fund,COP (SP),Interest Rate Swaps,IRS,71015030,COIRS CT 2Y 23feb8 4.62,-45000000000.000000000000,COP,2018-02-21,2018-02-23,2020-02-23,Payer,4.625000000000,COOVIBR Index ACC,CITIBANK NA
GEMM MASTER Fund,COP (SP),Interest Rate Swaps,IRS,71015031,COIRS CT 5Y 23feb8 5.37,39000000000.000000000000,COP,2018-02-21,2018-02-23,2023-02-23,Receiver,5.370000000000,COOVIBR Index ACC,CITIBANK NA
GEMM MASTER Fund,COP (SP),Interest Rate Swaps,IRS,71015032,COIRS CT 10 23feb8 6.17,-11100000000.000000000000,COP,2018-02-21,2018-02-23,2028-02-23,Payer,6.175000000000,COOVIBR Index ACC,CITIBANK NA
GEMM MASTER Fund,COP (SP),Interest Rate Swaps,IRS,71015886,COIRS CT 2Y 26feb8 4.62,-45000000000.000000000000,COP,2018-02-22,2018-02-26,2020-02-26,Payer,4.625000000000,COOVIBR Index ACC,CITIBANK NA
GEMM MASTER Fund,COP (SP),Interest Rate Swaps,IRS,71015888,COIRS CT 5Y 26feb8 5.37,39000000000.000000000000,COP,2018-02-22,2018-02-26,2023-02-26,Receiver,5.372500000000,COOVIBR Index ACC,CITIBANK NA
GEMM MASTER Fund,COP (SP),Interest Rate Swaps,IRS,71015889,COIRS CT 10 26feb8 6.17,-11100000000.000000000000,COP,2018-02-22,2018-02-26,2028-02-26,Payer,6.175000000000,COOVIBR Index ACC,CITIBANK NA
GEMM MASTER Fund,COP (SP),Interest Rate Swaps,IRS,71019183,COIRS GS 2Y 09mar8 4.60,-37500000000.000000000000,COP,2018-03-07,2018-03-09,2020-03-09,Payer,4.600000000000,COOVIBR Index ACC,GOLDMAN SACHS INTERNATIONAL
GEMM MASTER Fund,COP (SP),Interest Rate Swaps,IRS,71019880,COIRS GS 2Y 13mar8 4.58,-37500000000.000000000000,COP,2018-03-09,2018-03-13,2020-03-13,Payer,4.580000000000,COOVIBR Index ACC,GOLDMAN SACHS INTERNATIONAL
GEMM MASTER Fund,COP (SP),Interest Rate Swaps,IRS,71020210,COIRS CT 6m 14mar8 4.16,-142500000000.000000000000,COP,2018-03-12,2018-03-14,2018-09-14,Payer,4.160000000000,COOVIBR Index ACC,CITIBANK NA
GEMM MASTER Fund,COP (SP),Interest Rate Swaps,IRS,71023202,COIRS SA 1y 22mar8 4.20,-22500000000.000000000000,COP,2018-03-20,2018-03-22,2019-03-22,Payer,4.208000000000,COOVIBR Index ACC,BANCO SANTANDER SA
GEMM MASTER Fund,COP (SP),Interest Rate Swaps,IRS,71023741,COIRS DB 1y 23mar8 4.24,-72500000000.000000000000,COP,2018-03-21,2018-03-23,2019-03-23,Payer,4.240000000000,COOVIBR Index ACC,DEUTSCHE
GEMM MASTER Fund,COP (SP),Interest Rate Swaps,IRS,71023742,COIRS SA 1y 23mar8 4.24,-30000000000.000000000000,COP,2018-03-21,2018-03-23,2019-03-23,Payer,4.240000000000,COOVIBR Index ACC,BANCO SANTANDER SA
GEMM MASTER Fund,COP (SP),Interest Rate Swaps,IRS,71023744,COIRS CT 3m 23mar8 4.25,-275000000000.000000000000,COP,2018-03-21,2018-03-23,2018-06-23,Payer,4.250000000000,COOVIBR Index ACC,CITIBANK NA
GEMM MASTER Fund,COP (SP),Interest Rate Swaps,IRS,71025073,COIRS SA 1y 28mar8 4.22,-37500000000.000000000000,COP,2018-03-26,2018-03-28,2019-03-28,Payer,4.225000000000,COOVIBR Index ACC,BANCO SANTANDER SA
GEMM MASTER Fund,COP (SP),Interest Rate Swaps,IRS,71025074,COIRS CT 6m 28mar8 4.20,-145000000000.000000000000,COP,2018-03-26,2018-03-28,2018-09-28,Payer,4.200000000000,COOVIBR Index ACC,CITIBANK NA
GEMM MASTER Fund,COP (SP),Interest Rate Swaps,IRS,71025491,COIRS SA 1y 02apr8 4.21,-12000000000.000000000000,COP,2018-03-27,2018-04-02,2019-04-02,Payer,4.215000000000,COOVIBR Index ACC,BANCO SANTANDER SA
GEMM MASTER Fund,COP (SP),Interest Rate Swaps,IRS,71026111,COIRS SA 6m 03apr8 4.20,-12000000000.000000000000,COP,2018-03-28,2018-04-03,2018-10-03,Payer,4.200000000000,COOVIBR Index ACC,BANCO SANTANDER SA
GEMM MASTER Fund,COP (SP),Interest Rate Swaps,IRS,71027118,COIRS SA 6m 04apr8 4.21,-24000000000.000000000000,COP,2018-04-02,2018-04-04,2018-10-04,Payer,4.210000000000,COOVIBR Index ACC,BANCO SANTANDER SA
GEMM MASTER Fund,COP (SP),Interest Rate Swaps,IRS,71027119,COIRS MS 6m 04apr8 4.20,-224000000000.000000000000,COP,2018-04-02,2018-04-04,2018-10-04,Payer,4.200000000000,COOVIBR Index ACC,MORGAN STANLEY & CO INTERNATIONAL PLC
GEMM MASTER Fund,COP (SP),Interest Rate Swaps,IRS,71028192,COIRS DB 6m 05apr8 4.19,-220000000000.000000000000,COP,2018-04-03,2018-04-05,2018-10-05,Payer,4.195000000000,COOVIBR Index ACC,DEUTSCHE
GEMM MASTER Fund,COP (SP),Interest Rate Swaps,IRS,71028193,COIRS ML 6m 05apr8 4.20,-223200000000.000000000000,COP,2018-04-04,2018-04-06,2018-10-06,Payer,4.200000000000,COOVIBR Index ACC,MERRILL LYNCH INTERNATIONAL
GEMM MASTER Fund,COP (SP),Interest Rate Swaps,IRS,71028194,COIRS SA 1y 05apr8 4.22,-18000000000.000000000000,COP,2018-04-04,2018-04-06,2019-04-06,Payer,4.225000000000,COOVIBR Index ACC,BANCO SANTANDER SA
GEMM MASTER Fund,COP (SP),Interest Rate Swaps,IRS,71028819,COIRS CT 6m 09apr8 4.18,-112000000000.000000000000,COP,2018-04-05,2018-04-09,2018-10-09,Payer,4.182500000000,COOVIBR Index ACC,CITIBANK NA
GEMM MASTER Fund,COP (SP),Interest Rate Swaps,IRS,71028820,COIRS SA 9m 09apr8 4.19,-72000000000.000000000000,COP,2018-04-05,2018-04-09,2019-01-09,Payer,4.195000000000,COOVIBR Index ACC,BANCO SANTANDER SA
GEMM MASTER Fund,COP (SP),Interest Rate Swaps,IRS,71030128,COIRS CT 6m 12apr8 4.10,-56000000000.000000000000,COP,2018-04-10,2018-04-12,2018-10-12,Payer,4.100000000000,COOVIBR Index ACC,CITIBANK NA
GEMM MASTER Fund,COP (SP),Interest Rate Swaps,IRS,71033522,COIRS CT 6m 25apr8 3.99,-56000000000.000000000000,COP,2018-04-23,2018-04-25,2018-10-25,Payer,3.990000000000,COOVIBR Index ACC,CITIBANK NA
GEMM MASTER Fund,COP (SP),Interest Rate Swaps,IRS,71033523,COIRS CT 3m 25apr8 4.03,-112000000000.000000000000,COP,2018-04-23,2018-04-25,2018-07-25,Payer,4.030000000000,COOVIBR Index ACC,CITIBANK NA
GEMM MASTER Fund,COP (SP),Interest Rate Swaps,IRS,71033879,COIRS CT 3m 26apr8 4.04,-330000000000.000000000000,COP,2018-04-24,2018-04-26,2018-07-26,Payer,4.040000000000,COOVIBR Index ACC,CITIBANK NA
GEMM MASTER Fund,COP (SP),Interest Rate Swaps,IRS,71033880,COIRS DB 3m 26apr8 4.05,-440000000000.000000000000,COP,2018-04-24,2018-04-26,2018-07-26,Payer,4.050000000000,COOVIBR Index ACC,DEUTSCHE BANK AG LONDON
GEMM MASTER Fund,COP (SP),Interest Rate Swaps,IRS,71035094,COIRS CT 3m 02may8 4.06,-111000000000.000000000000,COP,2018-04-27,2018-05-02,2018-08-02,Payer,4.060000000000,COOVIBR Index ACC,CITIBANK NA
GEMM MASTER Fund,COP (SP),Total Return Swaps,Swaps,71038147,UVR apr21 2.18 09may8,200000000.000000000000,COP,2018-05-09,2018-05-09,2018-06-08,Payer,4.450000000000,,BANCOLOMBIA S.A.
GEMM MASTER Fund,COP (SP),Total Return Swaps,Swaps,71038156,TES jul24 5.97 10may8,-25500000000.000000000000,COP,2018-05-10,2018-05-10,2018-06-07,Receiver,4.050000000000,,BANCOLOMBIA S.A.
GEMM MASTER Fund,COP (SP),Total Return Swaps,Swaps,71038157,TES jul25 6.303 10may8,25500000000.000000000000,COP,2018-05-10,2018-05-10,2018-06-07,Payer,4.300000000000,,BANCOLOMBIA S.A.
GEMM MASTER Fund,COP (SP),Total Return Swaps,Swaps,71039220,TES mar20 4.97 11may8,-23000000000.000000000000,COP,2018-05-11,2018-05-11,2018-06-12,Receiver,4.200000000000,,BANCOLOMBIA S.A.
GEMM MASTER Fund,COP (SP),Total Return Swaps,Swaps,71039221,UVR apr21 2.37 11may8,135000000.000000000000,COP,2018-05-15,2018-05-11,2018-06-12,Payer,4.450000000000,,BANCOLOMBIA S.A.
GEMM MASTER Fund,COP (SP),Total Return Swaps,Swaps,71039222,TES may22 5.53 11may8,-5000000000.000000000000,COP,2018-05-15,2018-05-11,2018-06-12,Receiver,4.200000000000,,BANCOLOMBIA S.A.
GEMM MASTER Fund,COP (SP),Total Return Swaps,Swaps,71039224,UVR feb23 2.59 11may8,47506000.000000000000,COP,2018-05-15,2018-05-11,2018-06-12,Payer,4.450000000000,,BANCOLOMBIA S.A.
GEMM MASTER Fund,COP (SP),Total Return Swaps,Swaps,71039225,UVR apr21 2.22 15may8,47500000.000000000000,COP,2018-05-15,2018-05-15,2018-06-15,Payer,4.450000000000,,MERRILL LYNCH INTERNATIONAL
GEMM MASTER Fund,COP (SP),Total Return Swaps,Swaps,71039226,UVR apr21 2.21 15may8,55000000.000000000000,COP,2018-05-15,2018-05-15,2018-06-13,Payer,4.450000000000,,BANCOLOMBIA S.A.
GEMM MASTER Fund,COP (SP),Total Return Swaps,Swaps,71039227,UVR feb23 2.62 15may8,88000000.000000000000,COP,2018-05-15,2018-05-15,2018-06-13,Payer,4.450000000000,,BANCOLOMBIA S.A.
GEMM MASTER Fund,COP (SP),Total Return Swaps,Swaps,71039228,UVR feb23 2.67 15may8,15744000.000000000000,COP,2018-05-15,2018-05-15,2018-06-12,Payer,4.450000000000,,BANCOLOMBIA S.A.
GEMM MASTER Fund,COP (SP),Interest Rate Swaps,IRS,71040289,CHIRS SA 5y 23may8 3.90,-5200000000.000000000000,CLP,2018-05-18,2018-05-23,2023-05-23,Payer,3.900000000000,CLP NOMINAL RATE ACC,BANCO SANTANDER SA
GEMM MASTER Fund,COP (SP),Cross Currencies Swaps,IRS,71040290,CHUFS SA 5y 23may 1.04,180000.000000000000,CLF,2018-05-18,2018-05-23,2023-05-23,Receiver,1.040000000000,CLP NOMINAL RATE ACC,BANCO SANTANDER SA
GEMM MASTER Fund,COP (SP),Total Return Swaps,Swaps,71041498,UVR apr21 2.24 23may8,-15000000.000000000000,COP,2018-05-23,2018-05-23,2018-06-12,Receiver,4.200000000000,,BANCOLOMBIA S.A.
GEMM MASTER Fund,COP (SP),Total Return Swaps,Swaps,71041499,TES mar20 5.10 23may8,5000000000.000000000000,COP,2018-05-23,2018-05-23,2018-06-12,Payer,4.450000000000,,BANCOLOMBIA S.A.
GEMM MASTER Fund,COP (SP),Total Return Swaps,Swaps,71042291,TES mar20 5.06 25may8,14000000000.000000000000,COP,2018-05-25,2018-05-25,2018-06-12,Payer,4.450000000000,,BANCOLOMBIA S.A.
GEMM MASTER Fund,COP (SP),Total Return Swaps,Swaps,71042292,UVR apr21 2.20 25may8,-40000000.000000000000,COP,2018-05-25,2018-05-25,2018-06-12,Receiver,4.200000000000,,BANCOLOMBIA S.A.
GEMM MASTER Fund,EMEA (SP),Forex,FX,67603201,USD/EUR,10285.710000000001,EUR,2009-03-18,,,,,,JP MORGAN SECURITIES LLC
GEMM MASTER Fund,EMEA (SP),Forex,FX,67623701,USD/ZAR,11472.570000000000,ZAR,2009-02-09,,,,,,JP MORGAN CHASE BANK NA
GEMM MASTER Fund,EMEA (SP),Forex,FX,67662539,EUR/CZK,-500000.000000000000,CZK,2009-11-10,,,,,,JP MORGAN CHASE BANK NA
GEMM MASTER Fund,EMEA (SP),Forex,FX,67711139,USD/CZK,69547.120000000010,CZK,2009-11-13,,,,,,
GEMM MASTER Fund,EMEA (SP),Interest Rate Swaps,IRS,70941228,CZK 5y 1.5367 CITI,-222440000.000000000000,CZK,2017-12-06,2017-12-08,2022-12-08,Payer,1.536700000000,CZK PRIBOR 6M,CITIBANK NA
GEMM MASTER Fund,EMEA (SP),Interest Rate Swaps,IRS,70985010,CZK 5y 1.585 MS,-304850000.000000000000,CZK,2018-01-10,2018-01-12,2023-01-12,Payer,1.585000000000,CZK PRIBOR 6M,MORGAN STANLEY & CO INTERNATIONAL PLC
GEMM MASTER Fund,EMEA (SP),Interest Rate Swaps,IRS,71008993,CZK 5y 1.78 DB,-35700000.000000000000,CZK,2018-02-01,2018-02-05,2023-02-05,Payer,1.780000000000,CZK PRIBOR 6M,DEUTSCHE
GEMM MASTER Fund,EMEA (SP),Interest Rate Swaps,IRS,71010647,CZK 5y 1.77 DB,-71400000.000000000000,CZK,2018-02-07,2018-02-09,2023-02-09,Payer,1.770000000000,CZK PRIBOR 6M,DEUTSCHE BANK AG LONDON
GEMM MASTER Fund,EMEA (SP),Interest Rate Swaps,IRS,71012742,CZK 5y 1.7225 ML,-73500000.000000000000,CZK,2018-02-14,2018-02-15,2023-02-15,Payer,1.722500000000,CZK PRIBOR 6M,MERRILL LYNCH INTERNATIONAL
GEMM MASTER Fund,EMEA (SP),Interest Rate Swaps,IRS,71012743,CZK 5y 1.725 ML,-73500000.000000000000,CZK,2018-02-14,2018-02-15,2023-02-15,Payer,1.725000000000,CZK PRIBOR 6M,MERRILL LYNCH INTERNATIONAL
GEMM MASTER Fund,EMEA (SP),Interest Rate Swaps,IRS,71012744,CZK 5y 1.70 CITI,-75250000.000000000000,CZK,2018-02-14,2018-02-16,2023-02-16,Payer,1.700000000000,CZK PRIBOR 6M,CITIBANK NA
GEMM MASTER Fund,EMEA (SP),Interest Rate Swaps,IRS,71013699,CZK 5y 1.70 BNP,-145250000.000000000000,CZK,2018-02-16,2018-02-20,2023-02-20,Payer,1.700000000000,CZK PRIBOR 6M,BNP PARIBAS LONDON BRANCH
GEMM MASTER Fund,EMEA (SP),Interest Rate Swaps,IRS,71015909,CZK 5y 1.70 CITI2,-75250000.000000000000,CZK,2018-02-22,2018-02-26,2023-02-26,Payer,1.700000000000,CZK PRIBOR 6M,CITIBANK NA
GEMM MASTER Fund,EMEA (SP),Interest Rate Swaps,IRS,71020941,CZK 5y 1.67 DB,-71400000.000000000000,CZK,2018-03-14,2018-03-16,2023-03-16,Payer,1.670000000000,CZK PRIBOR 6M,DEUTSCHE BANK AG LONDON
GEMM MASTER Fund,EMEA (SP),Interest Rate Swaps,IRS,71020942,ZAR 1m 7.115 ML,-350000000.000000000000,ZAR,2018-03-14,2018-03-28,2018-06-28,Payer,7.115000000000,ZAR JIBAR 3M,MERRILL LYNCH INTERNATIONAL
GEMM MASTER Fund,EMEA (SP),Interest Rate Swaps,IRS,71020943,ZAR 1m 6.98 ML,350000000.000000000000,ZAR,2018-03-14,2018-03-29,2018-06-29,Receiver,6.980000000000,ZAR JIBAR 3M,MERRILL LYNCH INTERNATIONAL
GEMM MASTER Fund,EMEA (SP),Interest Rate Swaps,IRS,71022116,CZK 5y 1.6925 EURML,-73500000.000000000000,CZK,2018-03-16,2018-03-20,2023-03-20,Payer,1.692500000000,CZK PRIBOR 6M,MERRILL LYNCH INTERNATIONAL
GEMM MASTER Fund,EMEA (SP),Interest Rate Swaps,IRS,71025503,CZK 5y 1.6525 ML,-129000000.000000000000,CZK,2018-03-27,2018-03-29,2023-03-29,Payer,1.652500000000,CZK PRIBOR 6M,MERRILL LYNCH INTERNATIONAL
GEMM MASTER Fund,EMEA (SP),Interest Rate Swaps,IRS,71025504,CZK 5y 1.645 CITI,-132000000.000000000000,CZK,2018-03-27,2018-03-29,2023-03-29,Payer,1.645000000000,CZK PRIBOR 6M,CITIBANK NA
GEMM MASTER Fund,EMEA (SP),Interest Rate Swaps,IRS,71026700,CZK 5y 1.62,-132000000.000000000000,CZK,2018-03-29,2018-04-04,2023-04-04,Payer,1.620000000000,CZK PRIBOR 6M,CITIBANK NA
GEMM MASTER Fund,EMEA (SP),Interest Rate Swaps,IRS,71030127,CZK 5y 1.61 04/12/18,-126000000.000000000000,CZK,2018-04-10,2018-04-12,2023-04-12,Payer,1.610000000000,CZK PRIBOR 6M,CITIBANK NA
GEMM MASTER Fund,EMEA (SP),Interest Rate Swaps,IRS,71030468,CZK 5y 1.60 CITI 13apr8,-264000000.000000000000,CZK,2018-04-11,2018-04-13,2023-04-13,Payer,1.600000000000,CZK PRIBOR 6M,CITIBANK NA
GEMM MASTER Fund,EMEA (SP),Interest Rate Swaps,IRS,71036253,ZAR 10y 7.765 ML,42380952.000000000000,ZAR,2018-05-02,2018-05-02,2028-05-02,Receiver,7.765000000000,ZAR JIBAR 3M,MERRILL LYNCH INTERNATIONAL
GEMM MASTER Fund,EMEA (SP),Interest Rate Swaps,IRS,71036702,ZAR 10y 7.845 ML,-1071429.000000000000,ZAR,2018-05-04,2018-05-04,2028-05-04,Payer,7.845000000000,ZAR JIBAR 3M,
GEMM MASTER Fund,EMEA (SP),Interest Rate Swaps,IRS,71037631,CZK 5y 1.71 NOMU,430000000.000000000000,CZK,2018-05-09,2018-05-11,2023-05-11,Receiver,1.710000000000,CZK PRIBOR 6M,NOMURA INTERNATIONAL PLC
GEMM MASTER Fund,EMEA (SP),Forward Forex,Forwards,71042900,USD/CZK 2018/05/31,-34754.760000000002,CZK,,,2018-05-31,,,,JP MORGAN CHASE BANK NA
GEMM MASTER Fund,EMEA (SP),Interest Rate Swaps,IRS,71042901,CZK 5y nomura 1.675,105000000.000000000000,CZK,2018-05-29,2018-05-31,2023-05-31,Receiver,1.675000000000,CZK PRIBOR 6M,NOMURA INTERNATIONAL PLC
GEMM MASTER Fund,CURRENCY (SP),Forex,FX,67601125,USD/MXN,-294127.867256501690,MXN,2009-01-06,,,,,,
GEMM MASTER Fund,CURRENCY (SP),Forex,FX,67601127,MXN/USD,-317499.979999999980,USD,2009-03-25,,,,,,DEUTSCHE
GEMM MASTER Fund,CURRENCY (SP),Forex,FX,67603200,EUR/USD,103465.000000000000,USD,2008-12-19,,,,,,
GEMM MASTER Fund,CURRENCY (SP),Forex,FX,67623701,USD/ZAR,74199.688672599703,ZAR,2009-02-09,,,,,,
GEMM MASTER Fund,CURRENCY (SP),Forex,FX,67662539,EUR/CZK,500000.000000000000,CZK,2009-11-10,,,,,,
GEMM MASTER Fund,CURRENCY (SP),Forex,FX,67711139,USD/CZK,1666714.475401800400,CZK,2009-11-13,,,,,,
GEMM MASTER Fund,CURRENCY (SP),Exchange Rate Options,FX Options,71015043,EURpCZKc 25.40 21Nov18,11250000.000000000000,EUR,2018-02-21,,2018-11-21,,,,DEUTSCHE
GEMM MASTER Fund,CURRENCY (SP),Exchange Rate Options,FX Options,71015044,EURpCZKc 24.75 21Nov18,-11250000.000000000000,EUR,2018-02-21,,2018-11-21,,,,DEUTSCHE
GEMM MASTER Fund,CURRENCY (SP),Forward Forex,Forwards,71030570,USD/MXN 2018/06/04,-11687820.309999999000,MXN,,,2018-06-04,,,,
GEMM MASTER Fund,CURRENCY (SP),Non Deliverable Forward Forex,Forwards,71035451,CLP/USD 2018/06/04 NDF,-3222700000.000000000000,USD,2018-04-30,,2018-06-04,,,,
GEMM MASTER Fund,CURRENCY (SP),Non Deliverable Forward Forex,Forwards,71035455,COP/USD 2018/06/05 NDF,-407040000.000000000000,USD,2018-04-30,,2018-06-05,,,,
GEMM MASTER Fund,CURRENCY (SP),Non Deliverable Forward Forex,Forwards,71036639,COP/USD 2018/06/07 NDF,67000000.000000000000,USD,2018-05-03,,2018-06-07,,,,CITIBANK NA
GEMM MASTER Fund,CURRENCY (SP),Forward Forex,Forwards,71036892,EUR/CZK 2018/06/11,-2000000.000000000000,CZK,,,2018-06-11,,,,
GEMM MASTER Fund,CURRENCY (SP),Non Deliverable Forward Forex,Forwards,71037094,COP/USD 2018/06/12 NDF,-159760000.000000000000,USD,2018-05-07,,2018-06-12,,,,
GEMM MASTER Fund,CURRENCY (SP),Non Deliverable Forward Forex,Forwards,71037420,CLP/USD 2018/06/11 NDF,-2042276047.599999900000,USD,2018-05-08,,2018-06-11,,,,
GEMM MASTER Fund,CURRENCY (SP),Exchange Rate Options,FX Options,71037825,USDpCOPc 2830 09Jul18,20000000.000000000000,USD,2018-05-09,,2018-07-09,,,,MORGAN STANLEY & CO INTERNATIONAL PLC
GEMM MASTER Fund,CURRENCY (SP),Non Deliverable Forward Forex,Forwards,71038204,CLP/USD 2018/06/14 NDF,18200000.000000000000,USD,2018-05-10,,2018-06-14,,,,CITIBANK NA
GEMM MASTER Fund,CURRENCY (SP),Non Deliverable Forward Forex,Forwards,71038473,COP/USD 2018/06/18 NDF,5470000000.000000000000,USD,2018-05-11,,2018-06-18,,,,
GEMM MASTER Fund,CURRENCY (SP),Non Deliverable Forward Forex,Forwards,71038483,ARS/USD 2018/06/15 NDF,288000.000000000000,USD,2018-05-11,,2018-06-15,,,,BANCO SANTANDER SA
GEMM MASTER Fund,CURRENCY (SP),Exchange Rate Options,FX Options,71038808,USDpCLPc 618 14Jun18,20000000.000000000000,USD,2018-05-14,,2018-06-14,,,,GOLDMAN SACHS & CO
GEMM MASTER Fund,CURRENCY (SP),Non Deliverable Forward Forex,Forwards,71038846,CLP/USD 2018/06/18 NDF,-1020000.000000000000,USD,2018-05-14,,2018-06-18,,,,
GEMM MASTER Fund,CURRENCY (SP),Non Deliverable Forward Forex,Forwards,71039265,ARS/USD 2018/06/18 NDF,-20000.000000000000,USD,2018-05-15,,2018-06-18,,,,
GEMM MASTER Fund,CURRENCY (SP),Non Deliverable Forward Forex,Forwards,71039995,COP/USD 2018/06/21 NDF,-5797000000.000000000000,USD,2018-05-17,,2018-06-21,,,,
GEMM MASTER Fund,CURRENCY (SP),Non Deliverable Forward Forex,Forwards,71039998,ARS/USD 2018/06/21 NDF,-70000.000000000000,USD,2018-05-17,,2018-06-21,,,,
GEMM MASTER Fund,CURRENCY (SP),Non Deliverable Forward Forex,Forwards,71041165,COP/USD 2018/06/25 NDF,-206000000.000000000000,USD,2018-05-22,,2018-06-25,,,,
GEMM MASTER Fund,CURRENCY (SP),Non Deliverable Forward Forex,Forwards,71041538,ARS/USD 2018/06/29 NDF,30000.000000000000,USD,2018-05-23,,2018-06-29,,,,
GEMM MASTER Fund,CURRENCY (SP),Exchange Rate Options,FX Options,71041970,USDpMXNc 19 OT 14Jun18,300000.000000000000,USD,2018-05-24,,2018-06-14,,,,DEUTSCHE BANK AG LONDON
GEMM MASTER Fund,CURRENCY (SP),Non Deliverable Forward Forex,Forwards,71041971,COP/USD 2018/06/29 NDF,-90000000.000000000000,USD,2018-05-24,,2018-06-29,,,,
GEMM MASTER Fund,CURRENCY (SP),Non Deliverable Forward Forex,Forwards,71041974,CLP/USD 2018/06/29 NDF,-21600000.000000000000,USD,2018-05-24,,2018-06-29,,,,
GEMM MASTER Fund,CURRENCY (SP),Forward Forex,Forwards,71042302,USD/MXN 2018/05/30,1677.049999999814,MXN,,,2018-05-30,,,,
GEMM MASTER Fund,CURRENCY (SP),Forward Forex,Forwards,71042303,USD/MXN 2018/06/29,-37632.860000000226,MXN,,,2018-06-29,,,,GOLDMAN SACHS & CO
GEMM MASTER Fund,CURRENCY (SP),Forward Forex,Forwards,71042986,USD/MXN 2018/06/01,-61654.029999999999,MXN,,,2018-06-01,,,,GOLDMAN SACHS & CO
GEMM MASTER Fund,MXN (SP),Forex,FX,67601125,USD/MXN,27492.609513571602,MXN,2009-01-06,,,,,,DEUTSCHE
GEMM MASTER Fund,MXN (SP),Interest Rate Futures,Futures,68332887,EDZ8 Comdty,417.000000000000,USD,2014-01-09,,2018-12-17,,,,GOLDMAN SACHS & CO
GEMM MASTER Fund,MXN (SP),Interest Rate Futures,Futures,70515981,EDZ9 Comdty,-417.000000000000,USD,2015-11-04,,2019-12-16,,,,GOLDMAN SACHS & CO
GEMM MASTER Fund,MXN (SP),Interest Rate Futures,Futures,70893224,FFF9 Comdty,-961.000000000000,USD,2017-11-06,,2019-01-31,,,,
GEMM MASTER Fund,MXN (SP),Interest Rate Swaps,IRS,71004579,MXIRS BC 2Y 25Jan8 7.67,450000000.000000000000,MXN,2018-01-25,2018-01-26,2020-01-24,Receiver,7.670000000000,Mexico Interbank TIIE 28 day,
GEMM MASTER Fund,MXN (SP),Interest Rate Swaps,IRS,71004583,MXIRS BC 10Y 25Jan8 7.7,-78000000.000000000000,MXN,2018-01-25,2018-01-26,2028-01-14,Payer,7.745000000000,Mexico Interbank TIIE 28 day,
GEMM MASTER Fund,MXN (SP),Interest Rate Swaps,IRS,71004669,MXIRS DB 2Y 25Jan8 7.71,739500000.000000000000,MXN,2018-01-25,2018-01-26,2020-01-24,Receiver,7.710000000000,Mexico Interbank TIIE 28 day,DEUTSCHE
GEMM MASTER Fund,MXN (SP),Interest Rate Swaps,IRS,71004670,MXIRS DB 5Y 25Jan8 7.54,-328500000.000000000000,MXN,2018-01-25,2018-01-26,2023-01-20,Payer,7.540000000000,Mexico Interbank TIIE 28 day,DEUTSCHE
GEMM MASTER Fund,MXN (SP),Interest Rate Swaps,IRS,71021608,MXIRS DB 3M 15Mar8 7.88,5058750000.000000000000,MXN,2018-03-15,2018-03-16,2018-06-08,Receiver,7.880000000000,Mexico Interbank TIIE 28 day,DEUTSCHE
GEMM MASTER Fund,MXN (SP),Interest Rate Futures,Futures,71022628,FFN8 Comdty,72.000000000000,USD,2018-03-22,,2018-07-31,,,,GOLDMAN SACHS & CO
GEMM MASTER Fund,MXN (SP),Interest Rate Futures,Futures,71022638,FFQ8 Comdty,880.000000000000,USD,2018-05-24,,2018-08-31,,,,GOLDMAN SACHS & CO
GEMM MASTER Fund,MXN (SP),Interest Rate Swaps,IRS,71023203,MXIRS DB 3M 20Mar8 7.91,3450000000.000000000000,MXN,2018-03-20,2018-03-21,2018-06-13,Receiver,7.910000000000,Mexico Interbank TIIE 28 day,DEUTSCHE
GEMM MASTER Fund,MXN (SP),Interest Rate Swaps,IRS,71024170,MXIRS SR 4Y 22Mar8 7.50,-330000000.000000000000,MXN,2018-03-22,2018-03-23,2022-03-18,Payer,7.500000000000,Mexico Interbank TIIE 28 day,BANCO SANTANDER SA
GEMM MASTER Fund,MXN (SP),Interest Rate Swaps,IRS,71024682,MXIRS DB 3M 23Mar8 7.93,1000000000.000000000000,MXN,2018-03-23,2018-03-26,2018-06-18,Receiver,7.930000000000,Mexico Interbank TIIE 28 day,DEUTSCHE
GEMM MASTER Fund,MXN (SP),Interest Rate Swaps,IRS,71028195,MXIRS DB 2Y 04Apr8 7.55,611250000.000000000000,MXN,2018-04-04,2018-04-05,2020-04-02,Receiver,7.550000000000,Mexico Interbank TIIE 28 day,
GEMM MASTER Fund,MXN (SP),Interest Rate Swaps,IRS,71028196,MXIRS DB 5Y 04Apr8 7.35,-270000000.000000000000,MXN,2018-04-04,2018-04-05,2023-03-30,Payer,7.350000000000,Mexico Interbank TIIE 28 day,DEUTSCHE
GEMM MASTER Fund,MXN (SP),Interest Rate Swaps,IRS,71030483,MXIRS DB 3M 11Apr8 7.88,22500000000.000000000000,MXN,2018-04-11,2018-04-12,2018-07-05,Receiver,7.888300000000,Mexico Interbank TIIE 28 day,DEUTSCHE
GEMM MASTER Fund,MXN (SP),Interest Rate Swaps,IRS,71033882,MXIRS SR 2Y 24Apr8 7.67,100000000.000000000000,MXN,2018-04-24,2018-04-25,2020-04-22,Receiver,7.675000000000,Mexico Interbank TIIE 28 day,
GEMM MASTER Fund,MXN (SP),Interest Rate Swaps,IRS,71034281,MXIRS BV 3M 25Apr8 7.89,1600000000.000000000000,MXN,2018-04-25,2018-04-26,2018-07-19,Receiver,7.890000000000,Mexico Interbank TIIE 28 day,BANCO BILBAO VIZCAYA ARGENTARIA SA
GEMM MASTER Fund,MXN (SP),Interest Rate Futures,Futures,71035976,FFV8 Comdty,-337.000000000000,USD,2018-05-24,,2018-10-31,,,,GOLDMAN SACHS & CO
GEMM MASTER Fund,MXN (SP),Interest Rate Futures,Futures,71035981,FFX8 Comdty,346.000000000000,USD,2018-05-18,,2018-11-30,,,,
GEMM MASTER Fund,MXN (SP),Interest Rate Swaps,IRS,71036584,MXIRS DB 3M 03May8 7.91,8300000000.000000000000,MXN,2018-05-03,2018-05-04,2018-07-27,Receiver,7.910000000000,Mexico Interbank TIIE 28 day,DEUTSCHE BANK AG LONDON
GEMM MASTER Fund,MXN (SP),Interest Rate Swaps,IRS,71036836,MXIRS BV 2Y 04May8 7.80,500000000.000000000000,MXN,2018-05-04,2018-05-07,2020-05-04,Receiver,7.800000000000,Mexico Interbank TIIE 28 day,
GEMM MASTER Fund,MXN (SP),Interest Rate Swaps,IRS,71036837,MXIRS BV 3M 04May8 7.91,4175000000.000000000000,MXN,2018-05-04,2018-05-07,2018-07-30,Receiver,7.915000000000,Mexico Interbank TIIE 28 day,BANCO BILBAO VIZCAYA ARGENTARIA SA
GEMM MASTER Fund,MXN (SP),Interest Rate Swaps,IRS,71036838,MXIRS BV 3M 04May8 7.92,4175000000.000000000000,MXN,2018-05-04,2018-05-07,2018-07-30,Receiver,7.920000000000,Mexico Interbank TIIE 28 day,BANCO BILBAO VIZCAYA ARGENTARIA SA
GEMM MASTER Fund,MXN (SP),Interest Rate Swaps,IRS,71036845,MXIRS CT 3M 04May8 7.92,4160000000.000000000000,MXN,2018-05-04,2018-05-07,2018-07-30,Receiver,7.917500000000,Mexico Interbank TIIE 28 day,CITIBANK NA
GEMM MASTER Fund,MXN (SP),Interest Rate Swaps,IRS,71039988,MXIRS ML 3M 17May8 7.90,1640000000.000000000000,MXN,2018-05-17,2018-05-18,2018-08-10,Receiver,7.900000000000,Mexico Interbank TIIE 28 day,MERRILL LYNCH INTERNATIONAL
GEMM MASTER Fund,MXN (SP),Total Return Swaps,Swaps,71041497,MBon Jun22 7.66 25may18,325000000.000000000000,MXN,2018-05-23,2018-05-25,2018-06-25,Payer,7.100000000000,,BANCO SANTANDER SA
GEMM MASTER Fund,MXN (SP),Interest Rate Swaps,IRS,71042981,MXIRS GS 3M 29May8 7.98,1690000000.000000000000,MXN,2018-05-29,2018-05-30,2018-08-22,Receiver,7.980000000000,Mexico Interbank TIIE 28 day,GOLDMAN SACHS & CO
BTG PACTUAL INTERNATIONAL B,CLP (SP),Interest Rate Swaps,IRS,70862684,CHIRS SA 3m 23jul8 2.47,209000000000.000000000000,CLP,2017-10-19,2018-07-23,2018-10-23,Receiver,2.470000000000,CLP NOMINAL RATE ACC,BANCO SANTANDER SA
BTG PACTUAL INTERNATIONAL B,CLP (SP),Interest Rate Swaps,IRS,70908543,CHIRS SA 9m 17nov7 2.45,43800000000.000000000000,CLP,2017-11-15,2017-11-17,2018-08-17,Receiver,2.455000000000,CLP NOMINAL RATE,BANCO SANTANDER SA
BTG PACTUAL INTERNATIONAL B,CLP (SP),Interest Rate Swaps,IRS,70915614,CHIRS MS 9m 21nov7 2.47,151680000000.000000000000,CLP,2017-11-17,2017-11-21,2018-08-21,Receiver,2.470000000000,CLP NOMINAL RATE ACC,MORGAN STANLEY & CO INTERNATIONAL PLC
BTG PACTUAL INTERNATIONAL B,CLP (SP),Interest Rate Swaps,IRS,70915615,CHIRS GS 9m 21nov7 2.49,52200000000.000000000000,CLP,2017-11-17,2017-11-21,2018-08-21,Receiver,2.490000000000,CLP NOMINAL RATE,GOLDMAN SACHS INTERNATIONAL
BTG PACTUAL INTERNATIONAL B,CLP (SP),Interest Rate Swaps,IRS,70927663,CHIRS CT 9m 01dec7 2.44,101760000000.000000000000,CLP,2017-11-29,2017-12-01,2018-09-01,Receiver,2.445000000000,CLP NOMINAL RATE ACC,CITIBANK NA
BTG PACTUAL INTERNATIONAL B,CLP (SP),Interest Rate Swaps,IRS,70997171,CHIRS CT 10 23jan8 4.25,-8700000000.000000000000,CLP,2018-01-19,2018-01-23,2028-01-23,Payer,4.250000000000,CLP NOMINAL RATE ACC,CITIBANK NA
BTG PACTUAL INTERNATIONAL B,CLP (SP),Cross Currencies Swaps,IRS,71001362,CHUFS GS 10 25jan8 1.47,285000.000000000000,CLF,2018-01-23,2018-01-25,2028-01-25,Receiver,1.470000000000,CLP NOMINAL RATE ACC,GOLDMAN SACHS INTERNATIONAL
BTG PACTUAL INTERNATIONAL B,CLP (SP),Cross Currencies Swaps,Inflation Swaps,71036844,CHUF 04may8 @27040,-3750000.000000000000,CLF,2018-05-04,2018-05-08,2018-06-08,Payer,,,BANCO SANTANDER SA
BTG PACTUAL INTERNATIONAL B,CLP (SP),Interest Rate Swaps,IRS,71038422,CHIRS GS 5y 15may8 3.73,-29250000000.000000000000,CLP,2018-05-11,2018-05-15,2023-05-15,Payer,3.730000000000,CLP NOMINAL RATE ACC,GOLDMAN SACHS INTERNATIONAL
BTG PACTUAL INTERNATIONAL B,CLP (SP),Cross Currencies Swaps,IRS,71038423,CHUFS GS 5y 15may 0.94,1027500.000000000000,CLF,2018-05-11,2018-05-15,2023-05-15,Receiver,0.940000000000,CLP NOMINAL RATE ACC,GOLDMAN SACHS INTERNATIONAL
BTG PACTUAL INTERNATIONAL B,CLP (SP),Interest Rate Swaps,IRS,71039215,CHIRS ML 5y 17may8 3.78,-20250000000.000000000000,CLP,2018-05-15,2018-05-17,2023-05-17,Payer,3.780000000000,CLP NOMINAL RATE ACC,MERRILL LYNCH INTERNATIONAL
BTG PACTUAL INTERNATIONAL B,CLP (SP),Interest Rate Swaps,IRS,71039216,CHIRS SA 10 17may8 4.29,-11250000000.000000000000,CLP,2018-05-15,2018-05-17,2028-05-17,Payer,4.290000000000,CLP NOMINAL RATE ACC,BANCO SANTANDER SA
BTG PACTUAL INTERNATIONAL B,CLP (SP),Cross Currencies Swaps,IRS,71039217,CHUFS ML 5y 17may 0.95,690000.000000000000,CLF,2018-05-15,2018-05-17,2023-05-17,Receiver,0.950000000000,CLP NOMINAL RATE ACC,MERRILL LYNCH INTERNATIONAL
BTG PACTUAL INTERNATIONAL B,CLP (SP),Cross Currencies Swaps,IRS,71039218,CHUFS SA 10 17may 1.45,375000.000000000000,CLF,2018-05-15,2018-05-17,2028-05-17,Receiver,1.450000000000,CLP NOMINAL RATE ACC,BANCO SANTANDER SA
BTG PACTUAL INTERNATIONAL B,CLP (SP),Interest Rate Swaps,IRS,71039992,CHIRS GS 5y 22may8 3.89,-20250000000.000000000000,CLP,2018-05-17,2018-05-22,2023-05-22,Payer,3.890000000000,CLP NOMINAL RATE ACC,GOLDMAN SACHS INTERNATIONAL
BTG PACTUAL INTERNATIONAL B,CLP (SP),Cross Currencies Swaps,IRS,71039993,CHUFS GS 5y 22may 1.04,712500.000000000000,CLF,2018-05-17,2018-05-22,2023-05-22,Receiver,1.040000000000,CLP NOMINAL RATE ACC,GOLDMAN SACHS INTERNATIONAL
BTG PACTUAL INTERNATIONAL B,CLP (SP),Interest Rate Swaps,IRS,71040289,CHIRS SA 5y 23may8 3.90,-19500000000.000000000000,CLP,2018-05-18,2018-05-23,2023-05-23,Payer,3.900000000000,CLP NOMINAL RATE ACC,BANCO SANTANDER SA
BTG PACTUAL INTERNATIONAL B,CLP (SP),Cross Currencies Swaps,IRS,71040290,CHUFS SA 5y 23may 1.04,675000.000000000000,CLF,2018-05-18,2018-05-23,2023-05-23,Receiver,1.040000000000,CLP NOMINAL RATE ACC,BANCO SANTANDER SA
BTG PACTUAL INTERNATIONAL B,CLP (SP),Interest Rate Swaps,IRS,71041171,CHIRS CT 5y 24may8 3.92,-19875000000.000000000000,CLP,2018-05-23,2018-05-24,2023-05-24,Payer,3.925000000000,CLP NOMINAL RATE ACC,CITIBANK NA
BTG PACTUAL INTERNATIONAL B,CLP (SP),Cross Currencies Swaps,IRS,71041172,CHUFS CT 5y 24may 1.08,742500.000000000000,CLF,2018-05-23,2018-05-24,2023-05-24,Receiver,1.080000000000,CLP NOMINAL RATE ACC,CITIBANK NA
BTG PACTUAL INTERNATIONAL B,COP (SP),Interest Rate Swaps,IRS,71015030,COIRS CT 2Y 23feb8 4.62,-90000000000.000000000000,COP,2018-02-21,2018-02-23,2020-02-23,Payer,4.625000000000,COOVIBR Index ACC,CITIBANK NA
BTG PACTUAL INTERNATIONAL B,COP (SP),Interest Rate Swaps,IRS,71015031,COIRS CT 5Y 23feb8 5.37,78000000000.000000000000,COP,2018-02-21,2018-02-23,2023-02-23,Receiver,5.370000000000,COOVIBR Index ACC,CITIBANK NA
BTG PACTUAL INTERNATIONAL B,COP (SP),Interest Rate Swaps,IRS,71015032,COIRS CT 10 23feb8 6.17,-22200000000.000000000000,COP,2018-02-21,2018-02-23,2028-02-23,Payer,6.175000000000,COOVIBR Index ACC,CITIBANK NA
BTG PACTUAL INTERNATIONAL B,COP (SP),Interest Rate Swaps,IRS,71015886,COIRS CT 2Y 26feb8 4.62,-90000000000.000000000000,COP,2018-02-22,2018-02-26,2020-02-26,Payer,4.625000000000,COOVIBR Index ACC,CITIBANK NA
BTG PACTUAL INTERNATIONAL B,COP (SP),Interest Rate Swaps,IRS,71015888,COIRS CT 5Y 26feb8 5.37,78000000000.000000000000,COP,2018-02-22,2018-02-26,2023-02-26,Receiver,5.372500000000,COOVIBR Index ACC,CITIBANK NA
BTG PACTUAL INTERNATIONAL B,COP (SP),Interest Rate Swaps,IRS,71015889,COIRS CT 10 26feb8 6.17,-22200000000.000000000000,COP,2018-02-22,2018-02-26,2028-02-26,Payer,6.175000000000,COOVIBR Index ACC,CITIBANK NA
BTG PACTUAL INTERNATIONAL B,COP (SP),Interest Rate Swaps,IRS,71019183,COIRS GS 2Y 09mar8 4.60,-97500000000.000000000000,COP,2018-03-07,2018-03-09,2020-03-09,Payer,4.600000000000,COOVIBR Index ACC,GOLDMAN SACHS INTERNATIONAL
BTG PACTUAL INTERNATIONAL B,COP (SP),Interest Rate Swaps,IRS,71019880,COIRS GS 2Y 13mar8 4.58,-97500000000.000000000000,COP,2018-03-09,2018-03-13,2020-03-13,Payer,4.580000000000,COOVIBR Index ACC,GOLDMAN SACHS INTERNATIONAL
BTG PACTUAL INTERNATIONAL B,COP (SP),Interest Rate Swaps,IRS,71020210,COIRS CT 6m 14mar8 4.16,-370500000000.000000000000,COP,2018-03-12,2018-03-14,2018-09-14,Payer,4.160000000000,COOVIBR Index ACC,CITIBANK NA
BTG PACTUAL INTERNATIONAL B,COP (SP),Interest Rate Swaps,IRS,71023202,COIRS SA 1y 22mar8 4.20,-58500000000.000000000000,COP,2018-03-20,2018-03-22,2019-03-22,Payer,4.208000000000,COOVIBR Index ACC,BANCO SANTANDER SA
BTG PACTUAL INTERNATIONAL B,COP (SP),Interest Rate Swaps,IRS,71023741,COIRS DB 1y 23mar8 4.24,-188500000000.000000000000,COP,2018-03-21,2018-03-23,2019-03-23,Payer,4.240000000000,COOVIBR Index ACC,DEUTSCHE
BTG PACTUAL INTERNATIONAL B,COP (SP),Interest Rate Swaps,IRS,71023742,COIRS SA 1y 23mar8 4.24,-78000000000.000000000000,COP,2018-03-21,2018-03-23,2019-03-23,Payer,4.240000000000,COOVIBR Index ACC,BANCO SANTANDER SA
BTG PACTUAL INTERNATIONAL B,COP (SP),Interest Rate Swaps,IRS,71023744,COIRS CT 3m 23mar8 4.25,-715000000000.000000000000,COP,2018-03-21,2018-03-23,2018-06-23,Payer,4.250000000000,COOVIBR Index ACC,CITIBANK NA
BTG PACTUAL INTERNATIONAL B,COP (SP),Interest Rate Swaps,IRS,71025073,COIRS SA 1y 28mar8 4.22,-97500000000.000000000000,COP,2018-03-26,2018-03-28,2019-03-28,Payer,4.225000000000,COOVIBR Index ACC,BANCO SANTANDER SA
BTG PACTUAL INTERNATIONAL B,COP (SP),Interest Rate Swaps,IRS,71025074,COIRS CT 6m 28mar8 4.20,-377000000000.000000000000,COP,2018-03-26,2018-03-28,2018-09-28,Payer,4.200000000000,COOVIBR Index ACC,CITIBANK NA
BTG PACTUAL INTERNATIONAL B,COP (SP),Interest Rate Swaps,IRS,71025491,COIRS SA 1y 02apr8 4.21,-45000000000.000000000000,COP,2018-03-27,2018-04-02,2019-04-02,Payer,4.215000000000,COOVIBR Index ACC,BANCO SANTANDER SA
BTG PACTUAL INTERNATIONAL B,COP (SP),Interest Rate Swaps,IRS,71026111,COIRS SA 6m 03apr8 4.20,-45000000000.000000000000,COP,2018-03-28,2018-04-03,2018-10-03,Payer,4.200000000000,COOVIBR Index ACC,BANCO SANTANDER SA
BTG PACTUAL INTERNATIONAL B,COP (SP),Interest Rate Swaps,IRS,71027118,COIRS SA 6m 04apr8 4.21,-90000000000.000000000000,COP,2018-04-02,2018-04-04,2018-10-04,Payer,4.210000000000,COOVIBR Index ACC,BANCO SANTANDER SA
BTG PACTUAL INTERNATIONAL B,COP (SP),Interest Rate Swaps,IRS,71027119,COIRS MS 6m 04apr8 4.20,-840000000000.000000000000,COP,2018-04-02,2018-04-04,2018-10-04,Payer,4.200000000000,COOVIBR Index ACC,MORGAN STANLEY & CO INTERNATIONAL PLC
BTG PACTUAL INTERNATIONAL B,COP (SP),Interest Rate Swaps,IRS,71028192,COIRS DB 6m 05apr8 4.19,-825000000000.000000000000,COP,2018-04-03,2018-04-05,2018-10-05,Payer,4.195000000000,COOVIBR Index ACC,DEUTSCHE
BTG PACTUAL INTERNATIONAL B,COP (SP),Interest Rate Swaps,IRS,71028193,COIRS ML 6m 05apr8 4.20,-837000000000.000000000000,COP,2018-04-04,2018-04-06,2018-10-06,Payer,4.200000000000,COOVIBR Index ACC,MERRILL LYNCH INTERNATIONAL
BTG PACTUAL INTERNATIONAL B,COP (SP),Interest Rate Swaps,IRS,71028194,COIRS SA 1y 05apr8 4.22,-67500000000.000000000000,COP,2018-04-04,2018-04-06,2019-04-06,Payer,4.225000000000,COOVIBR Index ACC,BANCO SANTANDER SA
BTG PACTUAL INTERNATIONAL B,COP (SP),Interest Rate Swaps,IRS,71028819,COIRS CT 6m 09apr8 4.18,-420000000000.000000000000,COP,2018-04-05,2018-04-09,2018-10-09,Payer,4.182500000000,COOVIBR Index ACC,CITIBANK NA
BTG PACTUAL INTERNATIONAL B,COP (SP),Interest Rate Swaps,IRS,71028820,COIRS SA 9m 09apr8 4.19,-270000000000.000000000000,COP,2018-04-05,2018-04-09,2019-01-09,Payer,4.195000000000,COOVIBR Index ACC,BANCO SANTANDER SA
BTG PACTUAL INTERNATIONAL B,COP (SP),Interest Rate Swaps,IRS,71030128,COIRS CT 6m 12apr8 4.10,-210000000000.000000000000,COP,2018-04-10,2018-04-12,2018-10-12,Payer,4.100000000000,COOVIBR Index ACC,CITIBANK NA
BTG PACTUAL INTERNATIONAL B,COP (SP),Interest Rate Swaps,IRS,71033522,COIRS CT 6m 25apr8 3.99,-210000000000.000000000000,COP,2018-04-23,2018-04-25,2018-10-25,Payer,3.990000000000,COOVIBR Index ACC,CITIBANK NA
BTG PACTUAL INTERNATIONAL B,COP (SP),Interest Rate Swaps,IRS,71033523,COIRS CT 3m 25apr8 4.03,-420000000000.000000000000,COP,2018-04-23,2018-04-25,2018-07-25,Payer,4.030000000000,COOVIBR Index ACC,CITIBANK NA
BTG PACTUAL INTERNATIONAL B,COP (SP),Interest Rate Swaps,IRS,71033879,COIRS CT 3m 26apr8 4.04,-1237500000000.000000000000,COP,2018-04-24,2018-04-26,2018-07-26,Payer,4.040000000000,COOVIBR Index ACC,CITIBANK NA
BTG PACTUAL INTERNATIONAL B,COP (SP),Interest Rate Swaps,IRS,71033880,COIRS DB 3m 26apr8 4.05,-1650000000000.000000000000,COP,2018-04-24,2018-04-26,2018-07-26,Payer,4.050000000000,COOVIBR Index ACC,DEUTSCHE BANK AG LONDON
BTG PACTUAL INTERNATIONAL B,COP (SP),Interest Rate Swaps,IRS,71035094,COIRS CT 3m 02may8 4.06,-416250000000.000000000000,COP,2018-04-27,2018-05-02,2018-08-02,Payer,4.060000000000,COOVIBR Index ACC,CITIBANK NA
BTG PACTUAL INTERNATIONAL B,COP (SP),Total Return Swaps,Swaps,71038147,UVR apr21 2.18 09may8,540000000.000000000000,COP,2018-05-09,2018-05-09,2018-06-08,Payer,4.450000000000,,BANCOLOMBIA S.A.
BTG PACTUAL INTERNATIONAL B,COP (SP),Total Return Swaps,Swaps,71038156,TES jul24 5.97 10may8,-47000000000.000000000000,COP,2018-05-10,2018-05-10,2018-06-07,Receiver,4.050000000000,,BANCOLOMBIA S.A.
BTG PACTUAL INTERNATIONAL B,COP (SP),Total Return Swaps,Swaps,71038157,TES jul25 6.303 10may8,46000000000.000000000000,COP,2018-05-10,2018-05-10,2018-06-07,Payer,4.300000000000,,BANCOLOMBIA S.A.
BTG PACTUAL INTERNATIONAL B,COP (SP),Total Return Swaps,Swaps,71039220,TES mar20 4.97 11may8,-70000000000.000000000000,COP,2018-05-11,2018-05-11,2018-06-12,Receiver,4.200000000000,,BANCOLOMBIA S.A.
BTG PACTUAL INTERNATIONAL B,COP (SP),Total Return Swaps,Swaps,71039221,UVR apr21 2.37 11may8,400000000.000000000000,COP,2018-05-15,2018-05-11,2018-06-12,Payer,4.450000000000,,BANCOLOMBIA S.A.
BTG PACTUAL INTERNATIONAL B,COP (SP),Total Return Swaps,Swaps,71039222,TES may22 5.53 11may8,-15000000000.000000000000,COP,2018-05-15,2018-05-11,2018-06-12,Receiver,4.200000000000,,BANCOLOMBIA S.A.
BTG PACTUAL INTERNATIONAL B,COP (SP),Total Return Swaps,Swaps,71039224,UVR feb23 2.59 11may8,140000000.000000000000,COP,2018-05-15,2018-05-11,2018-06-12,Payer,4.450000000000,,BANCOLOMBIA S.A.
BTG PACTUAL INTERNATIONAL B,COP (SP),Total Return Swaps,Swaps,71039225,UVR apr21 2.22 15may8,142500000.000000000000,COP,2018-05-15,2018-05-15,2018-06-15,Payer,4.450000000000,,MERRILL LYNCH INTERNATIONAL
BTG PACTUAL INTERNATIONAL B,COP (SP),Total Return Swaps,Swaps,71039226,UVR apr21 2.21 15may8,170000000.000000000000,COP,2018-05-15,2018-05-15,2018-06-13,Payer,4.450000000000,,BANCOLOMBIA S.A.
BTG PACTUAL INTERNATIONAL B,COP (SP),Total Return Swaps,Swaps,71039227,UVR feb23 2.62 15may8,270000000.000000000000,COP,2018-05-15,2018-05-15,2018-06-13,Payer,4.450000000000,,BANCOLOMBIA S.A.
BTG PACTUAL INTERNATIONAL B,COP (SP),Total Return Swaps,Swaps,71039228,UVR feb23 2.67 15may8,48000000.000000000000,COP,2018-05-15,2018-05-15,2018-06-12,Payer,4.450000000000,,BANCOLOMBIA S.A.
BTG PACTUAL INTERNATIONAL B,COP (SP),Total Return Swaps,Swaps,71041498,UVR apr21 2.24 23may8,-40000000.000000000000,COP,2018-05-23,2018-05-23,2018-06-12,Receiver,4.200000000000,,BANCOLOMBIA S.A.
BTG PACTUAL INTERNATIONAL B,COP (SP),Total Return Swaps,Swaps,71041499,TES mar20 5.10 23may8,12000000000.000000000000,COP,2018-05-23,2018-05-23,2018-06-12,Payer,4.450000000000,,BANCOLOMBIA S.A.
BTG PACTUAL INTERNATIONAL B,COP (SP),Total Return Swaps,Swaps,71042291,TES mar20 5.06 25may8,42000000000.000000000000,COP,2018-05-25,2018-05-25,2018-06-12,Payer,4.450000000000,,BANCOLOMBIA S.A.
BTG PACTUAL INTERNATIONAL B,COP (SP),Total Return Swaps,Swaps,71042292,UVR apr21 2.20 25may8,-130000000.000000000000,COP,2018-05-25,2018-05-25,2018-06-12,Receiver,4.200000000000,,BANCOLOMBIA S.A.
BTG PACTUAL INTERNATIONAL B,EMEA (SP),Forex,FX,67603201,USD/EUR,14693.880000000001,EUR,2009-03-18,,,,,,JP MORGAN SECURITIES LLC
BTG PACTUAL INTERNATIONAL B,EMEA (SP),Forex,FX,67623701,USD/ZAR,27534.180000000000,ZAR,2009-02-09,,,,,,JP MORGAN CHASE BANK NA
BTG PACTUAL INTERNATIONAL B,EMEA (SP),Forex,FX,67662539,EUR/CZK,-1200000.000000000000,CZK,2009-11-10,,,,,,JP MORGAN CHASE BANK NA
BTG PACTUAL INTERNATIONAL B,EMEA (SP),Forex,FX,67711139,USD/CZK,57524.370000000010,CZK,2009-11-13,,,,,,
BTG PACTUAL INTERNATIONAL B,EMEA (SP),Interest Rate Swaps,IRS,70941228,CZK 5y 1.5367 CITI,-109560000.000000000000,CZK,2017-12-06,2017-12-08,2022-12-08,Payer,1.536700000000,CZK PRIBOR 6M,CITIBANK NA
BTG PACTUAL INTERNATIONAL B,EMEA (SP),Interest Rate Swaps,IRS,70985010,CZK 5y 1.585 MS,-435500000.000000000000,CZK,2018-01-10,2018-01-12,2023-01-12,Payer,1.585000000000,CZK PRIBOR 6M,MORGAN STANLEY & CO INTERNATIONAL PLC
BTG PACTUAL INTERNATIONAL B,EMEA (SP),Interest Rate Swaps,IRS,71008993,CZK 5y 1.78 DB,-51000000.000000000000,CZK,2018-02-01,2018-02-05,2023-02-05,Payer,1.780000000000,CZK PRIBOR 6M,DEUTSCHE
BTG PACTUAL INTERNATIONAL B,EMEA (SP),Interest Rate Swaps,IRS,71010647,CZK 5y 1.77 DB,-102000000.000000000000,CZK,2018-02-07,2018-02-09,2023-02-09,Payer,1.770000000000,CZK PRIBOR 6M,DEUTSCHE BANK AG LONDON
BTG PACTUAL INTERNATIONAL B,EMEA (SP),Interest Rate Swaps,IRS,71012742,CZK 5y 1.7225 ML,-105000000.000000000000,CZK,2018-02-14,2018-02-15,2023-02-15,Payer,1.722500000000,CZK PRIBOR 6M,MERRILL LYNCH INTERNATIONAL
BTG PACTUAL INTERNATIONAL B,EMEA (SP),Interest Rate Swaps,IRS,71012743,CZK 5y 1.725 ML,-105000000.000000000000,CZK,2018-02-14,2018-02-15,2023-02-15,Payer,1.725000000000,CZK PRIBOR 6M,MERRILL LYNCH INTERNATIONAL
BTG PACTUAL INTERNATIONAL B,EMEA (SP),Interest Rate Swaps,IRS,71012744,CZK 5y 1.70 CITI,-107500000.000000000000,CZK,2018-02-14,2018-02-16,2023-02-16,Payer,1.700000000000,CZK PRIBOR 6M,CITIBANK NA
BTG PACTUAL INTERNATIONAL B,EMEA (SP),Interest Rate Swaps,IRS,71013699,CZK 5y 1.70 BNP,-207500000.000000000000,CZK,2018-02-16,2018-02-20,2023-02-20,Payer,1.700000000000,CZK PRIBOR 6M,BNP PARIBAS LONDON BRANCH
BTG PACTUAL INTERNATIONAL B,EMEA (SP),Interest Rate Swaps,IRS,71015909,CZK 5y 1.70 CITI2,-107500000.000000000000,CZK,2018-02-22,2018-02-26,2023-02-26,Payer,1.700000000000,CZK PRIBOR 6M,CITIBANK NA
BTG PACTUAL INTERNATIONAL B,EMEA (SP),Interest Rate Swaps,IRS,71020941,CZK 5y 1.67 DB,-102000000.000000000000,CZK,2018-03-14,2018-03-16,2023-03-16,Payer,1.670000000000,CZK PRIBOR 6M,DEUTSCHE BANK AG LONDON
BTG PACTUAL INTERNATIONAL B,EMEA (SP),Interest Rate Swaps,IRS,71020942,ZAR 1m 7.115 ML,-500000000.000000000000,ZAR,2018-03-14,2018-03-28,2018-06-28,Payer,7.115000000000,ZAR JIBAR 3M,MERRILL LYNCH INTERNATIONAL
BTG PACTUAL INTERNATIONAL B,EMEA (SP),Interest Rate Swaps,IRS,71020943,ZAR 1m 6.98 ML,500000000.000000000000,ZAR,2018-03-14,2018-03-29,2018-06-29,Receiver,6.980000000000,ZAR JIBAR 3M,MERRILL LYNCH INTERNATIONAL
BTG PACTUAL INTERNATIONAL B,EMEA (SP),Interest Rate Swaps,IRS,71022116,CZK 5y 1.6925 EURML,-105000000.000000000000,CZK,2018-03-16,2018-03-20,2023-03-20,Payer,1.692500000000,CZK PRIBOR 6M,MERRILL LYNCH INTERNATIONAL
BTG PACTUAL INTERNATIONAL B,EMEA (SP),Interest Rate Swaps,IRS,71025503,CZK 5y 1.6525 ML,-258000000.000000000000,CZK,2018-03-27,2018-03-29,2023-03-29,Payer,1.652500000000,CZK PRIBOR 6M,MERRILL LYNCH INTERNATIONAL
BTG PACTUAL INTERNATIONAL B,EMEA (SP),Interest Rate Swaps,IRS,71025504,CZK 5y 1.645 CITI,-264000000.000000000000,CZK,2018-03-27,2018-03-29,2023-03-29,Payer,1.645000000000,CZK PRIBOR 6M,CITIBANK NA
BTG PACTUAL INTERNATIONAL B,EMEA (SP),Interest Rate Swaps,IRS,71026700,CZK 5y 1.62,-264000000.000000000000,CZK,2018-03-29,2018-04-04,2023-04-04,Payer,1.620000000000,CZK PRIBOR 6M,CITIBANK NA
BTG PACTUAL INTERNATIONAL B,EMEA (SP),Interest Rate Swaps,IRS,71030127,CZK 5y 1.61 04/12/18,-252000000.000000000000,CZK,2018-04-10,2018-04-12,2023-04-12,Payer,1.610000000000,CZK PRIBOR 6M,CITIBANK NA
BTG PACTUAL INTERNATIONAL B,EMEA (SP),Interest Rate Swaps,IRS,71030468,CZK 5y 1.60 CITI 13apr8,-528000000.000000000000,CZK,2018-04-11,2018-04-13,2023-04-13,Payer,1.600000000000,CZK PRIBOR 6M,CITIBANK NA
BTG PACTUAL INTERNATIONAL B,EMEA (SP),Interest Rate Swaps,IRS,71032298,CZK 5y 1.58 18-abr CITI,-1320000000.000000000000,CZK,2018-04-18,2018-04-20,2022-04-20,Payer,1.580000000000,CZK PRIBOR 6M,CITIBANK NA
BTG PACTUAL INTERNATIONAL B,EMEA (SP),Interest Rate Swaps,IRS,71036253,ZAR 10y 7.765 ML,110190477.000000000000,ZAR,2018-05-02,2018-05-02,2028-05-02,Receiver,7.765000000000,ZAR JIBAR 3M,MERRILL LYNCH INTERNATIONAL
BTG PACTUAL INTERNATIONAL B,EMEA (SP),Interest Rate Swaps,IRS,71036702,ZAR 10y 7.845 ML,1714286.000000000000,ZAR,2018-05-04,2018-05-04,2028-05-04,Receiver,7.845000000000,ZAR JIBAR 3M,
BTG PACTUAL INTERNATIONAL B,EMEA (SP),Interest Rate Swaps,IRS,71038382,CZK 5y 1.765 INTB,220000000.000000000000,CZK,2018-05-11,2018-05-15,2023-05-15,Receiver,1.765000000000,CZK PRIBOR 6M,CITIBANK NA
BTG PACTUAL INTERNATIONAL B,EMEA (SP),Forward Forex,Forwards,71042900,USD/CZK 2018/05/31,-49649.669999999998,CZK,,,2018-05-31,,,,JP MORGAN CHASE BANK NA
BTG PACTUAL INTERNATIONAL B,EMEA (SP),Interest Rate Swaps,IRS,71042901,CZK 5y nomura 1.675,252000000.000000000000,CZK,2018-05-29,2018-05-31,2023-05-31,Receiver,1.675000000000,CZK PRIBOR 6M,NOMURA INTERNATIONAL PLC
BTG PACTUAL INTERNATIONAL B,LATAM_FX,Forex,FX,67601125,USD/MXN,1628166.043031022000,MXN,2009-01-06,,,,,,
BTG PACTUAL INTERNATIONAL B,LATAM_FX,Forex,FX,67601127,MXN/USD,-825499.959999999960,USD,2009-03-25,,,,,,DEUTSCHE
BTG PACTUAL INTERNATIONAL B,LATAM_FX,Forex,FX,67601139,USD/AUD,-65283.672599999350,AUD,2009-01-08,,,,,,
BTG PACTUAL INTERNATIONAL B,LATAM_FX,Forex,FX,67603200,EUR/USD,96838.339999997523,USD,2008-12-19,,,,,,
BTG PACTUAL INTERNATIONAL B,LATAM_FX,Forex,FX,67623701,USD/ZAR,408676.607479600760,ZAR,2009-02-09,,,,,,
BTG PACTUAL INTERNATIONAL B,LATAM_FX,Forex,FX,67662539,EUR/CZK,1200000.000000000000,CZK,2009-11-10,,,,,,
BTG PACTUAL INTERNATIONAL B,LATAM_FX,Forex,FX,67711139,USD/CZK,310946.907037400000,CZK,2009-11-13,,,,,,
BTG PACTUAL INTERNATIONAL B,LATAM_FX,Non Deliverable Forward Forex,Forwards,70155990,BRL/USD 2015/05/05 NDF,-0.079999998212,USD,2015-01-14,,2015-05-05,,,,
BTG PACTUAL INTERNATIONAL B,LATAM_FX,Interest Rate Futures,Futures,70257113,FFF6 Comdty,28.000000000000,USD,2015-03-16,,2016-01-29,,,,
BTG PACTUAL INTERNATIONAL B,LATAM_FX,Non Deliverable Forward Forex,Forwards,70524079,COP/USD 2015/11/27 NDF,0.299999713898,USD,2015-10-22,,2015-11-27,,,,
BTG PACTUAL INTERNATIONAL B,LATAM_FX,Exchange Rate Options,FX Options,71015043,EURpCZKc 25.40 21Nov18,19500000.000000000000,EUR,2018-02-21,,2018-11-21,,,,DEUTSCHE
BTG PACTUAL INTERNATIONAL B,LATAM_FX,Exchange Rate Options,FX Options,71015044,EURpCZKc 24.75 21Nov18,-19500000.000000000000,EUR,2018-02-21,,2018-11-21,,,,DEUTSCHE
BTG PACTUAL INTERNATIONAL B,LATAM_FX,Forward Forex,Forwards,71030570,USD/MXN 2018/06/04,-43829326.160000004000,MXN,,,2018-06-04,,,,
BTG PACTUAL INTERNATIONAL B,LATAM_FX,Non Deliverable Forward Forex,Forwards,71035451,CLP/USD 2018/06/04 NDF,-12085125000.000000000000,USD,2018-04-30,,2018-06-04,,,,
BTG PACTUAL INTERNATIONAL B,LATAM_FX,Non Deliverable Forward Forex,Forwards,71035455,COP/USD 2018/06/05 NDF,-1526400000.000000000000,USD,2018-04-30,,2018-06-05,,,,
BTG PACTUAL INTERNATIONAL B,LATAM_FX,Non Deliverable Forward Forex,Forwards,71036639,COP/USD 2018/06/07 NDF,251250000.000000000000,USD,2018-05-03,,2018-06-07,,,,CITIBANK NA
BTG PACTUAL INTERNATIONAL B,LATAM_FX,Forward Forex,Forwards,71036892,EUR/CZK 2018/06/11,-4800000.000000000000,CZK,,,2018-06-11,,,,
BTG PACTUAL INTERNATIONAL B,LATAM_FX,Non Deliverable Forward Forex,Forwards,71037094,COP/USD 2018/06/12 NDF,-599100000.000000000000,USD,2018-05-07,,2018-06-12,,,,
BTG PACTUAL INTERNATIONAL B,LATAM_FX,Non Deliverable Forward Forex,Forwards,71037420,CLP/USD 2018/06/11 NDF,-7658535178.500000000000,USD,2018-05-08,,2018-06-11,,,,
BTG PACTUAL INTERNATIONAL B,LATAM_FX,Exchange Rate Options,FX Options,71037825,USDpCOPc 2830 09Jul18,75000000.000000000000,USD,2018-05-09,,2018-07-09,,,,MORGAN STANLEY & CO INTERNATIONAL PLC
BTG PACTUAL INTERNATIONAL B,LATAM_FX,Non Deliverable Forward Forex,Forwards,71038204,CLP/USD 2018/06/14 NDF,68250000.000000000000,USD,2018-05-10,,2018-06-14,,,,CITIBANK NA
BTG PACTUAL INTERNATIONAL B,LATAM_FX,Non Deliverable Forward Forex,Forwards,71038473,COP/USD 2018/06/18 NDF,20512500000.000000000000,USD,2018-05-11,,2018-06-18,,,,
BTG PACTUAL INTERNATIONAL B,LATAM_FX,Non Deliverable Forward Forex,Forwards,71038483,ARS/USD 2018/06/15 NDF,1080000.000000000000,USD,2018-05-11,,2018-06-15,,,,BANCO SANTANDER SA
BTG PACTUAL INTERNATIONAL B,LATAM_FX,Exchange Rate Options,FX Options,71038808,USDpCLPc 618 14Jun18,75000000.000000000000,USD,2018-05-14,,2018-06-14,,,,GOLDMAN SACHS & CO
BTG PACTUAL INTERNATIONAL B,LATAM_FX,Non Deliverable Forward Forex,Forwards,71038846,CLP/USD 2018/06/18 NDF,-3825000.000000000000,USD,2018-05-14,,2018-06-18,,,,
BTG PACTUAL INTERNATIONAL B,LATAM_FX,Non Deliverable Forward Forex,Forwards,71039265,ARS/USD 2018/06/18 NDF,-75000.000000000000,USD,2018-05-15,,2018-06-18,,,,
BTG PACTUAL INTERNATIONAL B,LATAM_FX,Non Deliverable Forward Forex,Forwards,71039995,COP/USD 2018/06/21 NDF,-21738750000.000000000000,USD,2018-05-17,,2018-06-21,,,,
BTG PACTUAL INTERNATIONAL B,LATAM_FX,Non Deliverable Forward Forex,Forwards,71039998,ARS/USD 2018/06/21 NDF,-262500.000000000000,USD,2018-05-17,,2018-06-21,,,,
BTG PACTUAL INTERNATIONAL B,LATAM_FX,Non Deliverable Forward Forex,Forwards,71041165,COP/USD 2018/06/25 NDF,-772500000.000000000000,USD,2018-05-22,,2018-06-25,,,,
BTG PACTUAL INTERNATIONAL B,LATAM_FX,Non Deliverable Forward Forex,Forwards,71041538,ARS/USD 2018/06/29 NDF,112500.000000000000,USD,2018-05-23,,2018-06-29,,,,
BTG PACTUAL INTERNATIONAL B,LATAM_FX,Exchange Rate Options,FX Options,71041970,USDpMXNc 19 OT 14Jun18,1125000.000000000000,USD,2018-05-24,,2018-06-14,,,,DEUTSCHE BANK AG LONDON
BTG PACTUAL INTERNATIONAL B,LATAM_FX,Non Deliverable Forward Forex,Forwards,71041971,COP/USD 2018/06/29 NDF,-337500000.000000000000,USD,2018-05-24,,2018-06-29,,,,
BTG PACTUAL INTERNATIONAL B,LATAM_FX,Non Deliverable Forward Forex,Forwards,71041974,CLP/USD 2018/06/29 NDF,-81000000.000000000000,USD,2018-05-24,,2018-06-29,,,,
BTG PACTUAL INTERNATIONAL B,LATAM_FX,Forward Forex,Forwards,71042302,USD/MXN 2018/05/30,6288.919999999926,MXN,,,2018-05-30,,,,
BTG PACTUAL INTERNATIONAL B,LATAM_FX,Forward Forex,Forwards,71042303,USD/MXN 2018/06/29,-141123.219999998810,MXN,,,2018-06-29,,,,GOLDMAN SACHS & CO
BTG PACTUAL INTERNATIONAL B,LATAM_FX,Forward Forex,Forwards,71042986,USD/MXN 2018/06/01,-231202.610000000020,MXN,,,2018-06-01,,,,GOLDMAN SACHS & CO
BTG PACTUAL INTERNATIONAL B,MXN (SP),Forex,FX,67601125,USD/MXN,54985.219027143197,MXN,2009-01-06,,,,,,DEUTSCHE
BTG PACTUAL INTERNATIONAL B,MXN (SP),Interest Rate Futures,Futures,68332887,EDZ8 Comdty,1459.000000000000,USD,2014-01-09,,2018-12-17,,,,GOLDMAN SACHS & CO
BTG PACTUAL INTERNATIONAL B,MXN (SP),Interest Rate Futures,Futures,70515981,EDZ9 Comdty,-1459.000000000000,USD,2015-11-04,,2019-12-16,,,,GOLDMAN SACHS & CO
BTG PACTUAL INTERNATIONAL B,MXN (SP),Interest Rate Futures,Futures,70893224,FFF9 Comdty,-3605.000000000000,USD,2017-11-06,,2019-01-31,,,,
BTG PACTUAL INTERNATIONAL B,MXN (SP),Interest Rate Swaps,IRS,71004579,MXIRS BC 2Y 25Jan8 7.67,900000000.000000000000,MXN,2018-01-25,2018-01-26,2020-01-24,Receiver,7.670000000000,Mexico Interbank TIIE 28 day,
BTG PACTUAL INTERNATIONAL B,MXN (SP),Interest Rate Swaps,IRS,71004583,MXIRS BC 10Y 25Jan8 7.7,-156000000.000000000000,MXN,2018-01-25,2018-01-26,2028-01-14,Payer,7.745000000000,Mexico Interbank TIIE 28 day,
BTG PACTUAL INTERNATIONAL B,MXN (SP),Interest Rate Swaps,IRS,71004669,MXIRS DB 2Y 25Jan8 7.71,1479000000.000000000000,MXN,2018-01-25,2018-01-26,2020-01-24,Receiver,7.710000000000,Mexico Interbank TIIE 28 day,DEUTSCHE
BTG PACTUAL INTERNATIONAL B,MXN (SP),Interest Rate Swaps,IRS,71004670,MXIRS DB 5Y 25Jan8 7.54,-657000000.000000000000,MXN,2018-01-25,2018-01-26,2023-01-20,Payer,7.540000000000,Mexico Interbank TIIE 28 day,DEUTSCHE
BTG PACTUAL INTERNATIONAL B,MXN (SP),Interest Rate Swaps,IRS,71021608,MXIRS DB 3M 15Mar8 7.88,13152750000.000000000000,MXN,2018-03-15,2018-03-16,2018-06-08,Receiver,7.880000000000,Mexico Interbank TIIE 28 day,DEUTSCHE
BTG PACTUAL INTERNATIONAL B,MXN (SP),Interest Rate Futures,Futures,71022628,FFN8 Comdty,271.000000000000,USD,2018-03-22,,2018-07-31,,,,GOLDMAN SACHS & CO
BTG PACTUAL INTERNATIONAL B,MXN (SP),Interest Rate Futures,Futures,71022638,FFQ8 Comdty,3298.000000000000,USD,2018-05-24,,2018-08-31,,,,GOLDMAN SACHS & CO
BTG PACTUAL INTERNATIONAL B,MXN (SP),Interest Rate Swaps,IRS,71023203,MXIRS DB 3M 20Mar8 7.91,8970000000.000000000000,MXN,2018-03-20,2018-03-21,2018-06-13,Receiver,7.910000000000,Mexico Interbank TIIE 28 day,DEUTSCHE
BTG PACTUAL INTERNATIONAL B,MXN (SP),Interest Rate Swaps,IRS,71024170,MXIRS SR 4Y 22Mar8 7.50,-858000000.000000000000,MXN,2018-03-22,2018-03-23,2022-03-18,Payer,7.500000000000,Mexico Interbank TIIE 28 day,BANCO SANTANDER SA
BTG PACTUAL INTERNATIONAL B,MXN (SP),Interest Rate Swaps,IRS,71024682,MXIRS DB 3M 23Mar8 7.93,2600000000.000000000000,MXN,2018-03-23,2018-03-26,2018-06-18,Receiver,7.930000000000,Mexico Interbank TIIE 28 day,DEUTSCHE
BTG PACTUAL INTERNATIONAL B,MXN (SP),Interest Rate Swaps,IRS,71028195,MXIRS DB 2Y 04Apr8 7.55,1589250000.000000000000,MXN,2018-04-04,2018-04-05,2020-04-02,Receiver,7.550000000000,Mexico Interbank TIIE 28 day,
BTG PACTUAL INTERNATIONAL B,MXN (SP),Interest Rate Swaps,IRS,71028196,MXIRS DB 5Y 04Apr8 7.35,-702000000.000000000000,MXN,2018-04-04,2018-04-05,2023-03-30,Payer,7.350000000000,Mexico Interbank TIIE 28 day,DEUTSCHE
BTG PACTUAL INTERNATIONAL B,MXN (SP),Interest Rate Swaps,IRS,71030483,MXIRS DB 3M 11Apr8 7.88,58500000000.000000000000,MXN,2018-04-11,2018-04-12,2018-07-05,Receiver,7.888300000000,Mexico Interbank TIIE 28 day,DEUTSCHE
BTG PACTUAL INTERNATIONAL B,MXN (SP),Interest Rate Swaps,IRS,71033882,MXIRS SR 2Y 24Apr8 7.67,375000000.000000000000,MXN,2018-04-24,2018-04-25,2020-04-22,Receiver,7.675000000000,Mexico Interbank TIIE 28 day,
BTG PACTUAL INTERNATIONAL B,MXN (SP),Interest Rate Swaps,IRS,71034281,MXIRS BV 3M 25Apr8 7.89,6000000000.000000000000,MXN,2018-04-25,2018-04-26,2018-07-19,Receiver,7.890000000000,Mexico Interbank TIIE 28 day,BANCO BILBAO VIZCAYA ARGENTARIA SA
BTG PACTUAL INTERNATIONAL B,MXN (SP),Interest Rate Futures,Futures,71035976,FFV8 Comdty,-1262.000000000000,USD,2018-05-24,,2018-10-31,,,,GOLDMAN SACHS & CO
BTG PACTUAL INTERNATIONAL B,MXN (SP),Interest Rate Futures,Futures,71035981,FFX8 Comdty,1298.000000000000,USD,2018-05-18,,2018-11-30,,,,
BTG PACTUAL INTERNATIONAL B,MXN (SP),Interest Rate Swaps,IRS,71036584,MXIRS DB 3M 03May8 7.91,31125000000.000000000000,MXN,2018-05-03,2018-05-04,2018-07-27,Receiver,7.910000000000,Mexico Interbank TIIE 28 day,DEUTSCHE BANK AG LONDON
BTG PACTUAL INTERNATIONAL B,MXN (SP),Interest Rate Swaps,IRS,71036836,MXIRS BV 2Y 04May8 7.80,1875000000.000000000000,MXN,2018-05-04,2018-05-07,2020-05-04,Receiver,7.800000000000,Mexico Interbank TIIE 28 day,
BTG PACTUAL INTERNATIONAL B,MXN (SP),Interest Rate Swaps,IRS,71036837,MXIRS BV 3M 04May8 7.91,15656250000.000000000000,MXN,2018-05-04,2018-05-07,2018-07-30,Receiver,7.915000000000,Mexico Interbank TIIE 28 day,BANCO BILBAO VIZCAYA ARGENTARIA SA
BTG PACTUAL INTERNATIONAL B,MXN (SP),Interest Rate Swaps,IRS,71036838,MXIRS BV 3M 04May8 7.92,15656250000.000000000000,MXN,2018-05-04,2018-05-07,2018-07-30,Receiver,7.920000000000,Mexico Interbank TIIE 28 day,BANCO BILBAO VIZCAYA ARGENTARIA SA
BTG PACTUAL INTERNATIONAL B,MXN (SP),Interest Rate Swaps,IRS,71036845,MXIRS CT 3M 04May8 7.92,15600000000.000000000000,MXN,2018-05-04,2018-05-07,2018-07-30,Receiver,7.917500000000,Mexico Interbank TIIE 28 day,CITIBANK NA
BTG PACTUAL INTERNATIONAL B,MXN (SP),Interest Rate Swaps,IRS,71039988,MXIRS ML 3M 17May8 7.90,6150000000.000000000000,MXN,2018-05-17,2018-05-18,2018-08-10,Receiver,7.900000000000,Mexico Interbank TIIE 28 day,MERRILL LYNCH INTERNATIONAL
BTG PACTUAL INTERNATIONAL B,MXN (SP),Total Return Swaps,Swaps,71041497,MBon Jun22 7.66 25may18,845000000.000000000000,MXN,2018-05-23,2018-05-25,2018-06-25,Payer,7.100000000000,,BANCO SANTANDER SA
BTG PACTUAL INTERNATIONAL B,MXN (SP),Interest Rate Swaps,IRS,71042981,MXIRS GS 3M 29May8 7.98,6337500000.000000000000,MXN,2018-05-29,2018-05-30,2018-08-22,Receiver,7.980000000000,Mexico Interbank TIIE 28 day,GOLDMAN SACHS & CO