<?xml version="1.0"?>
<format xmlns:xsi="http://www.w3.org/2001/XMLSchema-instance"
	xmlns:xsd="http://www.w3.org/2001/XMLSchema" xmlns="http://www.sophis.net/richmarketadapter"
	name="FIXsample" type="FIX">
	<trade>
		<field id="BROKERSTRING" address="76"/>
		<field id="COUNTERPARTYSTRING" address="76"/> 		
		<field id="BACK ACCOUNT" address="6606"/>
		<field id="MAINSTRUMENTNAME" address="48"/>
		<field id="side" address="54">
			<binding sophis="BUY" external="1"/>
			<binding sophis="SELL" external="2"/>
			<binding sophis="BUY" external="3"/>
			<binding sophis="SELL" external="4"/>
			<binding sophis="SELL" external="5"/>
			<binding sophis="SELL" external="6"/>
		</field>
		<field id="NOTIONAL" address="32"/>
		<field id="SPOT" address="31"/>
		<field id="NEGOTIATIONTIME" address="60" pattern="yyyyMMdd-HH:mm:ss.FFF" timezone="UTC"/>
		<field id=" externalORDERREF" address="37"/>
		<field id="DEPOSITARYSTRING" default="UBS PB DEPOSITARY"/>
	<!--	<field id="VALUEDATE" address="64" pattern="yyyyMMdd" timezone="UTC"/> -->
		<field id="USERSTRING" address="6606">
			<binding sophis="Bob Pearsall" external="tw_bpearsall1"/>
			<binding sophis="Michael Grant" external="tw_mgrant2"/>	
			<binding sophis="Eugen Jerbic" external="tw_ejerbic1"/>		
			<binding sophis="John Roos" external="tw_jroos2"/>
			<binding sophis="Vikrant Manwatkar" external="tw_vmanwatk"/>
			<binding sophis="wrose" external="tw_brose4"/>
			<binding sophis="Romain Blanchard" external="rblanchard"/> 	
			<binding sophis="Olivier Chazalon" external="ochazalon"/>
			<binding sophis="Bertrand Divet" external="bdivet2"/>
			<binding sophis="Olivier Chermette" external="ochermette"/>

			<!--Cleanup 2016 removed May-04 if no isses this block can be deleted-->
			<!--binding sophis="David Martin" external="tw_dmartin6"/>
			<binding sophis="William Li" external="tw_wli1"/>
			<binding sophis="Gary Mendelsohn" external="tw_gmendelsohn"/>
			<binding sophis="John Gallagher" external="tw_jgallag2"/>
			<binding sophis="Marc Dolfman" external="tw_mdolfman3"/>
			<binding sophis="Alessio Farhadi" external="afarhadi"/>
			<binding sophis="Lee Ellis" external="lellis1"/>
			<binding sophis="Neil Callan" external="ncallan1"/>
			<binding sophis="Peter Allem" external="pallem2"/>
			<binding sophis="Robbie Newman" external="rnewman6"/>
			<binding sophis="Jan Keller" external="jkeller4"/>
			<binding sophis="Scott Willson" external="scottw"/>
			<binding sophis="Ryan Harper" external="rharper"/>
			<binding sophis="Stephane Delacote" external="sdelacote"/>
			<binding sophis="Nicolas Dusart" external="tw_ndusart2"/>			
			<binding sophis="Addison Sherman" external="tw_asherman"/> 
			<binding sophis="Karsten Filt" external="kfilt2"/>      -->   
			 
		
		</field>
	</trade>
	<common>
		<field id="universal" default="TW_CUSIP" address="20">
	        <binding sophis="TW_CUSIP" external="0"/>
	        <binding sophis="TW_CUSIP" external="2"/>
	        <binding sophis="TW_CUSIP" external="3"/>
	        <binding sophis="TW_CUSIP" external="4"/>
	        <binding sophis="TW_CUSIP" external="5"/>
	        <binding sophis="TW_CUSIP" external="6"/>
	        <binding sophis="TW_CUSIP" external="7"/>
	        <binding sophis="TW_CUSIP" external="8"/>
	        <binding sophis="TW_CUSIP" external="9"/>
	        <binding sophis="TW_CUSIP" external="A"/>
	        <binding sophis="TW_CUSIP" external="B"/>
	        <binding sophis="TW_CUSIP" external="C"/>
	        <binding sophis="TW_CUSIP" external="D"/>
	        <binding sophis="TW_CUSIP" external="E"/>
		</field>
	</common>
</format>


