﻿Template,InstrumentType,CSVVersion,Client,Fund,SubFund,Counterparty,TradeType,TradeReference,ClientRefID2,ClientRefID3,ContractVersion,StrategyCode,LinkedDeals1,LinkedDeals2,ClientAssetID,TradeDate,ExpiryDate,BuyerParty,Currency1,Currency2,OptionType,OptionStyle,StrikeRate(Currency2perCurrency1),Currency1Amount,Currency2Amount,SettlementType,SettlementCurrency,FirstExerciseDate,ExpiryExerciseTime,ExerciseLocation,PremiumPaymentCurrency,PremiumPaymentAmount,PremiumPayer,PremiumPaymentDate,CentralCounterparty,ClearedDealID,ClearedAssetID,ClearedPositionID,ClearingBroker,ExecutingBroker,ClearingCommissionsAmount1,ClearingCommissionsPayer1,ClearingCommissionsReceiver1,ClearingCommissionsCurrency1,ClearingCommissionsPaymentDate1,ClearingCommissionsPaymentType1,Outstanding Notional,Outstanding Notional Currency,Change in Notional,Change in Notional Currency,Outstanding Number of Options,Change in Number of Options,Outstanding Units,Change in Number of Units,Effective Date,Fee Payer,Fee Receiver,Fee Currency,Fee Amount,Fee Payment Date,Price
,FX-OPTION,1.1,BTGLONDON,440652,440652,MS,NEW,5486028,,,1,,,,,2018-08-14,2018-08-16,MS,EUR,USD,CALL,European,1.180000,1000.000000000000,1180,Cash,EUR,,12:00:00,DEFAULT,EUR,0.000000000000,,2018-08-16,,,,,,,,,,,,,,,,,,,,,,,,,,,
,FX-OPTION,1.1,BTGLONDON,440652,440652,MS,FullTermination,5486027,,,4,,,,,2018-08-14,,,,,,,,,,,,,,,,,,,,,,,,,,,,,,,0,,,,,,,,2018-08-14,MS,BTGLONDON,EUR,0,,0.003189746986
,FX-OPTION,1.1,BTGLONDON,440652,440652,MS,PartTermination,5486027,,,3,,,,,2018-08-14,,,,,,,,,,,,,,,,,,,,,,,,,,,,,,,,,-100.000000000000,EUR,,,,,2018-08-14,MS,BTGLONDON,EUR,0,,0.003189746986
,FX-OPTION,1.1,BTGLONDON,440652,440652,MS,ADDON,5486027,,,2,,,,,2018-08-14,,,,,,,,,,,,,,,,,,,,,,,,,,,,,,,,,100.000000000000,EUR,,,,,2018-08-14,BTGLONDON,MS,EUR,0,,0.003189746986
,FX-OPTION,1.1,BTGLONDON,440652,440652,MS,NEW,5486027,,,1,,,,,2018-08-14,2018-12-21,BTGLONDON,EUR,GBP,CALL,European,.950000,1000.000000000000,950,Physical,EUR,,12:00:00,DEFAULT,EUR,3.190000000000,BTGLONDON,2018-08-16,,,,,,,,,,,,,,,,,,,,,,,,,,,
,FX-OPTION,1.1,BTGLONDON,440652,440652,MS,ADDON,5486029,,,2,,,,,2018-08-14,,,,,,,,,,,,,,,,,,,,,,,,,,,,,,,,,200.000000000000,USD,,,,,2018-08-14,BTGLONDON,MS,USD,0,,4.215675742449
,FX-OPTION,1.1,BTGLONDON,440652,440652,MS,NEW,5486029,,,1,,,,,2018-08-14,2018-09-26,BTGLONDON,USD,CLP,CALL,European,660.000000,2000.000000000000,1320000,Cash,USD,,12:00:00,DEFAULT,USD,8431.350000000000,BTGLONDON,2018-08-17,,,,,,,,,,,,,,,,,,,,,,,,,,,