<?xml version="1.0" encoding="UTF-8"?>
<UVMiFIRDocument
    xmlns="urn:uv:xsd:unavista.mifir.iso20022.001.001.001">
    <UVHeader>
        <UVHeader
            xmlns="unavista.header.001.001.001">
            <InternalClientId>LSE_UV_123456</InternalClientId>
            <DataCategory>London Source system</DataCategory>
            <SubmittingEntityID>213800IV9PCAC364HN60</SubmittingEntityID>
           <SequencingInformation>
                <EntityID>7LTWFZYICNSX8D621K89</EntityID> <!--Mandatory-String: Overall entity that this sequence is a part of-->
                <MessageID>S9895507L105</MessageID> <!--Mandatory-String: Unique MessageId which should be unique for each message within the Entity (EntityID)-->
				<PreviousMessageID>S9895507L104</PreviousMessageID> <!--Optional-String: Reference to the MessageID of the message that should be processed before this message-->
                <SentDate>2017-02-08T10:51:13.618</SentDate><!--Optional-DateTime: Datetime that the message was sent-->
                <SequenceRestartFlag>false</SequenceRestartFlag><!--Mandatory-Boolean: Flag to indicate if the message sequence needs to be reset-->
            </SequencingInformation>
        </UVHeader>
    </UVHeader>
    <Document>
        <Document
            xmlns="urn:iso:std:iso:20022:tech:xsd:DRAFT15auth.016.001.01">
            <FinInstrmRptgTxRpt>
                <Tx>
                    <New>
                        <TxId>CW45X2W1H6P5R755231U2R74R7Z5FZ725D</TxId>
                        <ExctgPty>LJOKWXBU94F89982RD03</ExctgPty>
                        <InvstmtPtyInd>true</InvstmtPtyInd>
                        <SubmitgPty>UP6S1SLLY7W73FNKAO37</SubmitgPty>
                        <Buyr>
                            <AcctOwnr>
                                <Id>
                                    <LEI>86LOBRPIS25EW00KGB56</LEI>
                                </Id>
                            </AcctOwnr>
                            <AcctOwnr>
                                <Id>
                                    <MIC>MUS5</MIC>
                                </Id>
                            </AcctOwnr>
                        </Buyr>
                        <Sellr>
                            <AcctOwnr>
                                <Id>
                                    <LEI>A9OPQGPEWS4LLFSXI554</LEI>
                                </Id>
                                <CtryOfBrnch>FD</CtryOfBrnch>
                            </AcctOwnr>
                        </Sellr>
                        <OrdrTrnsmssn>
                            <TrnsmssnInd>true</TrnsmssnInd>
                            <TrnsmttgSellr>K6TAMS40X69BBLXJ9G90</TrnsmttgSellr>
                        </OrdrTrnsmssn>
                        <Tx>
                            <TradDt>2017-03-06T15:48:56.594Z</TradDt>
                            <TradgCpcty>AOTC</TradgCpcty>
                            <Qty>
                                <MntryVal Currency="OKP">1463091651.76</MntryVal>
                            </Qty>
                            <Pric>
                                <NoPric>
                                    <Pdg>PNDG</Pdg>
                                </NoPric>
                            </Pric>
                            <NetAmt>1178017004.56</NetAmt>
                            <TradVn>B4C8</TradVn>
                            <CtryOfBrnch>FX</CtryOfBrnch>
                            <UpFrntPmt>
                                <Amt Ccy="EUR">430587438.32</Amt>
                            </UpFrntPmt>
                            <CmplxTradCmpntId>4B8S019E2F</CmplxTradCmpntId>
                        </Tx>
                        <FinInstrm>
                            <Othr>
                                <FinInstrmGnlAttrbts>
                                    <FullNm>INST123</FullNm>
                                    <ClssfctnTp>AAABBB</ClssfctnTp>
                                </FinInstrmGnlAttrbts>
                                <DerivInstrmAttrbts>
                                    <PricMltplr>12</PricMltplr>
                                                               <UndrlygInstrm>
                                        <!-- Choice of either <Swp> or <Othr> -->
                                        <Swp>
                                            <SwpIn>
                                                <!--Choice of either <Sngl> or <Bskt> -->
                                                <Sngl>
                                                    <!-- Choice of either <ISIN> or <Indx> -->
                                                    <ISIN>DE000A0EPUH1</ISIN>
                                                </Sngl>
                                            </SwpIn>
                                            <SwpOut>
                                                <!--Choice of either <Sngl> or <Bskt> -->
                                                <Bskt>
                                                    <Indx>
                                                        <ISIN>DE000A0EPUH4</ISIN>
                                                        <Nm>
                                                            <RefRate>
                                                                <Indx>TREA</Indx>
                                                            </RefRate>
                                                            <Term>
                                                                <Unit>DAYS</Unit>
                                                                <Val>3</Val>
                                                            </Term>
                                                        </Nm>
                                                    </Indx>
                                                    <Indx>
                                                        <ISIN>DE000A0EPUH4</ISIN>
                                                        <Nm>
                                                            <RefRate>
                                                                <Indx>LIBO</Indx>
                                                            </RefRate>
                                                            <Term>
                                                                <Unit>DAYS</Unit>
                                                                <Val>3</Val>
                                                            </Term>
                                                        </Nm>
                                                    </Indx>
                                                    <Indx>
                                                        <ISIN>DE000A0EPUH4</ISIN>
                                                        <Nm>
                                                            <RefRate>
                                                                <Nm>TEST123</Nm>
                                                            </RefRate>
                                                            <Term>
                                                                <Unit>DAYS</Unit>
                                                                <Val>3</Val>
                                                            </Term>
                                                        </Nm>
                                                    </Indx>
                                                </Bskt>
                                            </SwpOut>
                                        </Swp>
                                        <!--<Othr>
											Choice of either <Sngl> or <Bskt>
											<Bskt>
                                                <ISIN>DE000A0EPUH6</ISIN>
                                                <ISIN>DE000A0EPUH7</ISIN>
                                                <ISIN>DE000A0EPUH8</ISIN>
                                                <ISIN>DE000A0EPUH9</ISIN>
                                            </Bskt>
                                        </Othr>-->
                                    </UndrlygInstrm>
                                    <DlvryTp>CASH</DlvryTp>
                                </DerivInstrmAttrbts>
                            </Othr>
                        </FinInstrm>
                        <InvstmtDcsnPrsn>
                            <Algo>DZ11XXZ111P8XZ2OP1T904MDBH213O6H55</Algo>
                        </InvstmtDcsnPrsn>
                        <ExctgPrsn>
                            <Prsn>
                                <CtryOfBrnch>LE</CtryOfBrnch>
                                <Othr>
                                    <Id>WZ73601587GPFNXFJZWC</Id>
                                    <SchmeNm>
                                        <Cd>NIDN</Cd>
                                    </SchmeNm>
                                </Othr>
                            </Prsn>
                        </ExctgPrsn>
                        <AddtlAttrbts>
                            <WvrInd>OILQ</WvrInd>
                            <WvrInd>SIZE</WvrInd>
                            <SctiesFincgTxInd>false</SctiesFincgTxInd>
                        </AddtlAttrbts>
                    </New>
                </Tx>
            </FinInstrmRptgTxRpt>
        </Document>
    </Document>
</UVMiFIRDocument>