<?xml version="1.0" encoding="UTF-8"?>
<UVMiFIRDocument
    xmlns="urn:uv:xsd:unavista.mifir.iso20022.001.001.001">
    <UVHeader>
        <UVHeader
            xmlns="unavista.header.001.001.001">
            <InternalClientId>LSE_UV_1</InternalClientId>
            <DataCategory>London Source system</DataCategory>
            <SubmittingEntityID>213800IV9PCAC364HN60</SubmittingEntityID>
        </UVHeader>
    </UVHeader>
    <Document>
        <Document
            xmlns="urn:iso:std:iso:20022:tech:xsd:DRAFT15auth.016.001.01">
            <FinInstrmRptgTxRpt>
                <Tx>
                    <New>
                        <TxId>CW45X2W1H6P5R755231U2R74R7Z5FZ725D</TxId>
                        <ExctgPty>213800D1EI4B9WTWWD28</ExctgPty>
                        <InvstmtPtyInd>true</InvstmtPtyInd>
                        <SubmitgPty>UP6S1SLLY7W73FNKAO37</SubmitgPty>
     			<Buyr>
                            <AcctOwnr>
                                <Id>
                                    <LEI>213800D1EI4B9WTWWD28</LEI>
                                </Id>
                            </AcctOwnr>
                            <AcctOwnr>
                                <Id>
                                    <MIC>XLON</MIC>
                                </Id>
                            </AcctOwnr>
                        </Buyr>
                        <Sellr>
                            <AcctOwnr>
                                <Id>
                                    <LEI>213800D1EI4B9WTWWD28</LEI>
                                </Id>
                                <CtryOfBrnch>GB</CtryOfBrnch>
                            </AcctOwnr>
                        </Sellr>
                        <OrdrTrnsmssn>
                            <TrnsmssnInd>true</TrnsmssnInd>
                            <TrnsmttgSellr>213800D1EI4B9WTWWD28</TrnsmttgSellr>
                        </OrdrTrnsmssn>
                        <Tx>
                            <TradDt>2017-03-06T15:48:56.594Z</TradDt>
                            <TradgCpcty>AOTC</TradgCpcty>
                            <Qty>
                                <MntryVal Currency="GBP">123.45</MntryVal>
                            </Qty>
                            <Pric>
							<Pric>
                                <MntryVal>
                                    <Amt Ccy="GBP">987.65</Amt>
                                </MntryVal>
</Pric>
								</Pric>
                            <NetAmt>1178017004.56</NetAmt>
                            <TradVn>XLON</TradVn>
                            <CtryOfBrnch>GB</CtryOfBrnch>
                            <UpFrntPmt>
                                <Amt Ccy="EUR">430587438.32</Amt>
                            </UpFrntPmt>
                            <CmplxTradCmpntId>4B8S019E2F</CmplxTradCmpntId>
                        </Tx>
                        <FinInstrm>
				<Id>GB00B0SWJX34</Id>
                        </FinInstrm>
                        <InvstmtDcsnPrsn>
                            <Algo>DZ11XXZ111P8XZ2OP1T904MDBH213O6H55</Algo>
                        </InvstmtDcsnPrsn>
                        <ExctgPrsn>
                            <Prsn>
                                <CtryOfBrnch>GB</CtryOfBrnch>
                                <Othr>
                                    <Id>GB73601587GPFNXFJZWC</Id>
                                    <SchmeNm>
                                        <Cd>NIDN</Cd>
                                    </SchmeNm>
                                </Othr>
                            </Prsn>
                        </ExctgPrsn>
                        <AddtlAttrbts>
                            <WvrInd>RFPT</WvrInd>
                            <SctiesFincgTxInd>1</SctiesFincgTxInd>
                        </AddtlAttrbts>
                    </New>
                </Tx>
            </FinInstrmRptgTxRpt>
        </Document>
    </Document>
</UVMiFIRDocument>