2001,OPTION,NEW,03142006,2001,,DB,SELL,3566000.00,USD,GBP,07052006,1.78300,GBPUSD,06302006,1000,New York,Vanilla,E,1250.75,USD,03162006,Call,,,,,,,,,,REGULAR,,,,Prime Broker,,,,Option Flat,2000000.00
2001,OPTIONSPLIT,NEW,03142006,2001,FUND1,3566000.00,,2000000.00
2002,OPTION,NEW,03142006,2002,,DB,BUY,1745000.00,USD,GBP,07052006,1.74500,GBPUSD,06302006,1000,New York,Vanilla,E,675.80,USD,03162006,Call,,,,,,,,,,REGULAR,,,,Prime Broker,,,,Option Flat,1000000.00
2002,OPTIONSPLIT,NEW,03142006,2002,FUND2,1745000.00,,1000000.00
2003,OPTION,NEW,02222007,2003,,DB,BUY,1000.00,EUR,JPY,03122007,158.5,EURJPY,03082007,1000,New York,Single,E,120.8,USD,02262007,Call,UO,161.6,,JPY,0,,Maturity,,,REGULAR,,,,Prime Broker,,,,Option Flat,158500.00
2003,OPTIONSPLIT,NEW,02222007,2003,FUND1,1000.00,,158500.00
2004,OPTION,NEW,02222007,2004,,DB,BUY,1000.00,EUR,JPY,03122007,158.5,EURJPY,03082007,1000,New York,Double,E,99.85,USD,02262007,Call,UO,161.6,168.5,JPY,0,,Maturity,,,REGULAR,,,,Prime Broker,,,,Option Flat,158500.00
2004,OPTIONSPLIT,NEW,02222007,2004,FUND2,1000.00,,158500.00
2005,OPTION,NEW,01252007,2005,,DB,BUY,10000,EUR,USD,02282007,1.5,EURUSD,02262007,1000,New York,Digital,E,365,USD,01292007,Put,DI,1.265,,,,,,EUR,10000,REGULAR,,,,Prime Broker,,,,Option Flat,15000.00
2005,OPTIONSPLIT,NEW,01252007,2005,FUND1,10000,,15000.00
